apex autonomous stack loop
run_id=github-real-stack
spark_target=4.1.2
compose_file=C:\Users\Guest\actions-runner-apex-workspace\_work\apex-workspace\apex-workspace\docker-compose.autonomous.yml

## generate before job
$ C:\Program Files\Python311\python.exe C:\Users\Guest\actions-runner-apex-workspace\_work\apex-workspace\apex-workspace\pacote-comum\generators\code_generator.py C:\Users\Guest\actions-runner-apex-workspace\_work\apex-workspace\apex-workspace\pacote-comum\scenarios\skew_on_join_30x.yaml C:\Users\Guest\actions-runner-apex-workspace\_work\apex-workspace\apex-workspace\evidence\generated\f7-autonomous-loop\github-real-stack\skew_on_join_30x_before.py
âœ… C:\Users\Guest\actions-runner-apex-workspace\_work\apex-workspace\apex-workspace\evidence\generated\f7-autonomous-loop\github-real-stack\skew_on_join_30x_before.py gerado. Anti-pattern na linha 20. Manifesto: C:\Users\Guest\actions-runner-apex-workspace\_work\apex-workspace\apex-workspace\evidence\generated\f7-autonomous-loop\github-real-stack\skew_on_join_30x_before.meta.json (hash sha256:288c6f65d4f11e93)
exit_code=0

## build listener jar
$ docker run --rm --user root -v C:\Users\Guest\actions-runner-apex-workspace\_work\apex-workspace\apex-workspace\listener-jvm:/work -v C:\Users\Guest\actions-runner-apex-workspace\_work\apex-workspace\apex-workspace\evidence\generated\f7-autonomous-loop\github-real-stack\listener:/out -w /work spark-plat-v0-spark:4.1.2 /bin/sh -lc rm -rf /tmp/apex-listener-build && mkdir -p /tmp/apex-listener-build/classes && javac -cp '/opt/spark/jars/*' -d /tmp/apex-listener-build/classes $(find src/main/java -name '*.java') && jar cf /tmp/apex-listener-build/apex-spark-listener-0.1.0.jar -C /tmp/apex-listener-build/classes . && rm -rf /out/apex-spark-listener-0.1.0.jar && cp /tmp/apex-listener-build/apex-spark-listener-0.1.0.jar /out/apex-spark-listener-0.1.0.jar
exit_code=0
listener_jar=C:\Users\Guest\actions-runner-apex-workspace\_work\apex-workspace\apex-workspace\evidence\generated\f7-autonomous-loop\github-real-stack\listener\apex-spark-listener-0.1.0.jar
APEX_LISTENER_JAR_PATH=C:\Users\Guest\actions-runner-apex-workspace\_work\apex-workspace\apex-workspace\evidence\generated\f7-autonomous-loop\github-real-stack\listener\apex-spark-listener-0.1.0.jar

## compose build/up
$ docker compose -f C:\Users\Guest\actions-runner-apex-workspace\_work\apex-workspace\apex-workspace\docker-compose.autonomous.yml build spark-master spark-worker
#1 [internal] load local bake definitions
#1 reading from stdin 695B 0.1s done
#1 DONE 0.1s

#2 [internal] load build definition from Dockerfile
#2 transferring dockerfile:
#2 transferring dockerfile: 263B 0.4s done
#2 DONE 0.8s

#3 [internal] load metadata for docker.io/library/spark-plat-v0-spark:4.1.2
#3 DONE 2.0s

#4 [internal] load .dockerignore
#4 transferring context:
#4 transferring context: 2B 0.1s done
#4 DONE 0.4s

#5 [internal] load build context
#5 transferring context: 171B 0.1s done
#5 DONE 0.3s

#6 [1/3] FROM docker.io/library/spark-plat-v0-spark:4.1.2@sha256:7228e032dffecb75d50bc393e52cd234bc105e8c8243f1e4b478e3026570ee79
#6 resolve docker.io/library/spark-plat-v0-spark:4.1.2@sha256:7228e032dffecb75d50bc393e52cd234bc105e8c8243f1e4b478e3026570ee79
#6 resolve docker.io/library/spark-plat-v0-spark:4.1.2@sha256:7228e032dffecb75d50bc393e52cd234bc105e8c8243f1e4b478e3026570ee79 0.3s done
#6 DONE 0.5s

#7 [2/3] RUN mkdir -p /opt/apex/listener
#7 CACHED

#8 [3/3] COPY docker/autonomous/spark/spark-defaults.conf /opt/spark/conf/spark-defaults.conf
#8 CACHED

#9 exporting to image
#9 exporting layers
#9 exporting layers 0.3s done
#9 exporting manifest sha256:caefaec3daf171ddbb8e3881ce8de48f122503c77bba599998548cf4f14dabd7 0.1s done
#9 exporting config sha256:ae1ad532d7a98bc9bd2d35e7c9f3108bd58b08100a5cd730b7b0f973b1f4fbbe 0.0s done
#9 exporting attestation manifest sha256:ada988077af6747718fb1fc034373a0e25c40cb137a7fede0346a68437af44a9
#9 exporting attestation manifest sha256:ada988077af6747718fb1fc034373a0e25c40cb137a7fede0346a68437af44a9 0.8s done
#9 exporting manifest list sha256:12e9e189b00d87439e4877ddb5bd26b82a0d887bc15a44304f78c06c030432fe
#9 exporting manifest list sha256:12e9e189b00d87439e4877ddb5bd26b82a0d887bc15a44304f78c06c030432fe 0.3s done
#9 naming to docker.io/library/apex-autonomous-spark:4.1.2-s3a 0.0s done
#9 unpacking to docker.io/library/apex-autonomous-spark:4.1.2-s3a
#9 unpacking to docker.io/library/apex-autonomous-spark:4.1.2-s3a 0.2s done
#9 DONE 2.9s

#10 resolving provenance for metadata file
#10 DONE 0.7s
 Image apex-autonomous-spark:4.1.2-s3a Building 
 Image apex-autonomous-spark:4.1.2-s3a Built
exit_code=0
$ docker compose -f C:\Users\Guest\actions-runner-apex-workspace\_work\apex-workspace\apex-workspace\docker-compose.autonomous.yml up -d
 Container apex-autonomous-clickhouse Running 
 Container apex-autonomous-minio Running 
 Container apex-autonomous-spark-master Recreate 
 Container apex-autonomous-spark-master Recreated 
 Container apex-autonomous-spark-worker Recreate 
 Container apex-autonomous-spark-worker Recreated 
 Container apex-autonomous-minio Waiting 
 Container apex-autonomous-minio Healthy 
 Container apex-autonomous-minio-init Starting 
 Container apex-autonomous-minio-init Started 
 Container apex-autonomous-minio-init Waiting 
 Container apex-autonomous-minio-init Exited 
 Container apex-autonomous-spark-master Starting 
 Container apex-autonomous-spark-master Started 
 Container apex-autonomous-spark-worker Starting 
 Container apex-autonomous-spark-worker Started
exit_code=0
$ docker compose -f C:\Users\Guest\actions-runner-apex-workspace\_work\apex-workspace\apex-workspace\docker-compose.autonomous.yml ps
NAME                           IMAGE                                              COMMAND                  SERVICE        CREATED          STATUS                  PORTS
apex-autonomous-clickhouse     clickhouse/clickhouse-server:26.5.1                "/entrypoint.sh"         clickhouse     2 hours ago      Up 2 hours (healthy)    0.0.0.0:38123->8123/tcp, [::]:38123->8123/tcp, 0.0.0.0:39000->9000/tcp, [::]:39000->9000/tcp
apex-autonomous-minio          quay.io/minio/minio:RELEASE.2025-09-07T16-13-09Z   "/usr/bin/docker-ent…"   minio          10 hours ago     Up 10 hours (healthy)   0.0.0.0:39001->9000/tcp, [::]:39001->9000/tcp, 0.0.0.0:39002->9001/tcp, [::]:39002->9001/tcp
apex-autonomous-spark-master   apex-autonomous-spark:4.1.2-s3a                    "/opt/entrypoint.sh …"   spark-master   37 seconds ago   Up 8 seconds            0.0.0.0:37077->7077/tcp, [::]:37077->7077/tcp, 0.0.0.0:38080->8080/tcp, [::]:38080->8080/tcp
apex-autonomous-spark-worker   apex-autonomous-spark:4.1.2-s3a                    "/opt/entrypoint.sh …"   spark-worker   26 seconds ago   Up 4 seconds            0.0.0.0:38081->8081/tcp, [::]:38081->8081/tcp
exit_code=0

## submit before
$ docker cp C:\Users\Guest\actions-runner-apex-workspace\_work\apex-workspace\apex-workspace\evidence\generated\f7-autonomous-loop\github-real-stack\skew_on_join_30x_before.py apex-autonomous-spark-master:/tmp/apex-f7-before.py
exit_code=0
$ docker exec apex-autonomous-spark-master /opt/spark/bin/spark-submit --master spark://spark-master:7077 /tmp/apex-f7-before.py
WARNING: Using incubator modules: jdk.incubator.vector
26/07/19 03:19:28 WARN NativeCodeLoader: Unable to load native-hadoop library for your platform... using builtin-java classes where applicable
26/07/19 03:19:55 INFO SparkContext: Running Spark version 4.1.2
26/07/19 03:19:55 INFO SparkContext: OS info Linux, 6.18.33.2-microsoft-standard-WSL2, amd64
26/07/19 03:19:55 INFO SparkContext: Java version 17.0.19+10
26/07/19 03:19:55 INFO ResourceUtils: ==============================================================
26/07/19 03:19:55 INFO ResourceUtils: No custom resources configured for spark.driver.
26/07/19 03:19:55 INFO ResourceUtils: ==============================================================
26/07/19 03:19:55 INFO SparkContext: Submitted application: skew_on_join_30x
26/07/19 03:19:56 INFO SecurityManager: Changing view acls to: spark
26/07/19 03:19:56 INFO SecurityManager: Changing modify acls to: spark
26/07/19 03:19:56 INFO SecurityManager: Changing view acls groups to: spark
26/07/19 03:19:56 INFO SecurityManager: Changing modify acls groups to: spark
26/07/19 03:19:56 INFO SecurityManager: SecurityManager: authentication disabled; ui acls disabled; users with view permissions: spark groups with view permissions: EMPTY; users with modify permissions: spark; groups with modify permissions: EMPTY; RPC SSL disabled
26/07/19 03:19:59 INFO Utils: Successfully started service 'sparkDriver' on port 41633.
26/07/19 03:19:59 INFO SparkEnv: Registering MapOutputTracker
26/07/19 03:20:00 INFO SparkEnv: Registering BlockManagerMaster
26/07/19 03:20:00 INFO BlockManagerMasterEndpoint: Using org.apache.spark.storage.DefaultTopologyMapper for getting topology information
26/07/19 03:20:00 INFO BlockManagerMasterEndpoint: BlockManagerMasterEndpoint up
26/07/19 03:20:00 INFO SparkEnv: Registering BlockManagerMasterHeartbeat
26/07/19 03:20:00 INFO DiskBlockManager: Created local directory at /tmp/blockmgr-e474fb8d-472f-44e4-810f-6e022fbe2ba4
26/07/19 03:20:01 INFO SparkEnv: Registering OutputCommitCoordinator
26/07/19 03:20:02 INFO JettyUtils: Start Jetty 0.0.0.0:4040 for SparkUI
26/07/19 03:20:03 INFO Server: jetty-11.0.26; built: 2025-08-14T18:03:14.457Z; git: 7559873b6e46eea7c2c6da2b58327ea2ecf941f4; jvm 17.0.19+10
26/07/19 03:20:03 INFO Server: Started Server@3687855c{STARTING}[11.0.26,sto=30000] @102479ms
26/07/19 03:20:04 INFO AbstractConnector: Started ServerConnector@6a08a200{HTTP/1.1, (http/1.1)}{0.0.0.0:4040}
26/07/19 03:20:04 INFO Utils: Successfully started service 'SparkUI' on port 4040.
26/07/19 03:20:04 INFO ContextHandler: Started o.s.j.s.ServletContextHandler@6c97b17a{/,null,AVAILABLE,@Spark}
26/07/19 03:20:04 INFO SparkContext: Added JAR file:///opt/apex/listener/apex-spark-listener-0.1.0.jar at spark://ca7dbfa70445:41633/jars/apex-spark-listener-0.1.0.jar with timestamp 1784431195355
26/07/19 03:20:05 INFO ResourceProfile: Default ResourceProfile created, executor resources: Map(memory -> name: memory, amount: 3072, script: , vendor: , offHeap -> name: offHeap, amount: 0, script: , vendor: ), task resources: Map(cpus -> name: cpus, amount: 1.0)
26/07/19 03:20:05 INFO ResourceProfile: Limiting resource is cpu
26/07/19 03:20:05 INFO ResourceProfileManager: Added ResourceProfile id: 0
26/07/19 03:20:05 INFO SecurityManager: Changing view acls to: spark
26/07/19 03:20:05 INFO SecurityManager: Changing modify acls to: spark
26/07/19 03:20:05 INFO SecurityManager: Changing view acls groups to: spark
26/07/19 03:20:05 INFO SecurityManager: Changing modify acls groups to: spark
26/07/19 03:20:05 INFO SecurityManager: SecurityManager: authentication disabled; ui acls disabled; users with view permissions: spark groups with view permissions: EMPTY; users with modify permissions: spark; groups with modify permissions: EMPTY; RPC SSL disabled
26/07/19 03:20:08 INFO StandaloneAppClient$ClientEndpoint: Connecting to master spark://spark-master:7077...
26/07/19 03:20:08 INFO TransportClientFactory: Successfully created connection to spark-master/172.19.0.3:7077 after 286 ms (0 ms spent in bootstraps)
26/07/19 03:20:12 INFO StandaloneSchedulerBackend: Connected to Spark cluster with app ID app-20260719032011-0000
26/07/19 03:20:12 INFO Utils: Successfully started service 'org.apache.spark.network.netty.NettyBlockTransferService' on port 42107.
26/07/19 03:20:12 INFO NettyBlockTransferService: Server created on ca7dbfa70445:42107
26/07/19 03:20:12 INFO BlockManager: Using org.apache.spark.storage.RandomBlockReplicationPolicy for block replication policy
26/07/19 03:20:13 INFO BlockManagerMaster: Registering BlockManager BlockManagerId(driver, ca7dbfa70445, 42107, None)
26/07/19 03:20:13 INFO BlockManagerMasterEndpoint: Registering block manager ca7dbfa70445:42107 with 1048.8 MiB RAM, BlockManagerId(driver, ca7dbfa70445, 42107, None)
26/07/19 03:20:13 INFO StandaloneAppClient$ClientEndpoint: Executor added: app-20260719032011-0000/0 on worker-20260719031914-172.19.0.5-46849 (172.19.0.5:46849) with 8 core(s)
26/07/19 03:20:13 INFO StandaloneSchedulerBackend: Granted executor ID app-20260719032011-0000/0 on hostPort 172.19.0.5:46849 with 8 core(s), 3.0 GiB RAM
26/07/19 03:20:13 INFO BlockManagerMaster: Registered BlockManager BlockManagerId(driver, ca7dbfa70445, 42107, None)
26/07/19 03:20:13 INFO BlockManager: Initialized BlockManager: BlockManagerId(driver, ca7dbfa70445, 42107, None)
26/07/19 03:20:16 INFO StandaloneAppClient$ClientEndpoint: Executor updated: app-20260719032011-0000/0 is now RUNNING
SLF4J: Failed to load class "org.slf4j.impl.StaticLoggerBinder".
SLF4J: Defaulting to no-operation (NOP) logger implementation
SLF4J: See http://www.slf4j.org/codes.html#StaticLoggerBinder for further details.
26/07/19 03:20:48 INFO RollingEventLogFilesWriter: Logging events to s3a://spark-logs/events/eventlog_v2_app-20260719032011-0000/events_1_app-20260719032011-0000.zstd
26/07/19 03:20:49 INFO SparkContext: Registered listenerapex.commander.spark.ApexSparkListener
26/07/19 03:20:50 INFO ContextHandler: Stopped o.s.j.s.ServletContextHandler@6c97b17a{/,null,STOPPED,@Spark}
26/07/19 03:20:50 INFO ContextHandler: Started o.s.j.s.ServletContextHandler@1b214058{/jobs,null,AVAILABLE,@Spark}
26/07/19 03:20:50 INFO ContextHandler: Started o.s.j.s.ServletContextHandler@6255017{/jobs/json,null,AVAILABLE,@Spark}
26/07/19 03:20:50 INFO ContextHandler: Started o.s.j.s.ServletContextHandler@4ce75a6c{/jobs/job,null,AVAILABLE,@Spark}
26/07/19 03:20:50 INFO ContextHandler: Started o.s.j.s.ServletContextHandler@48138f54{/jobs/job/json,null,AVAILABLE,@Spark}
26/07/19 03:20:50 INFO ContextHandler: Started o.s.j.s.ServletContextHandler@2ef3dae3{/stages,null,AVAILABLE,@Spark}
26/07/19 03:20:50 INFO ContextHandler: Started o.s.j.s.ServletContextHandler@7c79f63e{/stages/json,null,AVAILABLE,@Spark}
26/07/19 03:20:50 INFO ContextHandler: Started o.s.j.s.ServletContextHandler@3377ff72{/stages/stage,null,AVAILABLE,@Spark}
26/07/19 03:20:50 INFO ContextHandler: Started o.s.j.s.ServletContextHandler@5e0768f1{/stages/stage/json,null,AVAILABLE,@Spark}
26/07/19 03:20:50 INFO ContextHandler: Started o.s.j.s.ServletContextHandler@3d560a0a{/stages/pool,null,AVAILABLE,@Spark}
26/07/19 03:20:50 INFO ContextHandler: Started o.s.j.s.ServletContextHandler@e407a09{/stages/pool/json,null,AVAILABLE,@Spark}
26/07/19 03:20:50 INFO ContextHandler: Started o.s.j.s.ServletContextHandler@5e21e36{/stages/taskThreadDump,null,AVAILABLE,@Spark}
26/07/19 03:20:50 INFO ContextHandler: Started o.s.j.s.ServletContextHandler@4d649dad{/stages/taskThreadDump/json,null,AVAILABLE,@Spark}
26/07/19 03:20:50 INFO ContextHandler: Started o.s.j.s.ServletContextHandler@1ad24103{/storage,null,AVAILABLE,@Spark}
26/07/19 03:20:50 INFO ContextHandler: Started o.s.j.s.ServletContextHandler@7afe1614{/storage/json,null,AVAILABLE,@Spark}
26/07/19 03:20:50 INFO ContextHandler: Started o.s.j.s.ServletContextHandler@5abbca58{/storage/rdd,null,AVAILABLE,@Spark}
26/07/19 03:20:50 INFO ContextHandler: Started o.s.j.s.ServletContextHandler@3040e142{/storage/rdd/json,null,AVAILABLE,@Spark}
26/07/19 03:20:50 INFO ContextHandler: Started o.s.j.s.ServletContextHandler@2c4649e9{/environment,null,AVAILABLE,@Spark}
26/07/19 03:20:51 INFO ContextHandler: Started o.s.j.s.ServletContextHandler@1509e29{/environment/json,null,AVAILABLE,@Spark}
26/07/19 03:20:51 INFO ContextHandler: Started o.s.j.s.ServletContextHandler@6ae49104{/executors,null,AVAILABLE,@Spark}
26/07/19 03:20:51 INFO ContextHandler: Started o.s.j.s.ServletContextHandler@30288182{/executors/json,null,AVAILABLE,@Spark}
26/07/19 03:20:51 INFO ContextHandler: Started o.s.j.s.ServletContextHandler@162a8e46{/executors/threadDump,null,AVAILABLE,@Spark}
26/07/19 03:20:51 INFO ContextHandler: Started o.s.j.s.ServletContextHandler@3022ab42{/executors/threadDump/json,null,AVAILABLE,@Spark}
26/07/19 03:20:51 INFO ContextHandler: Started o.s.j.s.ServletContextHandler@68ed495a{/executors/heapHistogram,null,AVAILABLE,@Spark}
26/07/19 03:20:51 INFO ContextHandler: Started o.s.j.s.ServletContextHandler@19203a00{/executors/heapHistogram/json,null,AVAILABLE,@Spark}
26/07/19 03:20:52 INFO ContextHandler: Started o.s.j.s.ServletContextHandler@c327c03{/static,null,AVAILABLE,@Spark}
26/07/19 03:20:52 INFO ContextHandler: Started o.s.j.s.ServletContextHandler@71ec17a9{/,null,AVAILABLE,@Spark}
26/07/19 03:20:52 INFO ContextHandler: Started o.s.j.s.ServletContextHandler@248c0865{/api,null,AVAILABLE,@Spark}
26/07/19 03:20:52 INFO ContextHandler: Started o.s.j.s.ServletContextHandler@6ac0fae6{/metrics,null,AVAILABLE,@Spark}
26/07/19 03:20:52 INFO ContextHandler: Started o.s.j.s.ServletContextHandler@1475b3a3{/jobs/job/kill,null,AVAILABLE,@Spark}
26/07/19 03:20:52 INFO ContextHandler: Started o.s.j.s.ServletContextHandler@520a003f{/stages/stage/kill,null,AVAILABLE,@Spark}
26/07/19 03:20:52 INFO ContextHandler: Started o.s.j.s.ServletContextHandler@431ee33a{/metrics/json,null,AVAILABLE,@Spark}
26/07/19 03:20:52 INFO StandaloneSchedulerBackend: SchedulerBackend is ready for scheduling beginning after reached minRegisteredResourcesRatio: 0.0
26/07/19 03:21:06 INFO StandaloneSchedulerBackend$StandaloneDriverEndpoint: Registered executor NettyRpcEndpointRef(spark-client://Executor) (172.19.0.5:42188) with ID 0, ResourceProfileId 0
26/07/19 03:21:09 INFO BlockManagerMasterEndpoint: Registering block manager 172.19.0.5:33653 with 1663.2 MiB RAM, BlockManagerId(0, 172.19.0.5, 33653, None)
26/07/19 03:21:31 INFO SharedState: Setting hive.metastore.warehouse.dir ('null') to the value of spark.sql.warehouse.dir.
26/07/19 03:21:31 INFO SharedState: Warehouse path is 'file:/opt/spark/work-dir/spark-warehouse'.
26/07/19 03:21:31 INFO ContextHandler: Started o.s.j.s.ServletContextHandler@552a16e4{/SQL,null,AVAILABLE,@Spark}
26/07/19 03:21:31 INFO ContextHandler: Started o.s.j.s.ServletContextHandler@73d02e1a{/SQL/json,null,AVAILABLE,@Spark}
26/07/19 03:21:31 INFO ContextHandler: Started o.s.j.s.ServletContextHandler@5bf7e538{/SQL/execution,null,AVAILABLE,@Spark}
26/07/19 03:21:31 INFO ContextHandler: Started o.s.j.s.ServletContextHandler@4fbb659c{/SQL/execution/json,null,AVAILABLE,@Spark}
26/07/19 03:21:31 INFO ContextHandler: Started o.s.j.s.ServletContextHandler@23e503d1{/static/sql,null,AVAILABLE,@Spark}
26/07/19 03:21:56 INFO ParquetUtils: Using default output committer for Parquet: org.apache.parquet.hadoop.ParquetOutputCommitter
26/07/19 03:21:56 INFO AsyncEventQueue: Process of event SparkListenerSQLExecutionStart(0,Some(0),parquet at NativeMethodAccessorImpl.java:0,org.apache.spark.sql.DataFrameWriter.parquet(DataFrameWriter.scala:369)
java.base/jdk.internal.reflect.NativeMethodAccessorImpl.invoke0(Native Method)
java.base/jdk.internal.reflect.NativeMethodAccessorImpl.invoke(NativeMethodAccessorImpl.java:77)
java.base/jdk.internal.reflect.DelegatingMethodAccessorImpl.invoke(DelegatingMethodAccessorImpl.java:43)
java.base/java.lang.reflect.Method.invoke(Method.java:569)
py4j.reflection.MethodInvoker.invoke(MethodInvoker.java:244)
py4j.reflection.ReflectionEngine.invoke(ReflectionEngine.java:374)
py4j.Gateway.invoke(Gateway.java:282)
py4j.commands.AbstractCommand.invokeMethod(AbstractCommand.java:132)
py4j.commands.CallCommand.execute(CallCommand.java:79)
py4j.ClientServerConnection.waitForCommands(ClientServerConnection.java:184)
py4j.ClientServerConnection.run(ClientServerConnection.java:108)
java.base/java.lang.Thread.run(Thread.java:840),== Physical Plan ==
Execute InsertIntoHadoopFsRelationCommand (14)
+- WriteFiles (13)
   +- * Project (12)
      +- * SortMergeJoin Inner (11)
         :- * Sort (6)
         :  +- Exchange (5)
         :     +- * Filter (4)
         :        +- * Project (3)
         :           +- * Project (2)
         :              +- * Range (1)
         +- * Sort (10)
            +- Exchange (9)
               +- * Project (8)
                  +- * Range (7)


(1) Range [codegen id : 1]
Output [1]: [id#0L]
Arguments: Range (0, 200000, step=1, splits=Some(8))

(2) Project [codegen id : 1]
Output [2]: [cast((rand(42) * 100.0) as int) AS customer_id#1, id#0L AS order_id#2L]
Input [1]: [id#0L]

(3) Project [codegen id : 1]
Output [2]: [CASE WHEN (rand(13) < 0.8) THEN 7 ELSE customer_id#1 END AS customer_id#3, order_id#2L]
Input [2]: [customer_id#1, order_id#2L]

(4) Filter [codegen id : 1]
Input [2]: [customer_id#3, order_id#2L]
Condition : isnotnull(customer_id#3)

(5) Exchange
Input [2]: [customer_id#3, order_id#2L]
Arguments: hashpartitioning(cast(customer_id#3 as bigint), 8), ENSURE_REQUIREMENTS, [plan_id=49]

(6) Sort [codegen id : 2]
Input [2]: [customer_id#3, order_id#2L]
Arguments: [cast(customer_id#3 as bigint) ASC NULLS FIRST], false, 0

(7) Range [codegen id : 3]
Output [1]: [id#4L]
Arguments: Range (0, 100, step=1, splits=Some(8))

(8) Project [codegen id : 3]
Output [2]: [id#4L AS customer_id#5L, id#4L AS customer_name#6L]
Input [1]: [id#4L]

(9) Exchange
Input [2]: [customer_id#5L, customer_name#6L]
Arguments: hashpartitioning(customer_id#5L, 8), ENSURE_REQUIREMENTS, [plan_id=55]

(10) Sort [codegen id : 4]
Input [2]: [customer_id#5L, customer_name#6L]
Arguments: [customer_id#5L ASC NULLS FIRST], false, 0

(11) SortMergeJoin [codegen id : 5]
Left keys [1]: [cast(customer_id#3 as bigint)]
Right keys [1]: [customer_id#5L]
Join type: Inner
Join condition: None

(12) Project [codegen id : 5]
Output [3]: [customer_id#3, order_id#2L, customer_name#6L]
Input [4]: [customer_id#3, order_id#2L, customer_id#5L, customer_name#6L]

(13) WriteFiles
Input [3]: [customer_id#3, order_id#2L, customer_name#6L]

(14) Execute InsertIntoHadoopFsRelationCommand
Input: []
Arguments: file:/tmp/apex_output, false, Parquet, [path=/tmp/apex_output], Overwrite, [customer_id, order_id, customer_name]

,org.apache.spark.sql.execution.SparkPlanInfo@c238791b,1784431305785,Map(),Set(spark-session-aa712800-ede7-4328-81f8-7e97d1c7a1b4-execution-root-id-0, spark-session-aa712800-ede7-4328-81f8-7e97d1c7a1b4),None) bylistener EventLoggingListener took 3020.978835ms.
26/07/19 03:21:57 INFO FileOutputCommitter: File Output Committer Algorithm version is 1
26/07/19 03:21:57 INFO FileOutputCommitter: FileOutputCommitter skip cleanup _temporary folders under output directory:false, ignore cleanup failures: false
26/07/19 03:21:57 INFO SQLHadoopMapReduceCommitProtocol: Using user defined output committer class org.apache.parquet.hadoop.ParquetOutputCommitter
26/07/19 03:21:57 INFO FileOutputCommitter: File Output Committer Algorithm version is 1
26/07/19 03:21:57 INFO FileOutputCommitter: FileOutputCommitter skip cleanup _temporary folders under output directory:false, ignore cleanup failures: false
26/07/19 03:21:57 INFO SQLHadoopMapReduceCommitProtocol: Using output committer class org.apache.parquet.hadoop.ParquetOutputCommitter
26/07/19 03:22:03 INFO CodeGenerator: Code generated in 3955.801489 ms
26/07/19 03:22:04 INFO CodeGenerator: Code generated in 227.735664 ms
26/07/19 03:22:05 INFO CodeGenerator: Code generated in 389.763045 ms
26/07/19 03:22:09 INFO CodeGenerator: Code generated in 365.754704 ms
26/07/19 03:22:09 INFO CodeGenerator: Code generated in 209.776913 ms
26/07/19 03:22:10 INFO SparkContext: Starting job: parquet at NativeMethodAccessorImpl.java:0
26/07/19 03:22:10 INFO DAGScheduler: Registering RDD 3 (parquet at NativeMethodAccessorImpl.java:0) as input to shuffle 0
26/07/19 03:22:10 INFO DAGScheduler: Registering RDD 9 (parquet at NativeMethodAccessorImpl.java:0) as input to shuffle 1
26/07/19 03:22:10 INFO DAGScheduler: Got job 0 (parquet at NativeMethodAccessorImpl.java:0) with 8 output partitions
26/07/19 03:22:10 INFO DAGScheduler: Final stage: ResultStage 2 (parquet at NativeMethodAccessorImpl.java:0)
26/07/19 03:22:10 INFO DAGScheduler: Parents of final stage: List(ShuffleMapStage 0, ShuffleMapStage 1)
26/07/19 03:22:10 INFO DAGScheduler: Missing parents: List(ShuffleMapStage 0, ShuffleMapStage 1)
26/07/19 03:22:10 INFO DAGScheduler: Missing parents found for ResultStage 2: List(ShuffleMapStage 0, ShuffleMapStage 1)
26/07/19 03:22:10 INFO DAGScheduler: Missing parents found for ShuffleMapStage 0: List()
26/07/19 03:22:10 INFO DAGScheduler: Submitting ShuffleMapStage 0 (MapPartitionsRDD[3] at parquet at NativeMethodAccessorImpl.java:0), which has no missing parents
26/07/19 03:22:11 INFO MemoryStore: MemoryStore started with capacity 1048.8 MiB
26/07/19 03:22:12 INFO MemoryStore: Block broadcast_0 stored as values in memory (estimated size 18.4 KiB, free 1048.8 MiB)
26/07/19 03:22:13 INFO MemoryStore: Block broadcast_0_piece0 stored as bytes in memory (estimated size 8.6 KiB, free 1048.8 MiB)
26/07/19 03:22:13 INFO SparkContext: Created broadcast 0 from broadcast at DAGScheduler.scala:1686
26/07/19 03:22:13 INFO DAGScheduler: Submitting 8 missing tasks from ShuffleMapStage 0 (MapPartitionsRDD[3] at parquet at NativeMethodAccessorImpl.java:0) (first 15 tasks are for partitions Vector(0, 1, 2, 3, 4, 5, 6, 7))
26/07/19 03:22:13 INFO TaskSchedulerImpl: Adding task set 0.0 with 8 tasks resource profile 0
26/07/19 03:22:14 INFO DAGScheduler: Missing parents found for ShuffleMapStage 1: List()
26/07/19 03:22:14 INFO DAGScheduler: Submitting ShuffleMapStage 1 (MapPartitionsRDD[9] at parquet at NativeMethodAccessorImpl.java:0), which has no missing parents
26/07/19 03:22:14 INFO MemoryStore: Block broadcast_1 stored as values in memory (estimated size 14.6 KiB, free 1048.8 MiB)
26/07/19 03:22:14 INFO MemoryStore: Block broadcast_1_piece0 stored as bytes in memory (estimated size 6.9 KiB, free 1048.8 MiB)
26/07/19 03:22:14 INFO SparkContext: Created broadcast 1 from broadcast at DAGScheduler.scala:1686
26/07/19 03:22:14 INFO DAGScheduler: Submitting 8 missing tasks from ShuffleMapStage 1 (MapPartitionsRDD[9] at parquet at NativeMethodAccessorImpl.java:0) (first 15 tasks are for partitions Vector(0, 1, 2, 3, 4, 5, 6, 7))
26/07/19 03:22:14 INFO TaskSchedulerImpl: Adding task set 1.0 with 8 tasks resource profile 0
26/07/19 03:22:14 INFO TaskSetManager: Starting task 0.0 in stage 0.0 (TID 0) (172.19.0.5,executor 0, partition 0, PROCESS_LOCAL, 9947 bytes) 
26/07/19 03:22:14 INFO TaskSetManager: Starting task 1.0 in stage 0.0 (TID 1) (172.19.0.5,executor 0, partition 1, PROCESS_LOCAL, 9947 bytes) 
26/07/19 03:22:14 INFO TaskSetManager: Starting task 2.0 in stage 0.0 (TID 2) (172.19.0.5,executor 0, partition 2, PROCESS_LOCAL, 9947 bytes) 
26/07/19 03:22:14 INFO TaskSetManager: Starting task 3.0 in stage 0.0 (TID 3) (172.19.0.5,executor 0, partition 3, PROCESS_LOCAL, 9947 bytes) 
26/07/19 03:22:14 INFO TaskSetManager: Starting task 4.0 in stage 0.0 (TID 4) (172.19.0.5,executor 0, partition 4, PROCESS_LOCAL, 9947 bytes) 
26/07/19 03:22:14 INFO TaskSetManager: Starting task 5.0 in stage 0.0 (TID 5) (172.19.0.5,executor 0, partition 5, PROCESS_LOCAL, 9947 bytes) 
26/07/19 03:22:14 INFO TaskSetManager: Starting task 6.0 in stage 0.0 (TID 6) (172.19.0.5,executor 0, partition 6, PROCESS_LOCAL, 9947 bytes) 
26/07/19 03:22:14 INFO TaskSetManager: Starting task 7.0 in stage 0.0 (TID 7) (172.19.0.5,executor 0, partition 7, PROCESS_LOCAL, 9947 bytes) 
26/07/19 03:22:34 INFO TaskSetManager: Starting task 0.0 in stage 1.0 (TID 8) (172.19.0.5,executor 0, partition 0, PROCESS_LOCAL, 9947 bytes) 
26/07/19 03:22:34 INFO TaskSetManager: Starting task 1.0 in stage 1.0 (TID 9) (172.19.0.5,executor 0, partition 1, PROCESS_LOCAL, 9947 bytes) 
26/07/19 03:22:34 INFO TaskSetManager: Finished task 0.0 in stage 0.0 (TID 0) in 20522 ms on 172.19.0.5 (executor 0) (1/8)
26/07/19 03:22:35 INFO TaskSetManager: Starting task 2.0 in stage 1.0 (TID 10) (172.19.0.5,executor 0, partition 2, PROCESS_LOCAL, 9947 bytes) 
26/07/19 03:22:35 INFO TaskSetManager: Starting task 3.0 in stage 1.0 (TID 11) (172.19.0.5,executor 0, partition 3, PROCESS_LOCAL, 9947 bytes) 
26/07/19 03:22:35 INFO TaskSetManager: Finished task 7.0 in stage 0.0 (TID 7) in 20537 ms on 172.19.0.5 (executor 0) (2/8)
26/07/19 03:22:35 INFO TaskSetManager: Finished task 4.0 in stage 0.0 (TID 4) in 20571 ms on 172.19.0.5 (executor 0) (3/8)
26/07/19 03:22:35 INFO TaskSetManager: Starting task 4.0 in stage 1.0 (TID 12) (172.19.0.5,executor 0, partition 4, PROCESS_LOCAL, 9947 bytes) 
26/07/19 03:22:35 INFO TaskSetManager: Starting task 5.0 in stage 1.0 (TID 13) (172.19.0.5,executor 0, partition 5, PROCESS_LOCAL, 9947 bytes) 
26/07/19 03:22:35 INFO TaskSetManager: Starting task 6.0 in stage 1.0 (TID 14) (172.19.0.5,executor 0, partition 6, PROCESS_LOCAL, 9947 bytes) 
26/07/19 03:22:35 INFO TaskSetManager: Finished task 1.0 in stage 0.0 (TID 1) in 20727 ms on 172.19.0.5 (executor 0) (4/8)
26/07/19 03:22:35 INFO TaskSetManager: Finished task 3.0 in stage 0.0 (TID 3) in 20731 ms on 172.19.0.5 (executor 0) (5/8)
26/07/19 03:22:35 INFO TaskSetManager: Finished task 2.0 in stage 0.0 (TID 2) in 20748 ms on 172.19.0.5 (executor 0) (6/8)
26/07/19 03:22:35 INFO TaskSetManager: Starting task 7.0 in stage 1.0 (TID 15) (172.19.0.5,executor 0, partition 7, PROCESS_LOCAL, 9947 bytes) 
26/07/19 03:22:35 INFO TaskSetManager: Finished task 6.0 in stage 0.0 (TID 6) in 20787 ms on 172.19.0.5 (executor 0) (7/8)
26/07/19 03:22:35 INFO TaskSetManager: Finished task 5.0 in stage 0.0 (TID 5) in 20904 ms on 172.19.0.5 (executor 0) (8/8)
26/07/19 03:22:35 INFO DAGScheduler: ShuffleMapStage 0 (parquet at NativeMethodAccessorImpl.java:0) finished in 24781 ms
26/07/19 03:22:35 INFO DAGScheduler: looking for newly runnable stages
26/07/19 03:22:35 INFO DAGScheduler: running: HashSet(ShuffleMapStage 1)
26/07/19 03:22:35 INFO DAGScheduler: waiting: HashSet(ResultStage 2)
26/07/19 03:22:35 INFO DAGScheduler: failed: HashSet()
26/07/19 03:22:35 INFO TaskSchedulerImpl: Removed TaskSet 0.0 whose tasks have all completed, from pool 
26/07/19 03:22:35 INFO DAGScheduler: Missing parents found for ResultStage 2: List(ShuffleMapStage 1)
26/07/19 03:22:38 INFO TaskSetManager: Finished task 4.0 in stage 1.0 (TID 12) in 3364 ms on 172.19.0.5 (executor 0) (1/8)
26/07/19 03:22:38 INFO TaskSetManager: Finished task 7.0 in stage 1.0 (TID 15) in 3336 ms on 172.19.0.5 (executor 0) (2/8)
26/07/19 03:22:38 INFO TaskSetManager: Finished task 2.0 in stage 1.0 (TID 10) in 3672 ms on 172.19.0.5 (executor 0) (3/8)
26/07/19 03:22:38 INFO TaskSetManager: Finished task 6.0 in stage 1.0 (TID 14) in 3467 ms on 172.19.0.5 (executor 0) (4/8)
26/07/19 03:22:38 INFO TaskSetManager: Finished task 1.0 in stage 1.0 (TID 9) in 4020 ms on 172.19.0.5 (executor 0) (5/8)
26/07/19 03:22:38 INFO TaskSetManager: Finished task 0.0 in stage 1.0 (TID 8) in 4137 ms on 172.19.0.5 (executor 0) (6/8)
26/07/19 03:22:38 INFO TaskSetManager: Finished task 3.0 in stage 1.0 (TID 11) in 3790 ms on 172.19.0.5 (executor 0) (7/8)
26/07/19 03:22:38 INFO TaskSetManager: Finished task 5.0 in stage 1.0 (TID 13) in 3695 ms on 172.19.0.5 (executor 0) (8/8)
26/07/19 03:22:39 INFO TaskSchedulerImpl: Removed TaskSet 1.0 whose tasks have all completed, from pool 
26/07/19 03:22:39 INFO DAGScheduler: ShuffleMapStage 1 (parquet at NativeMethodAccessorImpl.java:0) finished in 24874 ms
26/07/19 03:22:39 INFO DAGScheduler: looking for newly runnable stages
26/07/19 03:22:39 INFO DAGScheduler: running: HashSet()
26/07/19 03:22:39 INFO DAGScheduler: waiting: HashSet(ResultStage 2)
26/07/19 03:22:39 INFO DAGScheduler: failed: HashSet()
26/07/19 03:22:39 INFO DAGScheduler: Missing parents found for ResultStage 2: List()
26/07/19 03:22:39 INFO DAGScheduler: Submitting ResultStage 2 (MapPartitionsRDD[14] at parquet at NativeMethodAccessorImpl.java:0), which has no missing parents
26/07/19 03:22:39 INFO MemoryStore: Block broadcast_2 stored as values in memory (estimated size 268.1 KiB, free 1048.5 MiB)
26/07/19 03:22:39 INFO MemoryStore: Block broadcast_2_piece0 stored as bytes in memory (estimated size 98.3 KiB, free 1048.4 MiB)
26/07/19 03:22:39 INFO SparkContext: Created broadcast 2 from broadcast at DAGScheduler.scala:1686
26/07/19 03:22:39 INFO DAGScheduler: Submitting 8 missing tasks from ResultStage 2 (MapPartitionsRDD[14] at parquet at NativeMethodAccessorImpl.java:0) (first 15 tasks are for partitions Vector(0, 1, 2, 3, 4, 5, 6, 7))
26/07/19 03:22:39 INFO TaskSchedulerImpl: Adding task set 2.0 with 8 tasks resource profile 0
26/07/19 03:22:39 INFO TaskSetManager: Starting task 0.0 in stage 2.0 (TID 16) (172.19.0.5,executor 0, partition 0, NODE_LOCAL, 10321 bytes) 
26/07/19 03:22:39 INFO TaskSetManager: Starting task 1.0 in stage 2.0 (TID 17) (172.19.0.5,executor 0, partition 1, NODE_LOCAL, 10321 bytes) 
26/07/19 03:22:39 INFO TaskSetManager: Starting task 2.0 in stage 2.0 (TID 18) (172.19.0.5,executor 0, partition 2, NODE_LOCAL, 10321 bytes) 
26/07/19 03:22:39 INFO TaskSetManager: Starting task 3.0 in stage 2.0 (TID 19) (172.19.0.5,executor 0, partition 3, NODE_LOCAL, 10321 bytes) 
26/07/19 03:22:39 INFO TaskSetManager: Starting task 4.0 in stage 2.0 (TID 20) (172.19.0.5,executor 0, partition 4, NODE_LOCAL, 10321 bytes) 
26/07/19 03:22:39 INFO TaskSetManager: Starting task 5.0 in stage 2.0 (TID 21) (172.19.0.5,executor 0, partition 5, NODE_LOCAL, 10321 bytes) 
26/07/19 03:22:39 INFO TaskSetManager: Starting task 6.0 in stage 2.0 (TID 22) (172.19.0.5,executor 0, partition 6, NODE_LOCAL, 10321 bytes) 
26/07/19 03:22:39 INFO TaskSetManager: Starting task 7.0 in stage 2.0 (TID 23) (172.19.0.5,executor 0, partition 7, NODE_LOCAL, 10321 bytes) 
26/07/19 03:22:44 INFO MapOutputTrackerMasterEndpoint: Asked to send map output locations for shuffle 0 to 172.19.0.5:42188
26/07/19 03:22:46 INFO MapOutputTrackerMasterEndpoint: Asked to send map output locations for shuffle 1 to 172.19.0.5:42188
26/07/19 03:23:15 INFO TaskSetManager: Finished task 2.0 in stage 2.0 (TID 18) in 36087 ms on 172.19.0.5 (executor 0) (1/8)
26/07/19 03:23:15 INFO TaskSetManager: Finished task 4.0 in stage 2.0 (TID 20) in 36107 ms on 172.19.0.5 (executor 0) (2/8)
26/07/19 03:23:15 INFO TaskSetManager: Finished task 0.0 in stage 2.0 (TID 16) in 36155 ms on 172.19.0.5 (executor 0) (3/8)
26/07/19 03:23:15 INFO TaskSetManager: Finished task 7.0 in stage 2.0 (TID 23) in 36121 ms on 172.19.0.5 (executor 0) (4/8)
26/07/19 03:23:15 INFO TaskSetManager: Finished task 1.0 in stage 2.0 (TID 17) in 36157 ms on 172.19.0.5 (executor 0) (5/8)
26/07/19 03:23:15 INFO TaskSetManager: Finished task 6.0 in stage 2.0 (TID 22) in 36253 ms on 172.19.0.5 (executor 0) (6/8)
26/07/19 03:23:15 INFO TaskSetManager: Finished task 5.0 in stage 2.0 (TID 21) in 36268 ms on 172.19.0.5 (executor 0) (7/8)
26/07/19 03:23:19 INFO TaskSetManager: Finished task 3.0 in stage 2.0 (TID 19) in 39849 ms on 172.19.0.5 (executor 0) (8/8)
26/07/19 03:23:19 INFO DAGScheduler: ResultStage 2 (parquet at NativeMethodAccessorImpl.java:0) finished in 40393 ms
26/07/19 03:23:19 INFO TaskSchedulerImpl: Removed TaskSet 2.0 whose tasks have all completed, from pool 
26/07/19 03:23:19 INFO DAGScheduler: Job 0 is finished. Cancelling potential speculative or zombie tasks for this job
26/07/19 03:23:19 INFO TaskSchedulerImpl: Canceling stage 2
26/07/19 03:23:19 INFO TaskSchedulerImpl: Killing all running tasks in stage 2: Stage finished
26/07/19 03:23:19 INFO DAGScheduler: Job 0 finished: parquet at NativeMethodAccessorImpl.java:0, took 69612.061769 ms
26/07/19 03:23:19 INFO FileFormatWriter: Start to commit write Job aff45cf0-4849-4ff6-9dc5-70613374e076.
26/07/19 03:23:20 INFO FileFormatWriter: Write Job aff45cf0-4849-4ff6-9dc5-70613374e076 committed. Elapsed time: 420 ms.
26/07/19 03:23:20 INFO FileFormatWriter: Finished processing stats for write job aff45cf0-4849-4ff6-9dc5-70613374e076.
26/07/19 03:23:20 INFO SparkContext: SparkContext is stopping with exitCode 0 from stop at NativeMethodAccessorImpl.java:0.
26/07/19 03:23:20 INFO Server: Stopped Server@3687855c{STOPPING}[11.0.26,sto=30000]
26/07/19 03:23:20 INFO Server: Shutdown Server@3687855c{STOPPING}[11.0.26,sto=30000]
26/07/19 03:23:20 INFO AbstractConnector: Stopped Spark@6a08a200{HTTP/1.1, (http/1.1)}{0.0.0.0:4040}
26/07/19 03:23:20 INFO SparkUI: Stopped Spark web UI at http://ca7dbfa70445:4040
26/07/19 03:23:21 INFO StandaloneSchedulerBackend: Shutting down all executors
26/07/19 03:23:21 INFO StandaloneSchedulerBackend$StandaloneDriverEndpoint: Asking each executor to shut down
26/07/19 03:23:24 INFO MapOutputTrackerMasterEndpoint: MapOutputTrackerMasterEndpoint stopped!
26/07/19 03:23:24 INFO MemoryStore: MemoryStore cleared
26/07/19 03:23:24 INFO BlockManager: BlockManager stopped
26/07/19 03:23:24 INFO BlockManagerMaster: BlockManagerMaster stopped
26/07/19 03:23:24 INFO OutputCommitCoordinator$OutputCommitCoordinatorEndpoint: OutputCommitCoordinator stopped!
26/07/19 03:23:25 INFO SparkContext: Successfully stopped SparkContext (Uptime: 209666 ms)
exit_code=0
before_app_id=app-20260719032011-0000
$ docker run --rm --network apex-autonomous_default -v C:\Users\Guest\actions-runner-apex-workspace\_work\apex-workspace\apex-workspace\evidence\generated\f7-autonomous-loop:/out --entrypoint /bin/sh quay.io/minio/mc:RELEASE.2025-08-13T08-35-41Z -lc mc alias set local http://minio:9000 spv0 spv0spv0 >/dev/null && mc cp local/spark-logs/events/eventlog_v2_app-20260719032011-0000/events_1_app-20260719032011-0000.zstd /out/before_eventlog.zstd
`local/spark-logs/events/eventlog_v2_app-20260719032011-0000/events_1_app-20260719032011-0000.zstd` -> `/out/before_eventlog.zstd`
┌───────────┬─────────────┬──────────┬──────────────┐
│ Total     │ Transferred │ Duration │ Speed        │
│ 44.91 KiB │ 44.91 KiB   │ 00m00s   │ 228.48 KiB/s │
└───────────┴─────────────┴──────────┴──────────────┘
exit_code=0
before_envelope={"app_id": "app-20260719032011-0000", "event_counts": {"SparkListenerApplicationEnd": 1, "SparkListenerApplicationStart": 1, "SparkListenerBlockManagerAdded": 2, "SparkListenerEnvironmentUpdate": 1, "SparkListenerExecutorAdded": 1, "SparkListenerJobEnd": 1, "SparkListenerJobStart": 1, "SparkListenerLogStart": 1, "SparkListenerResourceProfileAdded": 1, "SparkListenerStageCompleted": 3, "SparkListenerStageSubmitted": 3, "SparkListenerTaskEnd": 24, "SparkListenerTaskStart": 24, "org.apache.spark.sql.execution.ui.SparkListenerDriverAccumUpdates": 3, "org.apache.spark.sql.execution.ui.SparkListenerSQLExecutionEnd": 1, "org.apache.spark.sql.execution.ui.SparkListenerSQLExecutionStart": 1}, "job_id": "f7-autonomous-before", "physical_plans": [{"event": "org.apache.spark.sql.execution.ui.SparkListenerSQLExecutionStart", "execution_id": null, "plan": "== Physical Plan ==\nExecute InsertIntoHadoopFsRelationCommand (14)\n+- WriteFiles (13)\n   +- * Project (12)\n      +- * SortMergeJoin Inner (11)\n         :- * Sort (6)\n         :  +- Exchange (5)\n         :     +- * Filter (4)\n         :        +- * Project (3)\n         :           +- * Project (2)\n         :              +- * Range (1)\n         +- * Sort (10)\n            +- Exchange (9)\n               +- * Project (8)\n                  +- * Range (7)\n\n\n(1) Range [codegen id : 1]\nOutput [1]: [id#0L]\nArguments: Range (0, 200000, step=1, splits=Some(8))\n\n(2) Project [codegen id : 1]\nOutput [2]: [cast((rand(42) * 100.0) as int) AS customer_id#1, id#0L AS order_id#2L]\nInput [1]: [id#0L]\n\n(3) Project [codegen id : 1]\nOutput [2]: [CASE WHEN (rand(13) < 0.8) THEN 7 ELSE customer_id#1 END AS customer_id#3, order_id#2L]\nInput [2]: [customer_id#1, order_id#2L]\n\n(4) Filter [codegen id : 1]\nInput [2]: [customer_id#3, order_id#2L]\nCondition : isnotnull(customer_id#3)\n\n(5) Exchange\nInput [2]: [customer_id#3, order_id#2L]\nArguments: hashpartitioning(cast(customer_id#3 as bigint), 8), ENSURE_REQUIREMENTS, [plan_id=49]\n\n(6) Sort [codegen id : 2]\nInput [2]: [customer_id#3, order_id#2L]\nArguments: [cast(customer_id#3 as bigint) ASC NULLS FIRST], false, 0\n\n(7) Range [codegen id : 3]\nOutput [1]: [id#4L]\nArguments: Range (0, 100, step=1, splits=Some(8))\n\n(8) Project [codegen id : 3]\nOutput [2]: [id#4L AS customer_id#5L, id#4L AS customer_name#6L]\nInput [1]: [id#4L]\n\n(9) Exchange\nInput [2]: [customer_id#5L, customer_name#6L]\nArguments: hashpartitioning(customer_id#5L, 8), ENSURE_REQUIREMENTS, [plan_id=55]\n\n(10) Sort [codegen id : 4]\nInput [2]: [customer_id#5L, customer_name#6L]\nArguments: [customer_id#5L ASC NULLS FIRST], false, 0\n\n(11) SortMergeJoin [codegen id : 5]\nLeft keys [1]: [cast(customer_id#3 as bigint)]\nRight keys [1]: [customer_id#5L]\nJoin type: Inner\nJoin condition: None\n\n(12) Project [codegen id : 5]\nOutput [3]: [customer_id#3, order_id#2L, customer_name#6L]\nInput [4]: [customer_id#3, order_id#2L, customer_id#5L, customer_name#6L]\n\n(13) WriteFiles\nInput [3]: [customer_id#3, order_id#2L, customer_name#6L]\n\n(14) Execute InsertIntoHadoopFsRelationCommand\nInput: []\nArguments: file:/tmp/apex_output, false, Parquet, [path=/tmp/apex_output], Overwrite, [customer_id, order_id, customer_name]\n\n"}], "schema_version": "apex.commander.telemetry.v1", "skew_candidates": [{"hot_records": 164956, "kind": "shuffle_skew_candidate", "median_cold_records": 5617, "ratio": 29.4, "stage_id": 2, "task_count": 8}], "stages": [{"disk_bytes_spilled": 0, "evidence_status": "invalid", "executor_run_time_ms": 81296, "failure_reasons": [], "jvm_gc_time_ms": 4088, "max_records": 0, "median_cold_records": 0, "memory_bytes_spilled": 0, "quality_issues": ["zero_cold_median"], "ratio": Infinity, "records": [0, 0, 0, 0, 0, 0, 0, 0], "shuffle_read_bytes": 0, "shuffle_read_records": 0, "stage_id": 0, "task_count": 8, "total_records": 0}, {"disk_bytes_spilled": 0, "evidence_status": "invalid", "executor_run_time_ms": 13496, "failure_reasons": [], "jvm_gc_time_ms": 1304, "max_records": 0, "median_cold_records": 0, "memory_bytes_spilled": 0, "quality_issues": ["zero_cold_median"], "ratio": Infinity, "records": [0, 0, 0, 0, 0, 0, 0, 0], "shuffle_read_bytes": 0, "shuffle_read_records": 0, "stage_id": 1, "task_count": 8, "total_records": 0}, {"disk_bytes_spilled": 0, "evidence_status": "valid", "executor_run_time_ms": 249287, "failure_reasons": [], "jvm_gc_time_ms": 7424, "max_records": 164956, "median_cold_records": 5617, "memory_bytes_spilled": 0, "quality_issues": [], "ratio": 29.4, "records": [5652, 6690, 3997, 164956, 5617, 2852, 5864, 4472], "shuffle_read_bytes": 1157481, "shuffle_read_records": 200100, "stage_id": 2, "task_count": 8, "total_records": 200100}]}
before_findings=[{"confidence": "medium", "evidence": {"app_id": "app-20260719032011-0000", "hot_records": 164956, "median_cold_records": 5617, "ratio": 29.4, "schema_version": "apex.commander.telemetry.v1", "stage_id": 2, "task_count": 8}, "job_id": "f7-autonomous-before", "kind": "shuffle_skew_candidate", "recommendations": ["Validar habilitacao de spark.sql.adaptive.skewJoin.enabled para este job.", "Confirmar chave de join e avaliar salting/repartition antes de aplicar mudanca."], "severity": "high", "status": "finding", "title": "shuffle_skew_candidate"}]

## submit after
$ docker cp C:\Users\Guest\actions-runner-apex-workspace\_work\apex-workspace\apex-workspace\evidence\generated\f7-autonomous-loop\github-real-stack\skew_on_join_30x_after.py apex-autonomous-spark-master:/tmp/apex-f7-after.py
exit_code=0
$ docker exec apex-autonomous-spark-master /opt/spark/bin/spark-submit --master spark://spark-master:7077 /tmp/apex-f7-after.py
WARNING: Using incubator modules: jdk.incubator.vector
26/07/19 03:24:07 WARN NativeCodeLoader: Unable to load native-hadoop library for your platform... using builtin-java classes where applicable
26/07/19 03:24:22 INFO SparkContext: Running Spark version 4.1.2
26/07/19 03:24:22 INFO SparkContext: OS info Linux, 6.18.33.2-microsoft-standard-WSL2, amd64
26/07/19 03:24:22 INFO SparkContext: Java version 17.0.19+10
26/07/19 03:24:22 INFO ResourceUtils: ==============================================================
26/07/19 03:24:22 INFO ResourceUtils: No custom resources configured for spark.driver.
26/07/19 03:24:22 INFO ResourceUtils: ==============================================================
26/07/19 03:24:22 INFO SparkContext: Submitted application: skew_on_join_30x
26/07/19 03:24:24 INFO SecurityManager: Changing view acls to: spark
26/07/19 03:24:24 INFO SecurityManager: Changing modify acls to: spark
26/07/19 03:24:24 INFO SecurityManager: Changing view acls groups to: spark
26/07/19 03:24:24 INFO SecurityManager: Changing modify acls groups to: spark
26/07/19 03:24:24 INFO SecurityManager: SecurityManager: authentication disabled; ui acls disabled; users with view permissions: spark groups with view permissions: EMPTY; users with modify permissions: spark; groups with modify permissions: EMPTY; RPC SSL disabled
26/07/19 03:24:28 INFO Utils: Successfully started service 'sparkDriver' on port 34529.
26/07/19 03:24:29 INFO SparkEnv: Registering MapOutputTracker
26/07/19 03:24:29 INFO SparkEnv: Registering BlockManagerMaster
26/07/19 03:24:29 INFO BlockManagerMasterEndpoint: Using org.apache.spark.storage.DefaultTopologyMapper for getting topology information
26/07/19 03:24:30 INFO BlockManagerMasterEndpoint: BlockManagerMasterEndpoint up
26/07/19 03:24:30 INFO SparkEnv: Registering BlockManagerMasterHeartbeat
26/07/19 03:24:30 INFO DiskBlockManager: Created local directory at /tmp/blockmgr-b580afe1-dd93-439e-960d-3b77837d7e4a
26/07/19 03:24:30 INFO SparkEnv: Registering OutputCommitCoordinator
26/07/19 03:24:32 INFO JettyUtils: Start Jetty 0.0.0.0:4040 for SparkUI
26/07/19 03:24:33 INFO Server: jetty-11.0.26; built: 2025-08-14T18:03:14.457Z; git: 7559873b6e46eea7c2c6da2b58327ea2ecf941f4; jvm 17.0.19+10
26/07/19 03:24:33 INFO Server: Started Server@550634d1{STARTING}[11.0.26,sto=30000] @51792ms
26/07/19 03:24:34 INFO AbstractConnector: Started ServerConnector@6aeb873f{HTTP/1.1, (http/1.1)}{0.0.0.0:4040}
26/07/19 03:24:34 INFO Utils: Successfully started service 'SparkUI' on port 4040.
26/07/19 03:24:34 INFO ContextHandler: Started o.s.j.s.ServletContextHandler@144329e7{/,null,AVAILABLE,@Spark}
26/07/19 03:24:34 INFO SparkContext: Added JAR file:///opt/apex/listener/apex-spark-listener-0.1.0.jar at spark://ca7dbfa70445:34529/jars/apex-spark-listener-0.1.0.jar with timestamp 1784431461970
26/07/19 03:24:35 INFO ResourceProfile: Default ResourceProfile created, executor resources: Map(memory -> name: memory, amount: 3072, script: , vendor: , offHeap -> name: offHeap, amount: 0, script: , vendor: ), task resources: Map(cpus -> name: cpus, amount: 1.0)
26/07/19 03:24:35 INFO ResourceProfile: Limiting resource is cpu
26/07/19 03:24:35 INFO ResourceProfileManager: Added ResourceProfile id: 0
26/07/19 03:24:35 INFO SecurityManager: Changing view acls to: spark
26/07/19 03:24:35 INFO SecurityManager: Changing modify acls to: spark
26/07/19 03:24:35 INFO SecurityManager: Changing view acls groups to: spark
26/07/19 03:24:35 INFO SecurityManager: Changing modify acls groups to: spark
26/07/19 03:24:35 INFO SecurityManager: SecurityManager: authentication disabled; ui acls disabled; users with view permissions: spark groups with view permissions: EMPTY; users with modify permissions: spark; groups with modify permissions: EMPTY; RPC SSL disabled
26/07/19 03:24:36 INFO StandaloneAppClient$ClientEndpoint: Connecting to master spark://spark-master:7077...
26/07/19 03:24:37 INFO TransportClientFactory: Successfully created connection to spark-master/172.19.0.3:7077 after 605 ms (0 ms spent in bootstraps)
26/07/19 03:24:39 INFO StandaloneSchedulerBackend: Connected to Spark cluster with app ID app-20260719032439-0001
26/07/19 03:24:39 INFO Utils: Successfully started service 'org.apache.spark.network.netty.NettyBlockTransferService' on port 43713.
26/07/19 03:24:39 INFO NettyBlockTransferService: Server created on ca7dbfa70445:43713
26/07/19 03:24:39 INFO BlockManager: Using org.apache.spark.storage.RandomBlockReplicationPolicy for block replication policy
26/07/19 03:24:39 INFO StandaloneAppClient$ClientEndpoint: Executor added: app-20260719032439-0001/0 on worker-20260719031914-172.19.0.5-46849 (172.19.0.5:46849) with 8 core(s)
26/07/19 03:24:40 INFO StandaloneSchedulerBackend: Granted executor ID app-20260719032439-0001/0 on hostPort 172.19.0.5:46849 with 8 core(s), 3.0 GiB RAM
26/07/19 03:24:40 INFO BlockManagerMaster: Registering BlockManager BlockManagerId(driver, ca7dbfa70445, 43713, None)
26/07/19 03:24:40 INFO BlockManagerMasterEndpoint: Registering block manager ca7dbfa70445:43713 with 1048.8 MiB RAM, BlockManagerId(driver, ca7dbfa70445, 43713, None)
26/07/19 03:24:40 INFO BlockManagerMaster: Registered BlockManager BlockManagerId(driver, ca7dbfa70445, 43713, None)
26/07/19 03:24:40 INFO StandaloneAppClient$ClientEndpoint: Executor updated: app-20260719032439-0001/0 is now RUNNING
26/07/19 03:24:40 INFO BlockManager: Initialized BlockManager: BlockManagerId(driver, ca7dbfa70445, 43713, None)
SLF4J: Failed to load class "org.slf4j.impl.StaticLoggerBinder".
SLF4J: Defaulting to no-operation (NOP) logger implementation
SLF4J: See http://www.slf4j.org/codes.html#StaticLoggerBinder for further details.
26/07/19 03:25:14 INFO RollingEventLogFilesWriter: Logging events to s3a://spark-logs/events/eventlog_v2_app-20260719032439-0001/events_1_app-20260719032439-0001.zstd
26/07/19 03:25:16 INFO SparkContext: Registered listenerapex.commander.spark.ApexSparkListener
26/07/19 03:25:16 INFO ContextHandler: Stopped o.s.j.s.ServletContextHandler@144329e7{/,null,STOPPED,@Spark}
26/07/19 03:25:16 INFO ContextHandler: Started o.s.j.s.ServletContextHandler@554069f4{/jobs,null,AVAILABLE,@Spark}
26/07/19 03:25:17 INFO ContextHandler: Started o.s.j.s.ServletContextHandler@11489fa2{/jobs/json,null,AVAILABLE,@Spark}
26/07/19 03:25:17 INFO ContextHandler: Started o.s.j.s.ServletContextHandler@55f8bd67{/jobs/job,null,AVAILABLE,@Spark}
26/07/19 03:25:17 INFO ContextHandler: Started o.s.j.s.ServletContextHandler@4d05f79c{/jobs/job/json,null,AVAILABLE,@Spark}
26/07/19 03:25:17 INFO ContextHandler: Started o.s.j.s.ServletContextHandler@19609464{/stages,null,AVAILABLE,@Spark}
26/07/19 03:25:17 INFO ContextHandler: Started o.s.j.s.ServletContextHandler@148a36ee{/stages/json,null,AVAILABLE,@Spark}
26/07/19 03:25:17 INFO ContextHandler: Started o.s.j.s.ServletContextHandler@49d6f71b{/stages/stage,null,AVAILABLE,@Spark}
26/07/19 03:25:17 INFO ContextHandler: Started o.s.j.s.ServletContextHandler@4f972e5a{/stages/stage/json,null,AVAILABLE,@Spark}
26/07/19 03:25:17 INFO ContextHandler: Started o.s.j.s.ServletContextHandler@771c0a19{/stages/pool,null,AVAILABLE,@Spark}
26/07/19 03:25:17 INFO ContextHandler: Started o.s.j.s.ServletContextHandler@1a3b1874{/stages/pool/json,null,AVAILABLE,@Spark}
26/07/19 03:25:17 INFO ContextHandler: Started o.s.j.s.ServletContextHandler@66d7ed6f{/stages/taskThreadDump,null,AVAILABLE,@Spark}
26/07/19 03:25:17 INFO ContextHandler: Started o.s.j.s.ServletContextHandler@89bd4ce{/stages/taskThreadDump/json,null,AVAILABLE,@Spark}
26/07/19 03:25:17 INFO ContextHandler: Started o.s.j.s.ServletContextHandler@430c5aaa{/storage,null,AVAILABLE,@Spark}
26/07/19 03:25:17 INFO ContextHandler: Started o.s.j.s.ServletContextHandler@53ea2d6a{/storage/json,null,AVAILABLE,@Spark}
26/07/19 03:25:17 INFO ContextHandler: Started o.s.j.s.ServletContextHandler@232a8578{/storage/rdd,null,AVAILABLE,@Spark}
26/07/19 03:25:17 INFO ContextHandler: Started o.s.j.s.ServletContextHandler@2985686e{/storage/rdd/json,null,AVAILABLE,@Spark}
26/07/19 03:25:17 INFO ContextHandler: Started o.s.j.s.ServletContextHandler@4e859e19{/environment,null,AVAILABLE,@Spark}
26/07/19 03:25:17 INFO ContextHandler: Started o.s.j.s.ServletContextHandler@53d0945d{/environment/json,null,AVAILABLE,@Spark}
26/07/19 03:25:17 INFO ContextHandler: Started o.s.j.s.ServletContextHandler@16fb35e2{/executors,null,AVAILABLE,@Spark}
26/07/19 03:25:17 INFO ContextHandler: Started o.s.j.s.ServletContextHandler@3239b92e{/executors/json,null,AVAILABLE,@Spark}
26/07/19 03:25:17 INFO ContextHandler: Started o.s.j.s.ServletContextHandler@699b7f46{/executors/threadDump,null,AVAILABLE,@Spark}
26/07/19 03:25:17 INFO ContextHandler: Started o.s.j.s.ServletContextHandler@1655cc4e{/executors/threadDump/json,null,AVAILABLE,@Spark}
26/07/19 03:25:18 INFO ContextHandler: Started o.s.j.s.ServletContextHandler@272b64a{/executors/heapHistogram,null,AVAILABLE,@Spark}
26/07/19 03:25:18 INFO ContextHandler: Started o.s.j.s.ServletContextHandler@45d5c16{/executors/heapHistogram/json,null,AVAILABLE,@Spark}
26/07/19 03:25:18 INFO AsyncEventQueue: Process of event SparkListenerEnvironmentUpdate(HashMap(Spark Properties -> ArraySeq((spark.apex.listener.failMode,false), (spark.apex.listener.output,/tmp/apex-listener-events.ndjson), (spark.app.id,app-20260719032439-0001), (spark.app.initial.jar.urls,spark://ca7dbfa70445:34529/jars/apex-spark-listener-0.1.0.jar), (spark.app.name,skew_on_join_30x), (spark.app.startTime,1784431461970), (spark.app.submitTime,1784431448863), (spark.driver.extraJavaOptions,-Djava.net.preferIPv6Addresses=false -XX:+IgnoreUnrecognizedVMOptions --add-modules=jdk.incubator.vector --add-opens=java.base/java.lang=ALL-UNNAMED --add-opens=java.base/java.lang.invoke=ALL-UNNAMED --add-opens=java.base/java.lang.reflect=ALL-UNNAMED --add-opens=java.base/java.io=ALL-UNNAMED --add-opens=java.base/java.net=ALL-UNNAMED --add-opens=java.base/java.nio=ALL-UNNAMED --add-opens=java.base/java.util=ALL-UNNAMED --add-opens=java.base/java.util.concurrent=ALL-UNNAMED --add-opens=java.base/java.util.concurrent.atomic=ALL-UNNAMED --add-opens=java.base/jdk.internal.ref=ALL-UNNAMED --add-opens=java.base/sun.nio.ch=ALL-UNNAMED --add-opens=java.base/sun.nio.cs=ALL-UNNAMED --add-opens=java.base/sun.security.action=ALL-UNNAMED --add-opens=java.base/sun.util.calendar=ALL-UNNAMED --add-opens=java.security.jgss/sun.security.krb5=ALL-UNNAMED -Djdk.reflect.useDirectMethodHandle=false -Dio.netty.tryReflectionSetAccessible=true -Dio.netty.allocator.type=pooled -Dio.netty.handler.ssl.defaultEndpointVerificationAlgorithm=NONE --enable-native-access=ALL-UNNAMED), (spark.driver.host,ca7dbfa70445), (spark.driver.memory,2g), (spark.driver.port,34529), (spark.eventLog.dir,s3a://spark-logs/events), (spark.eventLog.enabled,true), (spark.executor.extraJavaOptions,-Djava.net.preferIPv6Addresses=false -XX:+IgnoreUnrecognizedVMOptions --add-modules=jdk.incubator.vector --add-opens=java.base/java.lang=ALL-UNNAMED --add-opens=java.base/java.lang.invoke=ALL-UNNAMED --add-opens=java.base/java.lang.reflect=ALL-UNNAMED --add-opens=java.base/java.io=ALL-UNNAMED --add-opens=java.base/java.net=ALL-UNNAMED --add-opens=java.base/java.nio=ALL-UNNAMED --add-opens=java.base/java.util=ALL-UNNAMED --add-opens=java.base/java.util.concurrent=ALL-UNNAMED --add-opens=java.base/java.util.concurrent.atomic=ALL-UNNAMED --add-opens=java.base/jdk.internal.ref=ALL-UNNAMED --add-opens=java.base/sun.nio.ch=ALL-UNNAMED --add-opens=java.base/sun.nio.cs=ALL-UNNAMED --add-opens=java.base/sun.security.action=ALL-UNNAMED --add-opens=java.base/sun.util.calendar=ALL-UNNAMED --add-opens=java.security.jgss/sun.security.krb5=ALL-UNNAMED -Djdk.reflect.useDirectMethodHandle=false -Dio.netty.tryReflectionSetAccessible=true -Dio.netty.allocator.type=pooled -Dio.netty.handler.ssl.defaultEndpointVerificationAlgorithm=NONE --enable-native-access=ALL-UNNAMED), (spark.executor.id,driver), (spark.executor.memory,3g), (spark.extraListeners,apex.commander.spark.ApexSparkListener), (spark.hadoop.fs.s3a.access.key,*********(redacted)), (spark.hadoop.fs.s3a.aws.credentials.provider,org.apache.hadoop.fs.s3a.SimpleAWSCredentialsProvider), (spark.hadoop.fs.s3a.connection.ssl.enabled,false), (spark.hadoop.fs.s3a.endpoint,http://minio:9000), (spark.hadoop.fs.s3a.impl,org.apache.hadoop.fs.s3a.S3AFileSystem), (spark.hadoop.fs.s3a.path.style.access,true), (spark.hadoop.fs.s3a.secret.key,*********(redacted)), (spark.hadoop.fs.s3a.vectored.read.max.merged.size,2M), (spark.hadoop.fs.s3a.vectored.read.min.seek.size,128K), (spark.jars,file:///opt/apex/listener/apex-spark-listener-0.1.0.jar), (spark.master,spark://spark-master:7077), (spark.rdd.compress,True), (spark.repl.local.jars,file:///opt/apex/listener/apex-spark-listener-0.1.0.jar), (spark.scheduler.mode,FIFO), (spark.serializer.objectStreamReset,100), (spark.sql.adaptive.autoBroadcastJoinThreshold,10485760), (spark.sql.adaptive.coalescePartitions.enabled,false), (spark.sql.adaptive.enabled,true), (spark.sql.adaptive.skewJoin.enabled,true), (spark.sql.artifact.isolation.enabled,false), (spark.sql.shuffle.partitions,8), (spark.submit.deployMode,client), (spark.submit.pyFiles,)), Classpath Entries -> List((/opt/spark/conf/,System Classpath), (/opt/spark/jars/HikariCP-2.5.1.jar,System Classpath), (/opt/spark/jars/JLargeArrays-1.5.jar,System Classpath), (/opt/spark/jars/JTransforms-3.1.jar,System Classpath), (/opt/spark/jars/RoaringBitmap-1.3.0.jar,System Classpath), (/opt/spark/jars/ST4-4.0.4.jar,System Classpath), (/opt/spark/jars/aircompressor-2.0.3.jar,System Classpath), (/opt/spark/jars/algebra_2.13-2.8.0.jar,System Classpath), (/opt/spark/jars/antlr-runtime-3.5.2.jar,System Classpath), (/opt/spark/jars/antlr4-runtime-4.13.1.jar,System Classpath), (/opt/spark/jars/aopalliance-repackaged-3.0.6.jar,System Classpath), (/opt/spark/jars/arpack-3.0.4.jar,System Classpath), (/opt/spark/jars/arpack_combined_all-0.1.jar,System Classpath), (/opt/spark/jars/arrow-compression-18.3.0.jar,System Classpath), (/opt/spark/jars/arrow-format-18.3.0.jar,System Classpath), (/opt/spark/jars/arrow-memory-core-18.3.0.jar,System Classpath), (/opt/spark/jars/arrow-memory-netty-18.3.0.jar,System Classpath), (/opt/spark/jars/arrow-memory-netty-buffer-patch-18.3.0.jar,System Classpath), (/opt/spark/jars/arrow-vector-18.3.0.jar,System Classpath), (/opt/spark/jars/audience-annotations-0.12.0.jar,System Classpath), (/opt/spark/jars/avro-1.12.1.jar,System Classpath), (/opt/spark/jars/avro-ipc-1.12.1.jar,System Classpath), (/opt/spark/jars/avro-mapred-1.12.1.jar,System Classpath), (/opt/spark/jars/blas-3.0.4.jar,System Classpath), (/opt/spark/jars/breeze-macros_2.13-2.1.0.jar,System Classpath), (/opt/spark/jars/breeze_2.13-2.1.0.jar,System Classpath), (/opt/spark/jars/cats-kernel_2.13-2.8.0.jar,System Classpath), (/opt/spark/jars/chill-java-0.10.0.jar,System Classpath), (/opt/spark/jars/chill_2.13-0.10.0.jar,System Classpath), (/opt/spark/jars/com.fasterxml.jackson.core_jackson-annotations-2.13.5.jar,System Classpath), (/opt/spark/jars/com.fasterxml.jackson.core_jackson-core-2.13.5.jar,System Classpath), (/opt/spark/jars/com.fasterxml.jackson.core_jackson-databind-2.13.5.jar,System Classpath), (/opt/spark/jars/com.fasterxml.jackson.datatype_jackson-datatype-jdk8-2.13.5.jar,System Classpath), (/opt/spark/jars/com.github.luben_zstd-jni-1.5.7-3.jar,System Classpath), (/opt/spark/jars/com.google.code.findbugs_jsr305-3.0.2.jar,System Classpath), (/opt/spark/jars/commons-cli-1.10.0.jar,System Classpath), (/opt/spark/jars/commons-codec-1.19.0.jar,System Classpath), (/opt/spark/jars/commons-collections4-4.5.0.jar,System Classpath), (/opt/spark/jars/commons-compiler-3.1.9.jar,System Classpath), (/opt/spark/jars/commons-compress-1.28.0.jar,System Classpath), (/opt/spark/jars/commons-crypto-1.1.0.jar,System Classpath), (/opt/spark/jars/commons-dbcp-1.4.jar,System Classpath), (/opt/spark/jars/commons-io-2.21.0.jar,System Classpath), (/opt/spark/jars/commons-lang-2.6.jar,System Classpath), (/opt/spark/jars/commons-lang3-3.19.0.jar,System Classpath), (/opt/spark/jars/commons-logging_commons-logging-1.3.0.jar,System Classpath), (/opt/spark/jars/commons-math3-3.6.1.jar,System Classpath), (/opt/spark/jars/commons-pool-1.5.4.jar,System Classpath), (/opt/spark/jars/commons-pool_commons-pool-1.6.jar,System Classpath), (/opt/spark/jars/commons-text-1.14.0.jar,System Classpath), (/opt/spark/jars/compress-lzf-1.1.2.jar,System Classpath), (/opt/spark/jars/curator-client-5.9.0.jar,System Classpath), (/opt/spark/jars/curator-framework-5.9.0.jar,System Classpath), (/opt/spark/jars/curator-recipes-5.9.0.jar,System Classpath), (/opt/spark/jars/datanucleus-api-jdo-4.2.4.jar,System Classpath), (/opt/spark/jars/datanucleus-core-4.1.17.jar,System Classpath), (/opt/spark/jars/datanucleus-rdbms-4.1.19.jar,System Classpath), (/opt/spark/jars/datasketches-java-6.2.0.jar,System Classpath), (/opt/spark/jars/datasketches-memory-3.0.2.jar,System Classpath), (/opt/spark/jars/derby-10.16.1.1.jar,System Classpath), (/opt/spark/jars/derbyshared-10.16.1.1.jar,System Classpath), (/opt/spark/jars/derbytools-10.16.1.1.jar,System Classpath), (/opt/spark/jars/dropwizard-metrics-hadoop-metrics2-reporter-0.1.2.jar,System Classpath), (/opt/spark/jars/failureaccess-1.0.3.jar,System Classpath), (/opt/spark/jars/flatbuffers-java-25.2.10.jar,System Classpath), (/opt/spark/jars/gson-2.11.0.jar,System Classpath), (/opt/spark/jars/guava-33.4.8-jre.jar,System Classpath), (/opt/spark/jars/hadoop-client-api-3.4.2.jar,System Classpath), (/opt/spark/jars/hadoop-client-runtime-3.4.2.jar,System Classpath), (/opt/spark/jars/hive-beeline-2.3.10.jar,System Classpath), (/opt/spark/jars/hive-cli-2.3.10.jar,System Classpath), (/opt/spark/jars/hive-common-2.3.10.jar,System Classpath), (/opt/spark/jars/hive-exec-2.3.10-core.jar,System Classpath), (/opt/spark/jars/hive-jdbc-2.3.10.jar,System Classpath), (/opt/spark/jars/hive-metastore-2.3.10.jar,System Classpath), (/opt/spark/jars/hive-serde-2.3.10.jar,System Classpath), (/opt/spark/jars/hive-service-rpc-4.0.0.jar,System Classpath), (/opt/spark/jars/hive-shims-0.23-2.3.10.jar,System Classpath), (/opt/spark/jars/hive-shims-2.3.10.jar,System Classpath), (/opt/spark/jars/hive-shims-common-2.3.10.jar,System Classpath), (/opt/spark/jars/hive-shims-scheduler-2.3.10.jar,System Classpath), (/opt/spark/jars/hive-storage-api-2.8.1.jar,System Classpath), (/opt/spark/jars/hk2-api-3.0.6.jar,System Classpath), (/opt/spark/jars/hk2-locator-3.0.6.jar,System Classpath), (/opt/spark/jars/hk2-utils-3.0.6.jar,System Classpath), (/opt/spark/jars/httpclient-4.5.14.jar,System Classpath), (/opt/spark/jars/httpcore-4.4.16.jar,System Classpath), (/opt/spark/jars/icu4j-77.1.jar,System Classpath), (/opt/spark/jars/io.airlift_aircompressor-2.0.2.jar,System Classpath), (/opt/spark/jars/io.delta_delta-kernel-api-4.2.0.jar,System Classpath), (/opt/spark/jars/io.delta_delta-kernel-defaults-4.2.0.jar,System Classpath), (/opt/spark/jars/io.delta_delta-kernel-unitycatalog-4.2.0.jar,System Classpath), (/opt/spark/jars/io.delta_delta-spark_4.1_2.13-4.2.0.jar,System Classpath), (/opt/spark/jars/io.delta_delta-storage-4.2.0.jar,System Classpath), (/opt/spark/jars/io.unitycatalog_unitycatalog-client-0.4.1.jar,System Classpath), (/opt/spark/jars/istack-commons-runtime-4.1.2.jar,System Classpath), (/opt/spark/jars/ivy-2.5.3.jar,System Classpath), (/opt/spark/jars/jackson-annotations-2.21.jar,System Classpath), (/opt/spark/jars/jackson-core-2.21.2.jar,System Classpath), (/opt/spark/jars/jackson-databind-2.21.2.jar,System Classpath), (/opt/spark/jars/jackson-dataformat-yaml-2.21.2.jar,System Classpath), (/opt/spark/jars/jackson-datatype-jsr310-2.21.2.jar,System Classpath), (/opt/spark/jars/jackson-module-scala_2.13-2.21.2.jar,System Classpath), (/opt/spark/jars/jakarta.activation-api-2.1.3.jar,System Classpath), (/opt/spark/jars/jakarta.annotation-api-2.1.1.jar,System Classpath), (/opt/spark/jars/jakarta.inject-api-2.0.1.jar,System Classpath), (/opt/spark/jars/jakarta.servlet-api-5.0.0.jar,System Classpath), (/opt/spark/jars/jakarta.validation-api-3.0.2.jar,System Classpath), (/opt/spark/jars/jakarta.ws.rs-api-3.0.0.jar,System Classpath), (/opt/spark/jars/jakarta.xml.bind-api-4.0.2.jar,System Classpath), (/opt/spark/jars/janino-3.1.9.jar,System Classpath), (/opt/spark/jars/java-diff-utils-4.16.jar,System Classpath), (/opt/spark/jars/javassist-3.30.2-GA.jar,System Classpath), (/opt/spark/jars/javax.annotation_javax.annotation-api-1.3.2.jar,System Classpath), (/opt/spark/jars/javax.jdo-3.2.0-m3.jar,System Classpath), (/opt/spark/jars/javax.servlet-api-4.0.1.jar,System Classpath), (/opt/spark/jars/javolution-5.5.1.jar,System Classpath), (/opt/spark/jars/jaxb-core-4.0.5.jar,System Classpath), (/opt/spark/jars/jaxb-runtime-4.0.5.jar,System Classpath), (/opt/spark/jars/jcl-over-slf4j-2.0.17.jar,System Classpath), (/opt/spark/jars/jdo-api-3.0.1.jar,System Classpath), (/opt/spark/jars/jersey-client-3.0.18.jar,System Classpath), (/opt/spark/jars/jersey-common-3.0.18.jar,System Classpath), (/opt/spark/jars/jersey-container-servlet-3.0.18.jar,System Classpath), (/opt/spark/jars/jersey-container-servlet-core-3.0.18.jar,System Classpath), (/opt/spark/jars/jersey-hk2-3.0.18.jar,System Classpath), (/opt/spark/jars/jersey-server-3.0.18.jar,System Classpath), (/opt/spark/jars/jjwt-api-0.12.6.jar,System Classpath), (/opt/spark/jars/jjwt-impl-0.12.6.jar,System Classpath), (/opt/spark/jars/jjwt-jackson-0.12.6.jar,System Classpath), (/opt/spark/jars/jline-2.14.6.jar,System Classpath), (/opt/spark/jars/jline-3.29.0-jdk8.jar,System Classpath), (/opt/spark/jars/joda-time-2.14.0.jar,System Classpath), (/opt/spark/jars/jpam-1.1.jar,System Classpath), (/opt/spark/jars/json-1.8.jar,System Classpath), (/opt/spark/jars/json4s-ast_2.13-4.0.7.jar,System Classpath), (/opt/spark/jars/json4s-core_2.13-4.0.7.jar,System Classpath), (/opt/spark/jars/json4s-jackson-core_2.13-4.0.7.jar,System Classpath), (/opt/spark/jars/json4s-jackson_2.13-4.0.7.jar,System Classpath), (/opt/spark/jars/json4s-scalap_2.13-4.0.7.jar,System Classpath), (/opt/spark/jars/jsr305-3.0.0.jar,System Classpath), (/opt/spark/jars/jta-1.1.jar,System Classpath), (/opt/spark/jars/jts-core-1.20.0.jar,System Classpath), (/opt/spark/jars/jul-to-slf4j-2.0.17.jar,System Classpath), (/opt/spark/jars/kryo-shaded-4.0.3.jar,System Classpath), (/opt/spark/jars/kubernetes-client-7.4.1.jar,System Classpath), (/opt/spark/jars/kubernetes-client-api-7.4.1.jar,System Classpath), (/opt/spark/jars/kubernetes-httpclient-vertx-7.4.1.jar,System Classpath), (/opt/spark/jars/kubernetes-model-admissionregistration-7.4.1.jar,System Classpath), (/opt/spark/jars/kubernetes-model-apiextensions-7.4.1.jar,System Classpath), (/opt/spark/jars/kubernetes-model-apps-7.4.1.jar,System Classpath), (/opt/spark/jars/kubernetes-model-autoscaling-7.4.1.jar,System Classpath), (/opt/spark/jars/kubernetes-model-batch-7.4.1.jar,System Classpath), (/opt/spark/jars/kubernetes-model-certificates-7.4.1.jar,System Classpath), (/opt/spark/jars/kubernetes-model-common-7.4.1.jar,System Classpath), (/opt/spark/jars/kubernetes-model-coordination-7.4.1.jar,System Classpath), (/opt/spark/jars/kubernetes-model-core-7.4.1.jar,System Classpath), (/opt/spark/jars/kubernetes-model-discovery-7.4.1.jar,System Classpath), (/opt/spark/jars/kubernetes-model-events-7.4.1.jar,System Classpath), (/opt/spark/jars/kubernetes-model-extensions-7.4.1.jar,System Classpath), (/opt/spark/jars/kubernetes-model-flowcontrol-7.4.1.jar,System Classpath), (/opt/spark/jars/kubernetes-model-gatewayapi-7.4.1.jar,System Classpath), (/opt/spark/jars/kubernetes-model-metrics-7.4.1.jar,System Classpath), (/opt/spark/jars/kubernetes-model-networking-7.4.1.jar,System Classpath), (/opt/spark/jars/kubernetes-model-node-7.4.1.jar,System Classpath), (/opt/spark/jars/kubernetes-model-policy-7.4.1.jar,System Classpath), (/opt/spark/jars/kubernetes-model-rbac-7.4.1.jar,System Classpath), (/opt/spark/jars/kubernetes-model-resource-7.4.1.jar,System Classpath), (/opt/spark/jars/kubernetes-model-scheduling-7.4.1.jar,System Classpath), (/opt/spark/jars/kubernetes-model-storageclass-7.4.1.jar,System Classpath), (/opt/spark/jars/lapack-3.0.4.jar,System Classpath), (/opt/spark/jars/leveldbjni-all-1.8.jar,System Classpath), (/opt/spark/jars/libfb303-0.9.3.jar,System Classpath), (/opt/spark/jars/libthrift-0.16.0.jar,System Classpath), (/opt/spark/jars/log4j-1.2-api-2.24.3.jar,System Classpath), (/opt/spark/jars/log4j-api-2.24.3.jar,System Classpath), (/opt/spark/jars/log4j-core-2.24.3.jar,System Classpath), (/opt/spark/jars/log4j-layout-template-json-2.24.3.jar,System Classpath), (/opt/spark/jars/log4j-slf4j2-impl-2.24.3.jar,System Classpath), (/opt/spark/jars/lz4-java-1.8.0.jar,System Classpath), (/opt/spark/jars/metrics-core-4.2.37.jar,System Classpath), (/opt/spark/jars/metrics-graphite-4.2.37.jar,System Classpath), (/opt/spark/jars/metrics-jmx-4.2.37.jar,System Classpath), (/opt/spark/jars/metrics-json-4.2.37.jar,System Classpath), (/opt/spark/jars/metrics-jvm-4.2.37.jar,System Classpath), (/opt/spark/jars/minlog-1.3.0.jar,System Classpath), (/opt/spark/jars/netty-all-4.2.7.Final.jar,System Classpath), (/opt/spark/jars/netty-buffer-4.2.7.Final.jar,System Classpath), (/opt/spark/jars/netty-codec-4.2.7.Final.jar,System Classpath), (/opt/spark/jars/netty-codec-base-4.2.7.Final.jar,System Classpath), (/opt/spark/jars/netty-codec-classes-quic-4.2.7.Final.jar,System Classpath), (/opt/spark/jars/netty-codec-compression-4.2.7.Final.jar,System Classpath), (/opt/spark/jars/netty-codec-dns-4.2.7.Final.jar,System Classpath), (/opt/spark/jars/netty-codec-http-4.2.7.Final.jar,System Classpath), (/opt/spark/jars/netty-codec-http2-4.2.7.Final.jar,System Classpath), (/opt/spark/jars/netty-codec-http3-4.2.7.Final.jar,System Classpath), (/opt/spark/jars/netty-codec-marshalling-4.2.7.Final.jar,System Classpath), (/opt/spark/jars/netty-codec-native-quic-4.2.7.Final-linux-aarch_64.jar,System Classpath), (/opt/spark/jars/netty-codec-native-quic-4.2.7.Final-linux-x86_64.jar,System Classpath), (/opt/spark/jars/netty-codec-native-quic-4.2.7.Final-osx-aarch_64.jar,System Classpath), (/opt/spark/jars/netty-codec-native-quic-4.2.7.Final-osx-x86_64.jar,System Classpath), (/opt/spark/jars/netty-codec-native-quic-4.2.7.Final-windows-x86_64.jar,System Classpath), (/opt/spark/jars/netty-codec-protobuf-4.2.7.Final.jar,System Classpath), (/opt/spark/jars/netty-codec-socks-4.2.7.Final.jar,System Classpath), (/opt/spark/jars/netty-common-4.2.7.Final.jar,System Classpath), (/opt/spark/jars/netty-handler-4.2.7.Final.jar,System Classpath), (/opt/spark/jars/netty-handler-proxy-4.2.7.Final.jar,System Classpath), (/opt/spark/jars/netty-resolver-4.2.7.Final.jar,System Classpath), (/opt/spark/jars/netty-resolver-dns-4.2.7.Final.jar,System Classpath), (/opt/spark/jars/netty-tcnative-boringssl-static-2.0.74.Final-linux-aarch_64.jar,System Classpath), (/opt/spark/jars/netty-tcnative-boringssl-static-2.0.74.Final-linux-x86_64.jar,System Classpath), (/opt/spark/jars/netty-tcnative-boringssl-static-2.0.74.Final-osx-aarch_64.jar,System Classpath), (/opt/spark/jars/netty-tcnative-boringssl-static-2.0.74.Final-osx-x86_64.jar,System Classpath), (/opt/spark/jars/netty-tcnative-boringssl-static-2.0.74.Final-windows-x86_64.jar,System Classpath), (/opt/spark/jars/netty-tcnative-classes-2.0.74.Final.jar,System Classpath), (/opt/spark/jars/netty-transport-4.2.7.Final.jar,System Classpath), (/opt/spark/jars/netty-transport-classes-epoll-4.2.7.Final.jar,System Classpath), (/opt/spark/jars/netty-transport-classes-io_uring-4.2.7.Final.jar,System Classpath), (/opt/spark/jars/netty-transport-classes-kqueue-4.2.7.Final.jar,System Classpath), (/opt/spark/jars/netty-transport-native-epoll-4.2.7.Final-linux-aarch_64.jar,System Classpath), (/opt/spark/jars/netty-transport-native-epoll-4.2.7.Final-linux-riscv64.jar,System Classpath), (/opt/spark/jars/netty-transport-native-epoll-4.2.7.Final-linux-x86_64.jar,System Classpath), (/opt/spark/jars/netty-transport-native-io_uring-4.2.7.Final-linux-aarch_64.jar,System Classpath), (/opt/spark/jars/netty-transport-native-io_uring-4.2.7.Final-linux-riscv64.jar,System Classpath), (/opt/spark/jars/netty-transport-native-io_uring-4.2.7.Final-linux-x86_64.jar,System Classpath), (/opt/spark/jars/netty-transport-native-kqueue-4.2.7.Final-osx-aarch_64.jar,System Classpath), (/opt/spark/jars/netty-transport-native-kqueue-4.2.7.Final-osx-x86_64.jar,System Classpath), (/opt/spark/jars/netty-transport-native-unix-common-4.2.7.Final.jar,System Classpath), (/opt/spark/jars/objenesis-3.4.jar,System Classpath), (/opt/spark/jars/opencsv-2.3.jar,System Classpath), (/opt/spark/jars/orc-core-2.2.2-shaded-protobuf.jar,System Classpath), (/opt/spark/jars/orc-format-1.1.1-shaded-protobuf.jar,System Classpath), (/opt/spark/jars/orc-mapreduce-2.2.2-shaded-protobuf.jar,System Classpath), (/opt/spark/jars/orc-shims-2.2.2.jar,System Classpath), (/opt/spark/jars/org.apache.hadoop_hadoop-aws-3.4.2.jar,System Classpath), (/opt/spark/jars/org.apache.hadoop_hadoop-client-api-3.4.2.jar,System Classpath), (/opt/spark/jars/org.apache.hadoop_hadoop-client-runtime-3.4.2.jar,System Classpath), (/opt/spark/jars/org.apache.logging.log4j_log4j-api-2.25.3.jar,System Classpath), (/opt/spark/jars/org.apache.logging.log4j_log4j-core-2.25.3.jar,System Classpath), (/opt/spark/jars/org.apache.logging.log4j_log4j-slf4j2-impl-2.25.3.jar,System Classpath), (/opt/spark/jars/org.apache.parquet_parquet-column-1.16.0.jar,System Classpath), (/opt/spark/jars/org.apache.parquet_parquet-common-1.16.0.jar,System Classpath), (/opt/spark/jars/org.apache.parquet_parquet-encoding-1.16.0.jar,System Classpath), (/opt/spark/jars/org.apache.parquet_parquet-format-structures-1.16.0.jar,System Classpath), (/opt/spark/jars/org.apache.parquet_parquet-hadoop-1.16.0.jar,System Classpath), (/opt/spark/jars/org.apache.parquet_parquet-jackson-1.16.0.jar,System Classpath), (/opt/spark/jars/org.locationtech.jts_jts-core-1.20.0.jar,System Classpath), (/opt/spark/jars/org.roaringbitmap_RoaringBitmap-0.9.25.jar,System Classpath), (/opt/spark/jars/org.roaringbitmap_shims-0.9.25.jar,System Classpath), (/opt/spark/jars/org.slf4j_slf4j-api-2.0.13.jar,System Classpath), (/opt/spark/jars/org.wildfly.openssl_wildfly-openssl-2.1.4.Final.jar,System Classpath), (/opt/spark/jars/org.xerial.snappy_snappy-java-1.1.10.7.jar,System Classpath), (/opt/spark/jars/oro-2.0.8.jar,System Classpath), (/opt/spark/jars/osgi-resource-locator-1.0.3.jar,System Classpath), (/opt/spark/jars/paranamer-2.8.3.jar,System Classpath), (/opt/spark/jars/parquet-column-1.16.0.jar,System Classpath), (/opt/spark/jars/parquet-common-1.16.0.jar,System Classpath), (/opt/spark/jars/parquet-encoding-1.16.0.jar,System Classpath), (/opt/spark/jars/parquet-format-structures-1.16.0.jar,System Classpath), (/opt/spark/jars/parquet-hadoop-1.16.0.jar,System Classpath), (/opt/spark/jars/parquet-jackson-1.16.0.jar,System Classpath), (/opt/spark/jars/pickle-1.5.jar,System Classpath), (/opt/spark/jars/py4j-0.10.9.9.jar,System Classpath), (/opt/spark/jars/rocksdbjni-9.8.4.jar,System Classpath), (/opt/spark/jars/scala-compiler-2.13.17.jar,System Classpath), (/opt/spark/jars/scala-library-2.13.17.jar,System Classpath), (/opt/spark/jars/scala-parallel-collections_2.13-1.2.0.jar,System Classpath), (/opt/spark/jars/scala-parser-combinators_2.13-2.4.0.jar,System Classpath), (/opt/spark/jars/scala-reflect-2.13.17.jar,System Classpath), (/opt/spark/jars/scala-xml_2.13-2.4.0.jar,System Classpath), (/opt/spark/jars/slf4j-api-2.0.17.jar,System Classpath), (/opt/spark/jars/slf4j-api-2.0.17.jar,System Classpath), (/opt/spark/jars/snakeyaml-2.5.jar,System Classpath), (/opt/spark/jars/snakeyaml-engine-2.10.jar,System Classpath), (/opt/spark/jars/snappy-java-1.1.10.8.jar,System Classpath), (/opt/spark/jars/software.amazon.awssdk_bundle-2.29.52.jar,System Classpath), (/opt/spark/jars/software.amazon.s3.analyticsaccelerator_analyticsaccelerator-s3-1.2.1.jar,System Classpath), (/opt/spark/jars/spark-catalyst_2.13-4.1.2.jar,System Classpath), (/opt/spark/jars/spark-common-utils-java_2.13-4.1.2.jar,System Classpath), (/opt/spark/jars/spark-common-utils_2.13-4.1.2.jar,System Classpath), (/opt/spark/jars/spark-connect_2.13-4.1.2.jar,System Classpath), (/opt/spark/jars/spark-core_2.13-4.1.2.jar,System Classpath), (/opt/spark/jars/spark-graphx_2.13-4.1.2.jar,System Classpath), (/opt/spark/jars/spark-hive-thriftserver_2.13-4.1.2.jar,System Classpath), (/opt/spark/jars/spark-hive_2.13-4.1.2.jar,System Classpath), (/opt/spark/jars/spark-kubernetes_2.13-4.1.2.jar,System Classpath), (/opt/spark/jars/spark-kvstore_2.13-4.1.2.jar,System Classpath), (/opt/spark/jars/spark-launcher_2.13-4.1.2.jar,System Classpath), (/opt/spark/jars/spark-mllib-local_2.13-4.1.2.jar,System Classpath), (/opt/spark/jars/spark-mllib_2.13-4.1.2.jar,System Classpath), (/opt/spark/jars/spark-network-common_2.13-4.1.2.jar,System Classpath), (/opt/spark/jars/spark-network-shuffle_2.13-4.1.2.jar,System Classpath), (/opt/spark/jars/spark-pipelines_2.13-4.1.2.jar,System Classpath), (/opt/spark/jars/spark-repl_2.13-4.1.2.jar,System Classpath), (/opt/spark/jars/spark-sketch_2.13-4.1.2.jar,System Classpath), (/opt/spark/jars/spark-sql-api_2.13-4.1.2.jar,System Classpath), (/opt/spark/jars/spark-sql_2.13-4.1.2.jar,System Classpath), (/opt/spark/jars/spark-streaming_2.13-4.1.2.jar,System Classpath), (/opt/spark/jars/spark-tags_2.13-4.1.2.jar,System Classpath), (/opt/spark/jars/spark-unsafe_2.13-4.1.2.jar,System Classpath), (/opt/spark/jars/spark-variant_2.13-4.1.2.jar,System Classpath), (/opt/spark/jars/spark-yarn_2.13-4.1.2.jar,System Classpath), (/opt/spark/jars/spire-macros_2.13-0.18.0.jar,System Classpath), (/opt/spark/jars/spire-platform_2.13-0.18.0.jar,System Classpath), (/opt/spark/jars/spire-util_2.13-0.18.0.jar,System Classpath), (/opt/spark/jars/spire_2.13-0.18.0.jar,System Classpath), (/opt/spark/jars/stax-api-1.0.1.jar,System Classpath), (/opt/spark/jars/stream-2.9.8.jar,System Classpath), (/opt/spark/jars/super-csv-2.2.0.jar,System Classpath), (/opt/spark/jars/threeten-extra-1.8.0.jar,System Classpath), (/opt/spark/jars/tink-1.16.0.jar,System Classpath), (/opt/spark/jars/transaction-api-1.1.jar,System Classpath), (/opt/spark/jars/univocity-parsers-2.9.1.jar,System Classpath), (/opt/spark/jars/vertx-auth-common-4.5.25.jar,System Classpath), (/opt/spark/jars/vertx-core-4.5.25.jar,System Classpath), (/opt/spark/jars/vertx-web-client-4.5.25.jar,System Classpath), (/opt/spark/jars/vertx-web-common-4.5.25.jar,System Classpath), (/opt/spark/jars/xbean-asm9-shaded-4.28.jar,System Classpath), (/opt/spark/jars/xmlschema-core-2.3.1.jar,System Classpath), (/opt/spark/jars/xz-1.10.jar,System Classpath), (/opt/spark/jars/zjsonpatch-7.4.1.jar,System Classpath), (/opt/spark/jars/zookeeper-3.9.4.jar,System Classpath), (/opt/spark/jars/zookeeper-jute-3.9.4.jar,System Classpath), (/opt/spark/jars/zstd-jni-1.5.7-6.jar,System Classpath), (spark://ca7dbfa70445:34529/jars/apex-spark-listener-0.1.0.jar,Added By User)), Hadoop Properties -> List((adl.feature.ownerandgroup.enableupn,false), (adl.http.timeout,-1), (dfs.client.ignore.namenode.default.kms.uri,false), (dfs.ha.fencing.ssh.connect-timeout,30000), (file.blocksize,67108864), (file.bytes-per-checksum,512), (file.client-write-packet-size,65536), (file.replication,1), (file.stream-buffer-size,4096), (fs.AbstractFileSystem.abfs.impl,org.apache.hadoop.fs.azurebfs.Abfs), (fs.AbstractFileSystem.abfss.impl,org.apache.hadoop.fs.azurebfs.Abfss), (fs.AbstractFileSystem.adl.impl,org.apache.hadoop.fs.adl.Adl), (fs.AbstractFileSystem.file.impl,org.apache.hadoop.fs.local.LocalFs), (fs.AbstractFileSystem.ftp.impl,org.apache.hadoop.fs.ftp.FtpFs), (fs.AbstractFileSystem.gs.impl,com.google.cloud.hadoop.fs.gcs.GoogleHadoopFS), (fs.AbstractFileSystem.har.impl,org.apache.hadoop.fs.HarFs), (fs.AbstractFileSystem.hdfs.impl,org.apache.hadoop.fs.Hdfs), (fs.AbstractFileSystem.o3fs.impl,org.apache.hadoop.fs.ozone.OzFs), (fs.AbstractFileSystem.ofs.impl,org.apache.hadoop.fs.ozone.RootedOzFs), (fs.AbstractFileSystem.s3a.impl,org.apache.hadoop.fs.s3a.S3A), (fs.AbstractFileSystem.swebhdfs.impl,org.apache.hadoop.fs.SWebHdfs), (fs.AbstractFileSystem.viewfs.impl,org.apache.hadoop.fs.viewfs.ViewFs), (fs.AbstractFileSystem.wasb.impl,org.apache.hadoop.fs.azure.Wasb), (fs.AbstractFileSystem.wasbs.impl,org.apache.hadoop.fs.azure.Wasbs), (fs.AbstractFileSystem.webhdfs.impl,org.apache.hadoop.fs.WebHdfs), (fs.abfs.impl,org.apache.hadoop.fs.azurebfs.AzureBlobFileSystem), (fs.abfss.impl,org.apache.hadoop.fs.azurebfs.SecureAzureBlobFileSystem), (fs.adl.impl,org.apache.hadoop.fs.adl.AdlFileSystem), (fs.adl.oauth2.access.token.provider.type,*********(redacted)), (fs.automatic.close,true), (fs.azure.authorization,false), (fs.azure.authorization.caching.enable,true), (fs.azure.buffer.dir,${env.LOCAL_DIRS:-${hadoop.tmp.dir}}/abfs), (fs.azure.enable.readahead,true), (fs.azure.local.sas.key.mode,false), (fs.azure.sas.expiry.period,90d), (fs.azure.saskey.usecontainersaskeyforallaccess,true), (fs.azure.secure.mode,false), (fs.azure.user.agent.prefix,unknown), (fs.client.resolve.remote.symlinks,true), (fs.client.resolve.topology.enabled,false), (fs.creation.parallel.count,64), (fs.defaultFS,file:///), (fs.df.interval,60000), (fs.du.interval,600000), (fs.file.checksum.verify,true), (fs.ftp.data.connection.mode,ACTIVE_LOCAL_DATA_CONNECTION_MODE), (fs.ftp.host,0.0.0.0), (fs.ftp.host.port,21), (fs.ftp.impl,org.apache.hadoop.fs.ftp.FTPFileSystem), (fs.ftp.timeout,0), (fs.ftp.transfer.mode,BLOCK_TRANSFER_MODE), (fs.getspaceused.jitterMillis,60000), (fs.har.impl.disable.cache,true), (fs.iostatistics.logging.level,debug), (fs.iostatistics.thread.level.enabled,true), (fs.permissions.umask-mode,022), (fs.s3a.access.key,*********(redacted)), (fs.s3a.accesspoint.required,false), (fs.s3a.assumed.role.credentials.provider,org.apache.hadoop.fs.s3a.SimpleAWSCredentialsProvider), (fs.s3a.assumed.role.session.duration,30m), (fs.s3a.attempts.maximum,5), (fs.s3a.audit.enabled,true), (fs.s3a.aws.credentials.provider,org.apache.hadoop.fs.s3a.SimpleAWSCredentialsProvider), (fs.s3a.block.size,32M), (fs.s3a.buffer.dir,${env.LOCAL_DIRS:-${hadoop.tmp.dir}}/s3a), (fs.s3a.change.detection.mode,server), (fs.s3a.change.detection.source,etag), (fs.s3a.change.detection.version.required,true), (fs.s3a.committer.abort.pending.uploads,true), (fs.s3a.committer.magic.enabled,true), (fs.s3a.committer.name,file), (fs.s3a.committer.staging.conflict-mode,append), (fs.s3a.committer.staging.tmp.path,tmp/staging), (fs.s3a.committer.staging.unique-filenames,true), (fs.s3a.committer.threads,8), (fs.s3a.connection.establish.timeout,30s), (fs.s3a.connection.maximum,500), (fs.s3a.connection.ssl.enabled,false), (fs.s3a.connection.timeout,200s), (fs.s3a.connection.ttl,5m), (fs.s3a.downgrade.syncable.exceptions,true), (fs.s3a.endpoint,http://minio:9000), (fs.s3a.etag.checksum.enabled,false), (fs.s3a.executor.capacity,16), (fs.s3a.fast.upload.active.blocks,4), (fs.s3a.fast.upload.buffer,disk), (fs.s3a.impl,org.apache.hadoop.fs.s3a.S3AFileSystem), (fs.s3a.list.version,2), (fs.s3a.max.total.tasks,32), (fs.s3a.multiobjectdelete.enable,true), (fs.s3a.multipart.purge,false), (fs.s3a.multipart.purge.age,24h), (fs.s3a.multipart.size,64M), (fs.s3a.multipart.threshold,128M), (fs.s3a.paging.maximum,5000), (fs.s3a.path.style.access,true), (fs.s3a.readahead.range,64K), (fs.s3a.retry.interval,500ms), (fs.s3a.retry.limit,7), (fs.s3a.retry.throttle.interval,100ms), (fs.s3a.retry.throttle.limit,20), (fs.s3a.secret.key,*********(redacted)), (fs.s3a.select.enabled,true), (fs.s3a.select.errors.include.sql,false), (fs.s3a.select.input.compression,none), (fs.s3a.select.input.csv.comment.marker,#), (fs.s3a.select.input.csv.field.delimiter,,), (fs.s3a.select.input.csv.header,none), (fs.s3a.select.input.csv.quote.character,"), (fs.s3a.select.input.csv.quote.escape.character,\\), (fs.s3a.select.input.csv.record.delimiter,\n), (fs.s3a.select.output.csv.field.delimiter,,), (fs.s3a.select.output.csv.quote.character,"), (fs.s3a.select.output.csv.quote.escape.character,\\), (fs.s3a.select.output.csv.quote.fields,always), (fs.s3a.select.output.csv.record.delimiter,\n), (fs.s3a.socket.recv.buffer,8192), (fs.s3a.socket.send.buffer,8192), (fs.s3a.ssl.channel.mode,default_jsse), (fs.s3a.threads.keepalivetime,60s), (fs.s3a.threads.max,96), (fs.s3a.vectored.read.max.merged.size,2M), (fs.s3a.vectored.read.min.seek.size,128K), (fs.trash.checkpoint.interval,0), (fs.trash.clean.trashroot.enable,false), (fs.trash.interval,0), (fs.viewfs.overload.scheme.target.abfs.impl,org.apache.hadoop.fs.azurebfs.AzureBlobFileSystem), (fs.viewfs.overload.scheme.target.abfss.impl,org.apache.hadoop.fs.azurebfs.SecureAzureBlobFileSystem), (fs.viewfs.overload.scheme.target.file.impl,org.apache.hadoop.fs.LocalFileSystem), (fs.viewfs.overload.scheme.target.ftp.impl,org.apache.hadoop.fs.ftp.FTPFileSystem), (fs.viewfs.overload.scheme.target.gs.impl,com.google.cloud.hadoop.fs.gcs.GoogleHadoopFS), (fs.viewfs.overload.scheme.target.hdfs.impl,org.apache.hadoop.hdfs.DistributedFileSystem), (fs.viewfs.overload.scheme.target.http.impl,org.apache.hadoop.fs.http.HttpFileSystem), (fs.viewfs.overload.scheme.target.https.impl,org.apache.hadoop.fs.http.HttpsFileSystem), (fs.viewfs.overload.scheme.target.o3fs.impl,org.apache.hadoop.fs.ozone.OzoneFileSystem), (fs.viewfs.overload.scheme.target.ofs.impl,org.apache.hadoop.fs.ozone.RootedOzoneFileSystem), (fs.viewfs.overload.scheme.target.oss.impl,org.apache.hadoop.fs.aliyun.oss.AliyunOSSFileSystem), (fs.viewfs.overload.scheme.target.s3a.impl,org.apache.hadoop.fs.s3a.S3AFileSystem), (fs.viewfs.overload.scheme.target.swebhdfs.impl,org.apache.hadoop.hdfs.web.SWebHdfsFileSystem), (fs.viewfs.overload.scheme.target.wasb.impl,org.apache.hadoop.fs.azure.NativeAzureFileSystem), (fs.viewfs.overload.scheme.target.webhdfs.impl,org.apache.hadoop.hdfs.web.WebHdfsFileSystem), (fs.viewfs.rename.strategy,SAME_MOUNTPOINT), (fs.wasb.impl,org.apache.hadoop.fs.azure.NativeAzureFileSystem), (fs.wasbs.impl,org.apache.hadoop.fs.azure.NativeAzureFileSystem$Secure), (ftp.blocksize,67108864), (ftp.bytes-per-checksum,512), (ftp.client-write-packet-size,65536), (ftp.replication,3), (ftp.stream-buffer-size,4096), (ha.failover-controller.active-standby-elector.zk.op.retries,3), (ha.failover-controller.cli-check.rpc-timeout.ms,20000), (ha.failover-controller.graceful-fence.connection.retries,1), (ha.failover-controller.graceful-fence.rpc-timeout.ms,5000), (ha.failover-controller.new-active.rpc-timeout.ms,60000), (ha.health-monitor.check-interval.ms,1000), (ha.health-monitor.connect-retry-interval.ms,1000), (ha.health-monitor.rpc-timeout.ms,45000), (ha.health-monitor.rpc.connect.max.retries,1), (ha.health-monitor.sleep-after-disconnect.ms,1000), (ha.zookeeper.acl,world:anyone:rwcda), (ha.zookeeper.parent-znode,/hadoop-ha), (ha.zookeeper.session-timeout.ms,10000), (hadoop.caller.context.enabled,false), (hadoop.caller.context.max.size,128), (hadoop.caller.context.separator,,), (hadoop.caller.context.signature.max.size,40), (hadoop.common.configuration.version,3.0.0), (hadoop.domainname.resolver.impl,org.apache.hadoop.net.DNSDomainNameResolver), (hadoop.http.authentication.kerberos.keytab,${user.home}/hadoop.keytab), (hadoop.http.authentication.kerberos.principal,HTTP/_HOST@LOCALHOST), (hadoop.http.authentication.signature.secret.file,*********(redacted)), (hadoop.http.authentication.simple.anonymous.allowed,true), (hadoop.http.authentication.token.validity,*********(redacted)), (hadoop.http.authentication.type,simple), (hadoop.http.cross-origin.allowed-headers,X-Requested-With,Content-Type,Accept,Origin), (hadoop.http.cross-origin.allowed-methods,GET,POST,HEAD), (hadoop.http.cross-origin.allowed-origins,*), (hadoop.http.cross-origin.enabled,false), (hadoop.http.cross-origin.max-age,1800), (hadoop.http.filter.initializers,org.apache.hadoop.http.lib.StaticUserWebFilter), (hadoop.http.idle_timeout.ms,60000), (hadoop.http.jmx.nan-filter.enabled,false), (hadoop.http.logs.enabled,true), (hadoop.http.metrics.enabled,true), (hadoop.http.sni.host.check.enabled,false), (hadoop.http.staticuser.user,dr.who), (hadoop.jetty.logs.serve.aliases,true), (hadoop.kerberos.keytab.login.autorenewal.enabled,false), (hadoop.kerberos.kinit.command,kinit), (hadoop.kerberos.min.seconds.before.relogin,60), (hadoop.metrics.jvm.use-thread-mxbean,false), (hadoop.prometheus.endpoint.enabled,false), (hadoop.registry.jaas.context,Client), (hadoop.registry.secure,false), (hadoop.registry.system.acls,sasl:yarn@, sasl:mapred@, sasl:hdfs@), (hadoop.registry.zk.connection.timeout.ms,15000), (hadoop.registry.zk.quorum,localhost:2181), (hadoop.registry.zk.retry.ceiling.ms,60000), (hadoop.registry.zk.retry.interval.ms,1000), (hadoop.registry.zk.retry.times,5), (hadoop.registry.zk.root,/registry), (hadoop.registry.zk.session.timeout.ms,60000), (hadoop.rpc.protection,authentication), (hadoop.rpc.socket.factory.class.default,org.apache.hadoop.net.StandardSocketFactory), (hadoop.security.auth_to_local.mechanism,hadoop), (hadoop.security.authentication,simple), (hadoop.security.authorization,false), (hadoop.security.credential.clear-text-fallback,true), (hadoop.security.crypto.buffer.size,8192), (hadoop.security.crypto.cipher.suite,AES/CTR/NoPadding), (hadoop.security.crypto.codec.classes.aes.ctr.nopadding,org.apache.hadoop.crypto.OpensslAesCtrCryptoCodec, org.apache.hadoop.crypto.JceAesCtrCryptoCodec), (hadoop.security.crypto.codec.classes.sm4.ctr.nopadding,org.apache.hadoop.crypto.OpensslSm4CtrCryptoCodec, org.apache.hadoop.crypto.JceSm4CtrCryptoCodec), (hadoop.security.crypto.jce.provider.auto-add,true), (hadoop.security.dns.log-slow-lookups.enabled,false), (hadoop.security.dns.log-slow-lookups.threshold.ms,1000), (hadoop.security.group.mapping,org.apache.hadoop.security.JniBasedUnixGroupsMappingWithFallback), (hadoop.security.group.mapping.ldap.connection.timeout.ms,60000), (hadoop.security.group.mapping.ldap.conversion.rule,none), (hadoop.security.group.mapping.ldap.directory.search.timeout,10000), (hadoop.security.group.mapping.ldap.num.attempts,3), (hadoop.security.group.mapping.ldap.num.attempts.before.failover,3), (hadoop.security.group.mapping.ldap.posix.attr.gid.name,gidNumber), (hadoop.security.group.mapping.ldap.posix.attr.uid.name,uidNumber), (hadoop.security.group.mapping.ldap.read.timeout.ms,60000), (hadoop.security.group.mapping.ldap.search.attr.group.name,cn), (hadoop.security.group.mapping.ldap.search.attr.member,member), (hadoop.security.group.mapping.ldap.search.filter.group,(objectClass=group)), (hadoop.security.group.mapping.ldap.search.filter.user,(&(objectClass=user)(sAMAccountName={0}))), (hadoop.security.group.mapping.ldap.search.group.hierarchy.levels,0), (hadoop.security.group.mapping.ldap.ssl,false), (hadoop.security.group.mapping.providers.combined,true), (hadoop.security.groups.cache.background.reload,false), (hadoop.security.groups.cache.background.reload.threads,3), (hadoop.security.groups.cache.secs,300), (hadoop.security.groups.cache.warn.after.ms,5000), (hadoop.security.groups.negative-cache.secs,30), (hadoop.security.groups.shell.command.timeout,0s), (hadoop.security.instrumentation.requires.admin,false), (hadoop.security.java.secure.random.algorithm,SHA1PRNG), (hadoop.security.key.default.bitlength,128), (hadoop.security.key.default.cipher,AES/CTR/NoPadding), (hadoop.security.kms.client.authentication.retry-count,1), (hadoop.security.kms.client.encrypted.key.cache.expiry,43200000), (hadoop.security.kms.client.encrypted.key.cache.low-watermark,0.3f), (hadoop.security.kms.client.encrypted.key.cache.num.refill.threads,2), (hadoop.security.kms.client.encrypted.key.cache.size,500), (hadoop.security.kms.client.failover.sleep.base.millis,100), (hadoop.security.kms.client.failover.sleep.max.millis,2000), (hadoop.security.kms.client.timeout,60), (hadoop.security.random.device.file.path,/dev/urandom), (hadoop.security.resolver.impl,org.apache.hadoop.net.DNSDomainNameResolver), (hadoop.security.secure.random.impl,org.apache.hadoop.crypto.random.OpensslSecureRandom), (hadoop.security.sensitive-config-keys,*********(redacted)), (hadoop.security.token.service.use_ip,*********(redacted)), (hadoop.security.uid.cache.secs,14400), (hadoop.service.shutdown.timeout,30s), (hadoop.shell.missing.defaultFs.warning,false), (hadoop.shell.safely.delete.limit.num.files,100), (hadoop.ssl.client.conf,ssl-client.xml), (hadoop.ssl.enabled.protocols,TLSv1.2), (hadoop.ssl.hostname.verifier,DEFAULT), (hadoop.ssl.keystores.factory.class,org.apache.hadoop.security.ssl.FileBasedKeyStoresFactory), (hadoop.ssl.require.client.cert,false), (hadoop.ssl.server.conf,ssl-server.xml), (hadoop.system.tags,YARN,HDFS,NAMENODE,DATANODE,REQUIRED,SECURITY,KERBEROS,PERFORMANCE,CLIENT
      ,SERVER,DEBUG,DEPRECATED,COMMON,OPTIONAL), (hadoop.tags.system,YARN,HDFS,NAMENODE,DATANODE,REQUIRED,SECURITY,KERBEROS,PERFORMANCE,CLIENT
      ,SERVER,DEBUG,DEPRECATED,COMMON,OPTIONAL), (hadoop.tmp.dir,/tmp/hadoop-${user.name}), (hadoop.user.group.static.mapping.overrides,dr.who=;), (hadoop.util.hash.type,murmur), (hadoop.workaround.non.threadsafe.getpwuid,true), (hadoop.zk.acl,world:anyone:rwcda), (hadoop.zk.num-retries,1000), (hadoop.zk.retry-interval-ms,1000), (hadoop.zk.timeout-ms,10000), (io.bytes.per.checksum,512), (io.compression.codec.bzip2.library,system-native), (io.compression.codec.lz4.buffersize,262144), (io.compression.codec.lz4.use.lz4hc,false), (io.compression.codec.lzo.buffersize,65536), (io.compression.codec.lzo.class,org.apache.hadoop.io.compress.LzoCodec), (io.compression.codec.snappy.buffersize,262144), (io.compression.codec.zstd.buffersize,0), (io.compression.codec.zstd.level,3), (io.erasurecode.codec.native.enabled,true), (io.erasurecode.codec.rs-legacy.rawcoders,rs-legacy_java), (io.erasurecode.codec.rs.rawcoders,rs_native,rs_java), (io.erasurecode.codec.xor.rawcoders,xor_native,xor_java), (io.file.buffer.size,65536), (io.map.index.interval,128), (io.map.index.skip,0), (io.mapfile.bloom.error.rate,0.005), (io.mapfile.bloom.size,1048576), (io.seqfile.compress.blocksize,1000000), (io.seqfile.local.dir,${hadoop.tmp.dir}/io/local), (io.serializations,org.apache.hadoop.io.serializer.WritableSerialization, org.apache.hadoop.io.serializer.avro.AvroSpecificSerialization, org.apache.hadoop.io.serializer.avro.AvroReflectSerialization), (io.skip.checksum.errors,false), (ipc.[port_number].backoff.enable,false), (ipc.[port_number].callqueue.impl,java.util.concurrent.LinkedBlockingQueue), (ipc.[port_number].callqueue.overflow.trigger.failover,false), (ipc.[port_number].cost-provider.impl,org.apache.hadoop.ipc.DefaultCostProvider), (ipc.[port_number].decay-scheduler.backoff.responsetime.enable,false), (ipc.[port_number].decay-scheduler.backoff.responsetime.thresholds,10s,20s,30s,40s), (ipc.[port_number].decay-scheduler.decay-factor,0.5), (ipc.[port_number].decay-scheduler.metrics.top.user.count,10), (ipc.[port_number].decay-scheduler.period-ms,5000), (ipc.[port_number].decay-scheduler.thresholds,13,25,50), (ipc.[port_number].faircallqueue.multiplexer.weights,8,4,2,1), (ipc.[port_number].identity-provider.impl,org.apache.hadoop.ipc.UserIdentityProvider), (ipc.[port_number].scheduler.impl,org.apache.hadoop.ipc.DefaultRpcScheduler), (ipc.[port_number].scheduler.priority.levels,4), (ipc.[port_number].weighted-cost.handler,1), (ipc.[port_number].weighted-cost.lockexclusive,100), (ipc.[port_number].weighted-cost.lockfree,1), (ipc.[port_number].weighted-cost.lockshared,10), (ipc.[port_number].weighted-cost.response,1), (ipc.backoff.enable,false), (ipc.callqueue.impl,java.util.concurrent.LinkedBlockingQueue), (ipc.callqueue.overflow.trigger.failover,false), (ipc.client.async.calls.max,100), (ipc.client.bind.wildcard.addr,false), (ipc.client.connect.max.retries,10), (ipc.client.connect.max.retries.on.sasl,5), (ipc.client.connect.max.retries.on.timeouts,45), (ipc.client.connect.retry.interval,1000), (ipc.client.connect.timeout,20000), (ipc.client.connection.idle-scan-interval.ms,10000), (ipc.client.connection.maxidletime,10000), (ipc.client.fallback-to-simple-auth-allowed,false), (ipc.client.idlethreshold,4000), (ipc.client.kill.max,10), (ipc.client.low-latency,false), (ipc.client.ping,true), (ipc.client.rpc-timeout.ms,120000), (ipc.client.tcpnodelay,true), (ipc.cost-provider.impl,org.apache.hadoop.ipc.DefaultCostProvider), (ipc.identity-provider.impl,org.apache.hadoop.ipc.UserIdentityProvider), (ipc.maximum.data.length,134217728), (ipc.maximum.response.length,134217728), (ipc.ping.interval,60000), (ipc.scheduler.impl,org.apache.hadoop.ipc.DefaultRpcScheduler), (ipc.server.handler.queue.size,100), (ipc.server.listen.queue.size,256), (ipc.server.log.slow.rpc,false), (ipc.server.log.slow.rpc.threshold.ms,0), (ipc.server.max.connections,0), (ipc.server.max.response.size,1048576), (ipc.server.metrics.update.runner.interval,5000), (ipc.server.purge.interval,15), (ipc.server.read.connection-queue.size,100), (ipc.server.read.threadpool.size,1), (ipc.server.reuseaddr,true), (ipc.server.tcpnodelay,true), (map.sort.class,org.apache.hadoop.util.QuickSort), (mapreduce.am.max-attempts,2), (mapreduce.app-submission.cross-platform,false), (mapreduce.client.completion.pollinterval,5000), (mapreduce.client.libjars.wildcard,true), (mapreduce.client.output.filter,FAILED), (mapreduce.client.progressmonitor.pollinterval,1000), (mapreduce.client.submit.file.replication,10), (mapreduce.cluster.acls.enabled,false), (mapreduce.cluster.local.dir,${hadoop.tmp.dir}/mapred/local), (mapreduce.fileoutputcommitter.algorithm.version,1), (mapreduce.fileoutputcommitter.task.cleanup.enabled,false), (mapreduce.framework.name,local), (mapreduce.ifile.readahead,true), (mapreduce.ifile.readahead.bytes,4194304), (mapreduce.input.fileinputformat.list-status.num-threads,1), (mapreduce.input.fileinputformat.split.minsize,0), (mapreduce.input.lineinputformat.linespermap,1), (mapreduce.job.acl-modify-job, ), (mapreduce.job.acl-view-job, ), (mapreduce.job.cache.limit.max-resources,0), (mapreduce.job.cache.limit.max-resources-mb,0), (mapreduce.job.cache.limit.max-single-resource-mb,0), (mapreduce.job.classloader,false), (mapreduce.job.committer.setup.cleanup.needed,true), (mapreduce.job.complete.cancel.delegation.tokens,*********(redacted)), (mapreduce.job.counters.max,120), (mapreduce.job.dfs.storage.capacity.kill-limit-exceed,false), (mapreduce.job.emit-timeline-data,false), (mapreduce.job.encrypted-intermediate-data,false), (mapreduce.job.encrypted-intermediate-data-key-size-bits,128), (mapreduce.job.encrypted-intermediate-data.buffer.kb,128), (mapreduce.job.end-notification.max.attempts,5), (mapreduce.job.end-notification.max.retry.interval,5000), (mapreduce.job.end-notification.retry.attempts,0), (mapreduce.job.end-notification.retry.interval,1000), (mapreduce.job.finish-when-all-reducers-done,true), (mapreduce.job.hdfs-servers,${fs.defaultFS}), (mapreduce.job.heap.memory-mb.ratio,0.8), (mapreduce.job.local-fs.single-disk-limit.bytes,-1), (mapreduce.job.local-fs.single-disk-limit.check.interval-ms,5000), (mapreduce.job.local-fs.single-disk-limit.check.kill-limit-exceed,true), (mapreduce.job.map.output.collector.class,org.apache.hadoop.mapred.MapTask$MapOutputBuffer), (mapreduce.job.maps,2), (mapreduce.job.max.map,-1), (mapreduce.job.max.split.locations,15), (mapreduce.job.maxtaskfailures.per.tracker,3), (mapreduce.job.queuename,default), (mapreduce.job.reduce.shuffle.consumer.plugin.class,org.apache.hadoop.mapreduce.task.reduce.Shuffle), (mapreduce.job.reduce.slowstart.completedmaps,0.05), (mapreduce.job.reducer.preempt.delay.sec,0), (mapreduce.job.reducer.unconditional-preempt.delay.sec,300), (mapreduce.job.reduces,1), (mapreduce.job.running.map.limit,0), (mapreduce.job.running.reduce.limit,0), (mapreduce.job.sharedcache.mode,disabled), (mapreduce.job.speculative.minimum-allowed-tasks,10), (mapreduce.job.speculative.retry-after-no-speculate,1000), (mapreduce.job.speculative.retry-after-speculate,15000), (mapreduce.job.speculative.slowtaskthreshold,1.0), (mapreduce.job.speculative.speculative-cap-running-tasks,0.1), (mapreduce.job.speculative.speculative-cap-total-tasks,0.01), (mapreduce.job.split.metainfo.maxsize,10000000), (mapreduce.job.token.tracking.ids.enabled,*********(redacted)), (mapreduce.job.ubertask.enable,false), (mapreduce.job.ubertask.maxmaps,9), (mapreduce.job.ubertask.maxreduces,1), (mapreduce.jobhistory.address,0.0.0.0:10020), (mapreduce.jobhistory.admin.acl,*), (mapreduce.jobhistory.admin.address,0.0.0.0:10033), (mapreduce.jobhistory.always-scan-user-dir,false), (mapreduce.jobhistory.cleaner.enable,true), (mapreduce.jobhistory.cleaner.interval-ms,86400000), (mapreduce.jobhistory.client.thread-count,10), (mapreduce.jobhistory.datestring.cache.size,200000), (mapreduce.jobhistory.done-dir,${yarn.app.mapreduce.am.staging-dir}/history/done), (mapreduce.jobhistory.http.policy,HTTP_ONLY), (mapreduce.jobhistory.intermediate-done-dir,${yarn.app.mapreduce.am.staging-dir}/history/done_intermediate), (mapreduce.jobhistory.intermediate-user-done-dir.permissions,770), (mapreduce.jobhistory.jhist.format,binary), (mapreduce.jobhistory.joblist.cache.size,20000), (mapreduce.jobhistory.jobname.limit,50), (mapreduce.jobhistory.keytab,/etc/security/keytab/jhs.service.keytab), (mapreduce.jobhistory.loadedjob.tasks.max,-1), (mapreduce.jobhistory.loadedjobs.cache.size,5), (mapreduce.jobhistory.max-age-ms,604800000), (mapreduce.jobhistory.minicluster.fixed.ports,false), (mapreduce.jobhistory.move.interval-ms,180000), (mapreduce.jobhistory.move.thread-count,3), (mapreduce.jobhistory.principal,jhs/_HOST@REALM.TLD), (mapreduce.jobhistory.recovery.enable,false), (mapreduce.jobhistory.recovery.store.class,org.apache.hadoop.mapreduce.v2.hs.HistoryServerFileSystemStateStoreService), (mapreduce.jobhistory.recovery.store.fs.uri,${hadoop.tmp.dir}/mapred/history/recoverystore), (mapreduce.jobhistory.recovery.store.leveldb.path,${hadoop.tmp.dir}/mapred/history/recoverystore), (mapreduce.jobhistory.webapp.address,0.0.0.0:19888), (mapreduce.jobhistory.webapp.https.address,0.0.0.0:19890), (mapreduce.jobhistory.webapp.rest-csrf.custom-header,X-XSRF-Header), (mapreduce.jobhistory.webapp.rest-csrf.enabled,false), (mapreduce.jobhistory.webapp.rest-csrf.methods-to-ignore,GET,OPTIONS,HEAD), (mapreduce.jobhistory.webapp.xfs-filter.xframe-options,SAMEORIGIN), (mapreduce.jvm.add-opens-as-default,true), (mapreduce.jvm.system-properties-to-log,os.name,os.version,java.home,java.runtime.version,java.vendor,java.version,java.vm.name,java.class.path,java.io.tmpdir,user.dir,user.name), (mapreduce.map.cpu.vcores,1), (mapreduce.map.log.level,INFO), (mapreduce.map.maxattempts,4), (mapreduce.map.memory.mb,-1), (mapreduce.map.output.compress,false), (mapreduce.map.output.compress.codec,org.apache.hadoop.io.compress.DefaultCodec), (mapreduce.map.skip.maxrecords,0), (mapreduce.map.skip.proc-count.auto-incr,true), (mapreduce.map.sort.spill.percent,0.80), (mapreduce.map.speculative,true), (mapreduce.output.fileoutputformat.compress,false), (mapreduce.output.fileoutputformat.compress.codec,org.apache.hadoop.io.compress.DefaultCodec), (mapreduce.output.fileoutputformat.compress.type,RECORD), (mapreduce.outputcommitter.factory.scheme.abfs,org.apache.hadoop.fs.azurebfs.commit.AzureManifestCommitterFactory), (mapreduce.outputcommitter.factory.scheme.gs,org.apache.hadoop.mapreduce.lib.output.committer.manifest.ManifestCommitterFactory), (mapreduce.outputcommitter.factory.scheme.s3a,org.apache.hadoop.fs.s3a.commit.S3ACommitterFactory), (mapreduce.reduce.cpu.vcores,1), (mapreduce.reduce.input.buffer.percent,0.0), (mapreduce.reduce.log.level,INFO), (mapreduce.reduce.markreset.buffer.percent,0.0), (mapreduce.reduce.maxattempts,4), (mapreduce.reduce.memory.mb,-1), (mapreduce.reduce.merge.inmem.threshold,1000), (mapreduce.reduce.shuffle.connect.timeout,180000), (mapreduce.reduce.shuffle.fetch.retry.enabled,${yarn.nodemanager.recovery.enabled}), (mapreduce.reduce.shuffle.fetch.retry.interval-ms,1000), (mapreduce.reduce.shuffle.fetch.retry.timeout-ms,30000), (mapreduce.reduce.shuffle.input.buffer.percent,0.70), (mapreduce.reduce.shuffle.memory.limit.percent,0.25), (mapreduce.reduce.shuffle.merge.percent,0.66), (mapreduce.reduce.shuffle.parallelcopies,5), (mapreduce.reduce.shuffle.read.timeout,180000), (mapreduce.reduce.shuffle.retry-delay.max.ms,60000), (mapreduce.reduce.skip.maxgroups,0), (mapreduce.reduce.skip.proc-count.auto-incr,true), (mapreduce.reduce.speculative,true), (mapreduce.shuffle.connection-keep-alive.enable,false), (mapreduce.shuffle.connection-keep-alive.timeout,5), (mapreduce.shuffle.listen.queue.size,128), (mapreduce.shuffle.max.connections,0), (mapreduce.shuffle.max.threads,0), (mapreduce.shuffle.pathcache.concurrency-level,16), (mapreduce.shuffle.pathcache.expire-after-access-minutes,5), (mapreduce.shuffle.pathcache.max-weight,10485760), (mapreduce.shuffle.port,13562), (mapreduce.shuffle.ssl.enabled,false), (mapreduce.shuffle.ssl.file.buffer.size,65536), (mapreduce.shuffle.transfer.buffer.size,131072), (mapreduce.task.combine.progress.records,10000), (mapreduce.task.exit.timeout,60000), (mapreduce.task.exit.timeout.check-interval-ms,20000), (mapreduce.task.files.preserve.failedtasks,false), (mapreduce.task.io.sort.factor,10), (mapreduce.task.io.sort.mb,100), (mapreduce.task.local-fs.write-limit.bytes,-1), (mapreduce.task.merge.progress.records,10000), (mapreduce.task.ping-for-liveliness-check.enabled,false), (mapreduce.task.profile,false), (mapreduce.task.profile.map.params,${mapreduce.task.profile.params}), (mapreduce.task.profile.maps,0-2), (mapreduce.task.profile.params,-agentlib:hprof=cpu=samples,heap=sites,force=n,thread=y,verbose=n,file=%s), (mapreduce.task.profile.reduce.params,${mapreduce.task.profile.params}), (mapreduce.task.profile.reduces,0-2), (mapreduce.task.skip.start.attempts,2), (mapreduce.task.spill.files.count.limit,-1), (mapreduce.task.stuck.timeout-ms,600000), (mapreduce.task.timeout,600000), (mapreduce.task.userlog.limit.kb,0), (net.topology.impl,org.apache.hadoop.net.NetworkTopology), (net.topology.node.switch.mapping.impl,org.apache.hadoop.net.ScriptBasedMapping), (net.topology.script.number.args,100), (nfs.exports.allowed.hosts,* rw), (rpc.metrics.quantile.enable,false), (rpc.metrics.timeunit,MILLISECONDS), (seq.io.sort.factor,100), (seq.io.sort.mb,100), (tfile.fs.input.buffer.size,262144), (tfile.fs.output.buffer.size,262144), (tfile.io.chunk.size,1048576), (yarn.acl.enable,false), (yarn.acl.reservation-enable,false), (yarn.admin.acl,*), (yarn.am.liveness-monitor.expiry-interval-ms,900000), (yarn.app.attempt.diagnostics.limit.kc,64), (yarn.app.mapreduce.am.command-opts,-Xmx1024m), (yarn.app.mapreduce.am.container.log.backups,0), (yarn.app.mapreduce.am.container.log.limit.kb,0), (yarn.app.mapreduce.am.containerlauncher.threadpool-initial-size,10), (yarn.app.mapreduce.am.hard-kill-timeout-ms,10000), (yarn.app.mapreduce.am.job.committer.cancel-timeout,60000), (yarn.app.mapreduce.am.job.committer.commit-window,10000), (yarn.app.mapreduce.am.job.task.listener.thread-count,30), (yarn.app.mapreduce.am.log.level,INFO), (yarn.app.mapreduce.am.resource.cpu-vcores,1), (yarn.app.mapreduce.am.resource.mb,1536), (yarn.app.mapreduce.am.scheduler.heartbeat.interval-ms,1000), (yarn.app.mapreduce.am.staging-dir,/tmp/hadoop-yarn/staging), (yarn.app.mapreduce.am.staging-dir.erasurecoding.enabled,false), (yarn.app.mapreduce.am.webapp.https.client.auth,false), (yarn.app.mapreduce.am.webapp.https.enabled,false), (yarn.app.mapreduce.client-am.ipc.max-retries,3), (yarn.app.mapreduce.client-am.ipc.max-retries-on-timeouts,3), (yarn.app.mapreduce.client.job.max-retries,3), (yarn.app.mapreduce.client.job.retry-interval,2000), (yarn.app.mapreduce.client.max-retries,3), (yarn.app.mapreduce.shuffle.log.backups,0), (yarn.app.mapreduce.shuffle.log.limit.kb,0), (yarn.app.mapreduce.shuffle.log.separate,true), (yarn.app.mapreduce.task.container.log.backups,0), (yarn.apps.cache.enable,false), (yarn.apps.cache.expire,30s), (yarn.apps.cache.size,1000), (yarn.client.application-client-protocol.poll-interval-ms,200), (yarn.client.application-client-protocol.poll-timeout-ms,-1), (yarn.client.failover-no-ha-proxy-provider,org.apache.hadoop.yarn.client.DefaultNoHARMFailoverProxyProvider), (yarn.client.failover-proxy-provider,org.apache.hadoop.yarn.client.ConfiguredRMFailoverProxyProvider), (yarn.client.failover-retries,0), (yarn.client.failover-retries-on-socket-timeouts,0), (yarn.client.load.resource-types.from-server,false), (yarn.client.max-cached-nodemanagers-proxies,0), (yarn.client.nodemanager-client-async.thread-pool-max-size,500), (yarn.client.nodemanager-connect.max-wait-ms,180000), (yarn.client.nodemanager-connect.retry-interval-ms,10000), (yarn.cluster.max-application-priority,0), (yarn.dispatcher.cpu-monitor.samples-per-min,60), (yarn.dispatcher.drain-events.timeout,300000), (yarn.dispatcher.print-events-info.threshold,5000), (yarn.dispatcher.print-thread-pool.core-pool-size,1), (yarn.dispatcher.print-thread-pool.keep-alive-time,10s), (yarn.dispatcher.print-thread-pool.maximum-pool-size,5), (yarn.fail-fast,false), (yarn.federation.amrmproxy.allocation.history.max.entry,100), (yarn.federation.amrmproxy.register.uam.interval,100ms), (yarn.federation.amrmproxy.register.uam.retry-count,3), (yarn.federation.cache-entity.nums,1000), (yarn.federation.cache-ttl.secs,300), (yarn.federation.cache.class,org.apache.hadoop.yarn.server.federation.cache.FederationJCache), (yarn.federation.enabled,false), (yarn.federation.failover.random.order,false), (yarn.federation.gpg.application.cleaner.class,org.apache.hadoop.yarn.server.globalpolicygenerator.applicationcleaner.DefaultApplicationCleaner), (yarn.federation.gpg.application.cleaner.contact.router.spec,3,10,600000), (yarn.federation.gpg.application.cleaner.interval-ms,-1s), (yarn.federation.gpg.policy.generator.class,org.apache.hadoop.yarn.server.globalpolicygenerator.policygenerator.NoOpGlobalPolicy), (yarn.federation.gpg.policy.generator.interval,1h), (yarn.federation.gpg.policy.generator.interval-ms,3600000), (yarn.federation.gpg.policy.generator.load-based.edit.maximum,3), (yarn.federation.gpg.policy.generator.load-based.pending.maximum,1000), (yarn.federation.gpg.policy.generator.load-based.pending.minimum,100), (yarn.federation.gpg.policy.generator.load-based.scaling,LINEAR), (yarn.federation.gpg.policy.generator.load-based.weight.minimum,0), (yarn.federation.gpg.policy.generator.readonly,false), (yarn.federation.gpg.scheduled.executor.threads,10), (yarn.federation.gpg.subcluster.cleaner.interval-ms,-1ms), (yarn.federation.gpg.subcluster.heartbeat.expiration-ms,30m), (yarn.federation.gpg.webapp.address,0.0.0.0:8069), (yarn.federation.gpg.webapp.connect-timeout,30s), (yarn.federation.gpg.webapp.cross-origin.enabled,false), (yarn.federation.gpg.webapp.https.address,0.0.0.0:8070), (yarn.federation.gpg.webapp.read-timeout,30s), (yarn.federation.non-ha.enabled,false), (yarn.federation.registry.base-dir,yarnfederation/), (yarn.federation.state-store.class,org.apache.hadoop.yarn.server.federation.store.impl.MemoryFederationStateStore), (yarn.federation.state-store.clean-up-retry-count,1), (yarn.federation.state-store.clean-up-retry-sleep-time,1s), (yarn.federation.state-store.heartbeat.initial-delay,30s), (yarn.federation.state-store.max-applications,1000), (yarn.federation.state-store.sql.conn-time-out,10s), (yarn.federation.state-store.sql.idle-time-out,10m), (yarn.federation.state-store.sql.max-life-time,30m), (yarn.federation.state-store.sql.minimum-idle,1), (yarn.federation.state-store.sql.pool-name,YARN-Federation-DataBasePool), (yarn.federation.subcluster-resolver.class,org.apache.hadoop.yarn.server.federation.resolver.DefaultSubClusterResolverImpl), (yarn.fs-store.file.replication,0), (yarn.http.policy,HTTP_ONLY), (yarn.intermediate-data-encryption.enable,false), (yarn.ipc.rpc.class,org.apache.hadoop.yarn.ipc.HadoopYarnProtoRPC), (yarn.is.minicluster,false), (yarn.log-aggregation-enable,false), (yarn.log-aggregation-status.time-out.ms,600000), (yarn.log-aggregation.debug.filesize,104857600), (yarn.log-aggregation.enable-local-cleanup,true), (yarn.log-aggregation.file-controller.TFile.class,org.apache.hadoop.yarn.logaggregation.filecontroller.tfile.LogAggregationTFileController), (yarn.log-aggregation.file-formats,TFile), (yarn.log-aggregation.retain-check-interval-seconds,-1), (yarn.log-aggregation.retain-seconds,-1), (yarn.minicluster.control-resource-monitoring,false), (yarn.minicluster.fixed.ports,false), (yarn.minicluster.use-rpc,false), (yarn.minicluster.yarn.nodemanager.resource.memory-mb,4096), (yarn.nm.liveness-monitor.expiry-interval-ms,600000), (yarn.node-attribute.fs-store.impl.class,org.apache.hadoop.yarn.server.resourcemanager.nodelabels.FileSystemNodeAttributeStore), (yarn.node-labels.configuration-type,centralized), (yarn.node-labels.enabled,false), (yarn.node-labels.fs-store.impl.class,org.apache.hadoop.yarn.nodelabels.FileSystemNodeLabelsStore), (yarn.nodemanager.address,${yarn.nodemanager.hostname}:0), (yarn.nodemanager.admin-env,MALLOC_ARENA_MAX=$MALLOC_ARENA_MAX), (yarn.nodemanager.amrmproxy.address,0.0.0.0:8049), (yarn.nodemanager.amrmproxy.client.thread-count,25), (yarn.nodemanager.amrmproxy.enabled,false), (yarn.nodemanager.amrmproxy.ha.enable,false), (yarn.nodemanager.amrmproxy.interceptor-class.pipeline,org.apache.hadoop.yarn.server.nodemanager.amrmproxy.DefaultRequestInterceptor), (yarn.nodemanager.amrmproxy.wait.uam-register.done,false), (yarn.nodemanager.aux-services.%s.classpath,NONE), (yarn.nodemanager.aux-services.manifest.enabled,false), (yarn.nodemanager.aux-services.manifest.reload-ms,0), (yarn.nodemanager.aux-services.mapreduce_shuffle.class,org.apache.hadoop.mapred.ShuffleHandler), (yarn.nodemanager.collector-service.address,${yarn.nodemanager.hostname}:8048), (yarn.nodemanager.collector-service.thread-count,5), (yarn.nodemanager.container-diagnostics-maximum-size,10000), (yarn.nodemanager.container-executor.class,org.apache.hadoop.yarn.server.nodemanager.DefaultContainerExecutor), (yarn.nodemanager.container-executor.exit-code-file.timeout-ms,2000), (yarn.nodemanager.container-localizer.java.opts,-Xmx256m), (yarn.nodemanager.container-localizer.java.opts.add-exports-as-default,true), (yarn.nodemanager.container-localizer.log.level,INFO), (yarn.nodemanager.container-log-monitor.dir-size-limit-bytes,1000000000), (yarn.nodemanager.container-log-monitor.enable,false), (yarn.nodemanager.container-log-monitor.interval-ms,60000), (yarn.nodemanager.container-log-monitor.total-size-limit-bytes,10000000000), (yarn.nodemanager.container-manager.thread-count,20), (yarn.nodemanager.container-metrics.enable,true), (yarn.nodemanager.container-metrics.period-ms,-1), (yarn.nodemanager.container-metrics.unregister-delay-ms,10000), (yarn.nodemanager.container-monitor.enabled,true), (yarn.nodemanager.container-monitor.procfs-tree.smaps-based-rss.enabled,false), (yarn.nodemanager.container-retry-minimum-interval-ms,1000), (yarn.nodemanager.container.stderr.pattern,{*stderr*,*STDERR*}), (yarn.nodemanager.container.stderr.tail.bytes,4096), (yarn.nodemanager.containers-launcher.class,org.apache.hadoop.yarn.server.nodemanager.containermanager.launcher.ContainersLauncher), (yarn.nodemanager.default-container-executor.log-dirs.permissions,710), (yarn.nodemanager.delete.debug-delay-sec,0), (yarn.nodemanager.delete.thread-count,4), (yarn.nodemanager.disk-health-checker.disk-free-space-threshold.enabled,true), (yarn.nodemanager.disk-health-checker.disk-utilization-threshold.enabled,true), (yarn.nodemanager.disk-health-checker.enable,true), (yarn.nodemanager.disk-health-checker.interval-ms,120000), (yarn.nodemanager.disk-health-checker.max-disk-utilization-per-disk-percentage,90.0), (yarn.nodemanager.disk-health-checker.min-free-space-per-disk-mb,0), (yarn.nodemanager.disk-health-checker.min-free-space-per-disk-watermark-high-mb,0), (yarn.nodemanager.disk-health-checker.min-healthy-disks,0.25), (yarn.nodemanager.disk-validator,basic), (yarn.nodemanager.dispatcher.metric.enable,false), (yarn.nodemanager.distributed-scheduling.enabled,false), (yarn.nodemanager.elastic-memory-control.enabled,false), (yarn.nodemanager.elastic-memory-control.oom-handler,org.apache.hadoop.yarn.server.nodemanager.containermanager.linux.resources.DefaultOOMHandler), (yarn.nodemanager.elastic-memory-control.timeout-sec,5), (yarn.nodemanager.emit-container-events,true), (yarn.nodemanager.env-whitelist,JAVA_HOME,HADOOP_COMMON_HOME,HADOOP_HDFS_HOME,HADOOP_CONF_DIR,CLASSPATH_PREPEND_DISTCACHE,HADOOP_YARN_HOME,HADOOP_HOME,PATH,LANG,TZ), (yarn.nodemanager.health-checker.interval-ms,600000), (yarn.nodemanager.health-checker.run-before-startup,false), (yarn.nodemanager.health-checker.scripts,script), (yarn.nodemanager.health-checker.timeout-ms,1200000), (yarn.nodemanager.hostname,0.0.0.0), (yarn.nodemanager.keytab,/etc/krb5.keytab), (yarn.nodemanager.least-load-policy-selector.enabled,false), (yarn.nodemanager.least-load-policy-selector.fail-on-error,true), (yarn.nodemanager.least-load-policy-selector.multiplier,50000), (yarn.nodemanager.least-load-policy-selector.pending-container.threshold,10000), (yarn.nodemanager.least-load-policy-selector.use-active-core,false), (yarn.nodemanager.linux-container-executor.cgroups.delete-delay-ms,20), (yarn.nodemanager.linux-container-executor.cgroups.delete-timeout-ms,1000), (yarn.nodemanager.linux-container-executor.cgroups.hierarchy,/hadoop-yarn), (yarn.nodemanager.linux-container-executor.cgroups.mount,false), (yarn.nodemanager.linux-container-executor.cgroups.strict-resource-usage,false), (yarn.nodemanager.linux-container-executor.nonsecure-mode.limit-users,true), (yarn.nodemanager.linux-container-executor.nonsecure-mode.local-user,nobody), (yarn.nodemanager.linux-container-executor.nonsecure-mode.user-pattern,^[_.A-Za-z0-9][-@_.A-Za-z0-9]{0,255}?[$]?$), (yarn.nodemanager.linux-container-executor.resources-handler.class,org.apache.hadoop.yarn.server.nodemanager.util.DefaultLCEResourcesHandler), (yarn.nodemanager.local-cache.max-files-per-directory,8192), (yarn.nodemanager.local-dirs,${hadoop.tmp.dir}/nm-local-dir), (yarn.nodemanager.localizer.address,${yarn.nodemanager.hostname}:8040), (yarn.nodemanager.localizer.cache.cleanup.interval-ms,600000), (yarn.nodemanager.localizer.cache.target-size-mb,10240), (yarn.nodemanager.localizer.client.thread-count,5), (yarn.nodemanager.localizer.fetch.thread-count,4), (yarn.nodemanager.log-aggregation.compression-type,none), (yarn.nodemanager.log-aggregation.num-log-files-per-app,30), (yarn.nodemanager.log-aggregation.policy.class,org.apache.hadoop.yarn.server.nodemanager.containermanager.logaggregation.AllContainerLogAggregationPolicy), (yarn.nodemanager.log-aggregation.roll-monitoring-interval-seconds,-1), (yarn.nodemanager.log-aggregation.roll-monitoring-interval-seconds.min,3600), (yarn.nodemanager.log-container-debug-info-on-error.enabled,false), (yarn.nodemanager.log-container-debug-info.enabled,true), (yarn.nodemanager.log-dirs,${yarn.log.dir}/userlogs), (yarn.nodemanager.log.delete.threshold,100g), (yarn.nodemanager.log.deletion-threads-count,4), (yarn.nodemanager.log.retain-seconds,10800), (yarn.nodemanager.log.trigger.delete.by-size.enabled,false), (yarn.nodemanager.logaggregation.threadpool-size-max,100), (yarn.nodemanager.node-attributes.provider.fetch-interval-ms,600000), (yarn.nodemanager.node-attributes.provider.fetch-timeout-ms,1200000), (yarn.nodemanager.node-attributes.resync-interval-ms,120000), (yarn.nodemanager.node-labels.provider.fetch-interval-ms,600000), (yarn.nodemanager.node-labels.provider.fetch-timeout-ms,1200000), (yarn.nodemanager.node-labels.resync-interval-ms,120000), (yarn.nodemanager.numa-awareness.enabled,false), (yarn.nodemanager.numa-awareness.numactl.cmd,/usr/bin/numactl), (yarn.nodemanager.numa-awareness.read-topology,false), (yarn.nodemanager.opportunistic-containers-max-queue-length,0), (yarn.nodemanager.opportunistic-containers-queue-policy,BY_QUEUE_LEN), (yarn.nodemanager.opportunistic-containers-use-pause-for-preemption,false), (yarn.nodemanager.pluggable-device-framework.enabled,false), (yarn.nodemanager.pmem-check-enabled,true), (yarn.nodemanager.process-kill-wait.ms,5000), (yarn.nodemanager.recovery.compaction-interval-secs,3600), (yarn.nodemanager.recovery.dir,${hadoop.tmp.dir}/yarn-nm-recovery), (yarn.nodemanager.recovery.enabled,false), (yarn.nodemanager.recovery.supervised,false), (yarn.nodemanager.remote-app-log-dir,/tmp/logs), (yarn.nodemanager.remote-app-log-dir-include-older,true), (yarn.nodemanager.remote-app-log-dir-suffix,logs), (yarn.nodemanager.resource-monitor.interval-ms,3000), (yarn.nodemanager.resource-plugins.fpga.allowed-fpga-devices,auto), (yarn.nodemanager.resource-plugins.fpga.vendor-plugin.class,org.apache.hadoop.yarn.server.nodemanager.containermanager.resourceplugin.fpga.IntelFpgaOpenclPlugin), (yarn.nodemanager.resource-plugins.gpu.allowed-gpu-devices,auto), (yarn.nodemanager.resource-plugins.gpu.docker-plugin,nvidia-docker-v1), (yarn.nodemanager.resource-plugins.gpu.docker-plugin.nvidia-docker-v1.endpoint,http://localhost:3476/v1.0/docker/cli), (yarn.nodemanager.resource.count-logical-processors-as-cores,false), (yarn.nodemanager.resource.cpu-vcores,-1), (yarn.nodemanager.resource.detect-hardware-capabilities,false), (yarn.nodemanager.resource.memory-mb,-1), (yarn.nodemanager.resource.memory.cgroups.soft-limit-percentage,90.0), (yarn.nodemanager.resource.memory.cgroups.swappiness,0), (yarn.nodemanager.resource.memory.enabled,false), (yarn.nodemanager.resource.memory.enforced,true), (yarn.nodemanager.resource.pcores-vcores-multiplier,1.0), (yarn.nodemanager.resource.percentage-physical-cpu-limit,100), (yarn.nodemanager.resource.system-reserved-memory-mb,-1), (yarn.nodemanager.resourcemanager.minimum.version,NONE), (yarn.nodemanager.runtime.linux.allowed-runtimes,default), (yarn.nodemanager.runtime.linux.docker.allowed-container-networks,host,none,bridge), (yarn.nodemanager.runtime.linux.docker.allowed-container-runtimes,runc), (yarn.nodemanager.runtime.linux.docker.capabilities,CHOWN,DAC_OVERRIDE,FSETID,FOWNER,MKNOD,NET_RAW,SETGID,SETUID,SETFCAP,SETPCAP,NET_BIND_SERVICE,SYS_CHROOT,KILL,AUDIT_WRITE), (yarn.nodemanager.runtime.linux.docker.default-container-network,host), (yarn.nodemanager.runtime.linux.docker.delayed-removal.allowed,false), (yarn.nodemanager.runtime.linux.docker.enable-userremapping.allowed,true), (yarn.nodemanager.runtime.linux.docker.host-pid-namespace.allowed,false), (yarn.nodemanager.runtime.linux.docker.image-update,false), (yarn.nodemanager.runtime.linux.docker.privileged-containers.allowed,false), (yarn.nodemanager.runtime.linux.docker.stop.grace-period,10), (yarn.nodemanager.runtime.linux.docker.userremapping-gid-threshold,1), (yarn.nodemanager.runtime.linux.docker.userremapping-uid-threshold,1), (yarn.nodemanager.runtime.linux.runc.allowed-container-networks,host,none,bridge), (yarn.nodemanager.runtime.linux.runc.allowed-container-runtimes,runc), (yarn.nodemanager.runtime.linux.runc.hdfs-manifest-to-resources-plugin.stat-cache-size,500), (yarn.nodemanager.runtime.linux.runc.hdfs-manifest-to-resources-plugin.stat-cache-timeout-interval-secs,360), (yarn.nodemanager.runtime.linux.runc.host-pid-namespace.allowed,false), (yarn.nodemanager.runtime.linux.runc.image-tag-to-manifest-plugin,org.apache.hadoop.yarn.server.nodemanager.containermanager.linux.runtime.runc.ImageTagToManifestPlugin), (yarn.nodemanager.runtime.linux.runc.image-tag-to-manifest-plugin.cache-refresh-interval-secs,60), (yarn.nodemanager.runtime.linux.runc.image-tag-to-manifest-plugin.hdfs-hash-file,/runc-root/image-tag-to-hash), (yarn.nodemanager.runtime.linux.runc.image-tag-to-manifest-plugin.num-manifests-to-cache,10), (yarn.nodemanager.runtime.linux.runc.image-toplevel-dir,/runc-root), (yarn.nodemanager.runtime.linux.runc.layer-mounts-interval-secs,600), (yarn.nodemanager.runtime.linux.runc.layer-mounts-to-keep,100), (yarn.nodemanager.runtime.linux.runc.manifest-to-resources-plugin,org.apache.hadoop.yarn.server.nodemanager.containermanager.linux.runtime.runc.HdfsManifestToResourcesPlugin), (yarn.nodemanager.runtime.linux.runc.privileged-containers.allowed,false), (yarn.nodemanager.runtime.linux.sandbox-mode,disabled), (yarn.nodemanager.runtime.linux.sandbox-mode.local-dirs.permissions,read), (yarn.nodemanager.sleep-delay-before-sigkill.ms,250), (yarn.nodemanager.vmem-check-enabled,true), (yarn.nodemanager.vmem-pmem-ratio,2.1), (yarn.nodemanager.webapp.address,${yarn.nodemanager.hostname}:8042), (yarn.nodemanager.webapp.cross-origin.enabled,false), (yarn.nodemanager.webapp.https.address,0.0.0.0:8044), (yarn.nodemanager.webapp.rest-csrf.custom-header,X-XSRF-Header), (yarn.nodemanager.webapp.rest-csrf.enabled,false), (yarn.nodemanager.webapp.rest-csrf.methods-to-ignore,GET,OPTIONS,HEAD), (yarn.nodemanager.webapp.xfs-filter.xframe-options,SAMEORIGIN), (yarn.nodemanager.windows-container.cpu-limit.enabled,false), (yarn.nodemanager.windows-container.memory-limit.enabled,false), (yarn.registry.class,org.apache.hadoop.registry.client.impl.FSRegistryOperationsService), (yarn.resourcemanager.activities-manager.app-activities.max-queue-length,100), (yarn.resourcemanager.activities-manager.app-activities.ttl-ms,600000), (yarn.resourcemanager.activities-manager.cleanup-interval-ms,5000), (yarn.resourcemanager.activities-manager.scheduler-activities.ttl-ms,600000), (yarn.resourcemanager.address,${yarn.resourcemanager.hostname}:8032), (yarn.resourcemanager.admin.address,${yarn.resourcemanager.hostname}:8033), (yarn.resourcemanager.admin.client.thread-count,1), (yarn.resourcemanager.am-rm-tokens.master-key-rolling-interval-secs,*********(redacted)), (yarn.resourcemanager.am.max-attempts,2), (yarn.resourcemanager.amlauncher.thread-count,50), (yarn.resourcemanager.application-https.policy,NONE), (yarn.resourcemanager.application-tag-based-placement.enable,false), (yarn.resourcemanager.application-tag-based-placement.force-lowercase,true), (yarn.resourcemanager.application-timeouts.monitor.interval-ms,3000), (yarn.resourcemanager.application.max-tag.length,100), (yarn.resourcemanager.application.max-tags,10), (yarn.resourcemanager.auto-update.containers,false), (yarn.resourcemanager.client.thread-count,50), (yarn.resourcemanager.configuration.file-system-based-store,/yarn/conf), (yarn.resourcemanager.configuration.provider-class,org.apache.hadoop.yarn.LocalConfigurationProvider), (yarn.resourcemanager.connect.max-wait.ms,900000), (yarn.resourcemanager.connect.retry-interval.ms,30000), (yarn.resourcemanager.container-tokens.master-key-rolling-interval-secs,*********(redacted)), (yarn.resourcemanager.container.liveness-monitor.interval-ms,600000), (yarn.resourcemanager.decommissioning-nodes-watcher.poll-interval-secs,20), (yarn.resourcemanager.delayed.delegation-token.removal-interval-ms,*********(redacted)), (yarn.resourcemanager.delegation-token-renewer.thread-count,*********(redacted)), (yarn.resourcemanager.delegation-token-renewer.thread-retry-interval,*********(redacted)), (yarn.resourcemanager.delegation-token-renewer.thread-retry-max-attempts,*********(redacted)), (yarn.resourcemanager.delegation-token-renewer.thread-timeout,*********(redacted)), (yarn.resourcemanager.delegation-token.always-cancel,*********(redacted)), (yarn.resourcemanager.delegation-token.max-conf-size-bytes,*********(redacted)), (yarn.resourcemanager.delegation.key.update-interval,86400000), (yarn.resourcemanager.delegation.token.max-lifetime,*********(redacted)), (yarn.resourcemanager.delegation.token.remove-scan-interval,*********(redacted)), (yarn.resourcemanager.delegation.token.renew-interval,*********(redacted)), (yarn.resourcemanager.enable-node-untracked-without-include-path,false), (yarn.resourcemanager.epoch.range,0), (yarn.resourcemanager.fail-fast,${yarn.fail-fast}), (yarn.resourcemanager.fs.state-store.num-retries,0), (yarn.resourcemanager.fs.state-store.retry-interval-ms,1000), (yarn.resourcemanager.fs.state-store.uri,${hadoop.tmp.dir}/yarn/system/rmstore), (yarn.resourcemanager.ha.automatic-failover.embedded,true), (yarn.resourcemanager.ha.automatic-failover.enabled,true), (yarn.resourcemanager.ha.automatic-failover.zk-base-path,/yarn-leader-election), (yarn.resourcemanager.ha.enabled,false), (yarn.resourcemanager.history-writer.multi-threaded-dispatcher.pool-size,10), (yarn.resourcemanager.hostname,0.0.0.0), (yarn.resourcemanager.keytab,/etc/krb5.keytab), (yarn.resourcemanager.leveldb-state-store.compaction-interval-secs,3600), (yarn.resourcemanager.leveldb-state-store.path,${hadoop.tmp.dir}/yarn/system/rmstore), (yarn.resourcemanager.max-completed-applications,1000), (yarn.resourcemanager.max-log-aggregation-diagnostics-in-memory,10), (yarn.resourcemanager.metrics.runtime.buckets,60,300,1440), (yarn.resourcemanager.nm-container-queuing.load-comparator,QUEUE_LENGTH), (yarn.resourcemanager.nm-container-queuing.max-queue-length,15), (yarn.resourcemanager.nm-container-queuing.max-queue-wait-time-ms,100), (yarn.resourcemanager.nm-container-queuing.min-queue-length,5), (yarn.resourcemanager.nm-container-queuing.min-queue-wait-time-ms,10), (yarn.resourcemanager.nm-container-queuing.queue-limit-stdev,1.0f), (yarn.resourcemanager.nm-container-queuing.sorting-nodes-interval-ms,1000), (yarn.resourcemanager.nm-tokens.master-key-rolling-interval-secs,*********(redacted)), (yarn.resourcemanager.node-ip-cache.expiry-interval-secs,-1), (yarn.resourcemanager.node-labels.am.allow-non-exclusive-allocation,false), (yarn.resourcemanager.node-labels.provider.fetch-interval-ms,1800000), (yarn.resourcemanager.node-labels.provider.update-newly-registered-nodes-interval-ms,30000), (yarn.resourcemanager.node-removal-untracked.timeout-ms,60000), (yarn.resourcemanager.nodemanager-connect-retries,10), (yarn.resourcemanager.nodemanager-graceful-decommission-timeout-secs,3600), (yarn.resourcemanager.nodemanager.minimum.version,NONE), (yarn.resourcemanager.nodemanagers.heartbeat-interval-max-ms,1000), (yarn.resourcemanager.nodemanagers.heartbeat-interval-min-ms,1000), (yarn.resourcemanager.nodemanagers.heartbeat-interval-ms,1000), (yarn.resourcemanager.nodemanagers.heartbeat-interval-scaling-enable,false), (yarn.resourcemanager.nodemanagers.heartbeat-interval-slowdown-factor,1.0), (yarn.resourcemanager.nodemanagers.heartbeat-interval-speedup-factor,1.0), (yarn.resourcemanager.nodestore-rootdir.num-retries,1000), (yarn.resourcemanager.nodestore-rootdir.retry-interval-ms,1000), (yarn.resourcemanager.opportunistic-container-allocation.enabled,false), (yarn.resourcemanager.opportunistic-container-allocation.nodes-used,10), (yarn.resourcemanager.opportunistic.max.container-allocation.per.am.heartbeat,-1), (yarn.resourcemanager.placement-constraints.algorithm.class,org.apache.hadoop.yarn.server.resourcemanager.scheduler.constraint.algorithm.DefaultPlacementAlgorithm), (yarn.resourcemanager.placement-constraints.algorithm.iterator,SERIAL), (yarn.resourcemanager.placement-constraints.algorithm.pool-size,1), (yarn.resourcemanager.placement-constraints.handler,disabled), (yarn.resourcemanager.placement-constraints.retry-attempts,3), (yarn.resourcemanager.placement-constraints.scheduler.pool-size,1), (yarn.resourcemanager.proxy-user-privileges.enabled,false), (yarn.resourcemanager.proxy.connection.timeout,60000), (yarn.resourcemanager.proxy.timeout.enabled,true), (yarn.resourcemanager.recovery.enabled,false), (yarn.resourcemanager.reservation-system.enable,false), (yarn.resourcemanager.reservation-system.planfollower.time-step,1000), (yarn.resourcemanager.resource-profiles.enabled,false), (yarn.resourcemanager.resource-profiles.source-file,resource-profiles.json), (yarn.resourcemanager.resource-tracker.address,${yarn.resourcemanager.hostname}:8031), (yarn.resourcemanager.resource-tracker.client.thread-count,50), (yarn.resourcemanager.resource-tracker.nm.ip-hostname-check,false), (yarn.resourcemanager.rm.container-allocation.expiry-interval-ms,600000), (yarn.resourcemanager.scheduler.address,${yarn.resourcemanager.hostname}:8030), (yarn.resourcemanager.scheduler.class,org.apache.hadoop.yarn.server.resourcemanager.scheduler.capacity.CapacityScheduler), (yarn.resourcemanager.scheduler.client.thread-count,50), (yarn.resourcemanager.scheduler.monitor.enable,false), (yarn.resourcemanager.scheduler.monitor.policies,org.apache.hadoop.yarn.server.resourcemanager.monitor.capacity.ProportionalCapacityPreemptionPolicy), (yarn.resourcemanager.state-store.max-completed-applications,${yarn.resourcemanager.max-completed-applications}), (yarn.resourcemanager.store.class,org.apache.hadoop.yarn.server.resourcemanager.recovery.FileSystemRMStateStore), (yarn.resourcemanager.submission-preprocessor.enabled,false), (yarn.resourcemanager.submission-preprocessor.file-refresh-interval-ms,60000), (yarn.resourcemanager.system-metrics-publisher.dispatcher.pool-size,10), (yarn.resourcemanager.system-metrics-publisher.enabled,false), (yarn.resourcemanager.system-metrics-publisher.timeline-server-v1.batch-size,1000), (yarn.resourcemanager.system-metrics-publisher.timeline-server-v1.enable-batch,false), (yarn.resourcemanager.system-metrics-publisher.timeline-server-v1.interval-seconds,60), (yarn.resourcemanager.webapp.address,${yarn.resourcemanager.hostname}:8088), (yarn.resourcemanager.webapp.cross-origin.enabled,false), (yarn.resourcemanager.webapp.delegation-token-auth-filter.enabled,*********(redacted)), (yarn.resourcemanager.webapp.https.address,${yarn.resourcemanager.hostname}:8090), (yarn.resourcemanager.webapp.rest-csrf.custom-header,X-XSRF-Header), (yarn.resourcemanager.webapp.rest-csrf.enabled,false), (yarn.resourcemanager.webapp.rest-csrf.methods-to-ignore,GET,OPTIONS,HEAD), (yarn.resourcemanager.webapp.ui-actions.enabled,true), (yarn.resourcemanager.webapp.xfs-filter.xframe-options,SAMEORIGIN), (yarn.resourcemanager.work-preserving-recovery.enabled,true), (yarn.resourcemanager.work-preserving-recovery.scheduling-wait-ms,10000), (yarn.resourcemanager.zk-appid-node.split-index,0), (yarn.resourcemanager.zk-client-ssl.enabled,false), (yarn.resourcemanager.zk-delegation-token-node.split-index,*********(redacted)), (yarn.resourcemanager.zk-max-znode-size.bytes,1048576), (yarn.resourcemanager.zk-state-store.parent-path,/rmstore), (yarn.rm.system-metrics-publisher.emit-container-events,false), (yarn.router.asc-interceptor-max-size,1MB), (yarn.router.clientrm.interceptor-class.pipeline,org.apache.hadoop.yarn.server.router.clientrm.DefaultClientRequestInterceptor), (yarn.router.deregister.subcluster.enabled,true), (yarn.router.interceptor.allow-partial-result.enable,false), (yarn.router.interceptor.user-thread-pool.allow-core-thread-time-out,false), (yarn.router.interceptor.user-thread-pool.keep-alive-time,30s), (yarn.router.interceptor.user-thread-pool.maximum-pool-size,5), (yarn.router.interceptor.user-thread-pool.minimum-pool-size,5), (yarn.router.interceptor.user.threadpool-size,5), (yarn.router.pipeline.cache-max-size,25), (yarn.router.rmadmin.interceptor-class.pipeline,org.apache.hadoop.yarn.server.router.rmadmin.DefaultRMAdminRequestInterceptor), (yarn.router.scheduled.executor.threads,1), (yarn.router.subcluster.cleaner.interval.time,60s), (yarn.router.subcluster.heartbeat.expiration.time,30m), (yarn.router.submit.interval.time,10ms), (yarn.router.webapp.address,0.0.0.0:8089), (yarn.router.webapp.appsinfo-cached-count,100), (yarn.router.webapp.appsinfo-enabled,false), (yarn.router.webapp.cross-origin.enabled,false), (yarn.router.webapp.https.address,0.0.0.0:8091), (yarn.router.webapp.interceptor-class.pipeline,org.apache.hadoop.yarn.server.router.webapp.DefaultRequestInterceptorREST), (yarn.router.webapp.proxy.enable,true), (yarn.scheduler.configuration.fs.path,file://${hadoop.tmp.dir}/yarn/system/schedconf), (yarn.scheduler.configuration.leveldb-store.compaction-interval-secs,86400), (yarn.scheduler.configuration.leveldb-store.path,${hadoop.tmp.dir}/yarn/system/confstore), (yarn.scheduler.configuration.max.version,100), (yarn.scheduler.configuration.mutation.acl-policy.class,org.apache.hadoop.yarn.server.resourcemanager.scheduler.DefaultConfigurationMutationACLPolicy), (yarn.scheduler.configuration.store.class,file), (yarn.scheduler.configuration.store.max-logs,1000), (yarn.scheduler.configuration.zk-store.parent-path,/confstore), (yarn.scheduler.include-port-in-node-name,false), (yarn.scheduler.maximum-allocation-mb,8192), (yarn.scheduler.maximum-allocation-vcores,4), (yarn.scheduler.minimum-allocation-mb,1024), (yarn.scheduler.minimum-allocation-vcores,1), (yarn.scheduler.queue-placement-rules,user-group), (yarn.scheduler.skip.node.multiplier,2), (yarn.sharedcache.admin.address,0.0.0.0:8047), (yarn.sharedcache.admin.thread-count,1), (yarn.sharedcache.app-checker.class,org.apache.hadoop.yarn.server.sharedcachemanager.RemoteAppChecker), (yarn.sharedcache.checksum.algo.impl,org.apache.hadoop.yarn.sharedcache.ChecksumSHA256Impl), (yarn.sharedcache.cleaner.initial-delay-mins,10), (yarn.sharedcache.cleaner.period-mins,1440), (yarn.sharedcache.cleaner.resource-sleep-ms,0), (yarn.sharedcache.client-server.address,0.0.0.0:8045), (yarn.sharedcache.client-server.thread-count,50), (yarn.sharedcache.enabled,false), (yarn.sharedcache.nested-level,3), (yarn.sharedcache.nm.uploader.replication.factor,10), (yarn.sharedcache.nm.uploader.thread-count,20), (yarn.sharedcache.root-dir,/sharedcache), (yarn.sharedcache.store.class,org.apache.hadoop.yarn.server.sharedcachemanager.store.InMemorySCMStore), (yarn.sharedcache.store.in-memory.check-period-mins,720), (yarn.sharedcache.store.in-memory.initial-delay-mins,10), (yarn.sharedcache.store.in-memory.staleness-period-mins,10080), (yarn.sharedcache.uploader.server.address,0.0.0.0:8046), (yarn.sharedcache.uploader.server.thread-count,50), (yarn.sharedcache.webapp.address,0.0.0.0:8788), (yarn.system-metrics-publisher.enabled,false), (yarn.timeline-service.address,${yarn.timeline-service.hostname}:10200), (yarn.timeline-service.app-aggregation-interval-secs,15), (yarn.timeline-service.app-collector.linger-period.ms,60000), (yarn.timeline-service.client.best-effort,false), (yarn.timeline-service.client.drain-entities.timeout.ms,2000), (yarn.timeline-service.client.fd-clean-interval-secs,60), (yarn.timeline-service.client.fd-flush-interval-secs,10), (yarn.timeline-service.client.fd-retain-secs,300), (yarn.timeline-service.client.internal-timers-ttl-secs,420), (yarn.timeline-service.client.max-retries,30), (yarn.timeline-service.client.retry-interval-ms,1000), (yarn.timeline-service.enabled,false), (yarn.timeline-service.entity-group-fs-store.active-dir,/tmp/entity-file-history/active), (yarn.timeline-service.entity-group-fs-store.app-cache-size,10), (yarn.timeline-service.entity-group-fs-store.cache-store-class,org.apache.hadoop.yarn.server.timeline.MemoryTimelineStore), (yarn.timeline-service.entity-group-fs-store.cleaner-interval-seconds,3600), (yarn.timeline-service.entity-group-fs-store.done-dir,/tmp/entity-file-history/done/), (yarn.timeline-service.entity-group-fs-store.leveldb-cache-read-cache-size,10485760), (yarn.timeline-service.entity-group-fs-store.retain-seconds,604800), (yarn.timeline-service.entity-group-fs-store.scan-interval-seconds,60), (yarn.timeline-service.entity-group-fs-store.summary-store,org.apache.hadoop.yarn.server.timeline.LeveldbTimelineStore), (yarn.timeline-service.entity-group-fs-store.with-user-dir,false), (yarn.timeline-service.flowname.max-size,0), (yarn.timeline-service.generic-application-history.max-applications,10000), (yarn.timeline-service.handler-thread-count,10), (yarn.timeline-service.hbase-schema.prefix,prod.), (yarn.timeline-service.hbase.coprocessor.app-final-value-retention-milliseconds,259200000), (yarn.timeline-service.hbase.coprocessor.jar.hdfs.location,/hbase/coprocessor/hadoop-yarn-server-timelineservice.jar), (yarn.timeline-service.hostname,0.0.0.0), (yarn.timeline-service.http-authentication.simple.anonymous.allowed,true), (yarn.timeline-service.http-authentication.type,simple), (yarn.timeline-service.http-cross-origin.enabled,false), (yarn.timeline-service.keytab,/etc/krb5.keytab), (yarn.timeline-service.leveldb-state-store.path,${hadoop.tmp.dir}/yarn/timeline), (yarn.timeline-service.leveldb-timeline-store.path,${hadoop.tmp.dir}/yarn/timeline), (yarn.timeline-service.leveldb-timeline-store.read-cache-size,104857600), (yarn.timeline-service.leveldb-timeline-store.start-time-read-cache-size,10000), (yarn.timeline-service.leveldb-timeline-store.start-time-write-cache-size,10000), (yarn.timeline-service.leveldb-timeline-store.ttl-interval-ms,300000), (yarn.timeline-service.reader.class,org.apache.hadoop.yarn.server.timelineservice.storage.HBaseTimelineReaderImpl), (yarn.timeline-service.reader.webapp.address,${yarn.timeline-service.webapp.address}), (yarn.timeline-service.reader.webapp.https.address,${yarn.timeline-service.webapp.https.address}), (yarn.timeline-service.recovery.enabled,false), (yarn.timeline-service.state-store-class,org.apache.hadoop.yarn.server.timeline.recovery.LeveldbTimelineStateStore), (yarn.timeline-service.store-class,org.apache.hadoop.yarn.server.timeline.LeveldbTimelineStore), (yarn.timeline-service.timeline-client.number-of-async-entities-to-merge,10), (yarn.timeline-service.ttl-enable,true), (yarn.timeline-service.ttl-ms,604800000), (yarn.timeline-service.version,1.0f), (yarn.timeline-service.webapp.address,${yarn.timeline-service.hostname}:8188), (yarn.timeline-service.webapp.https.address,${yarn.timeline-service.hostname}:8190), (yarn.timeline-service.webapp.rest-csrf.custom-header,X-XSRF-Header), (yarn.timeline-service.webapp.rest-csrf.enabled,false), (yarn.timeline-service.webapp.rest-csrf.methods-to-ignore,GET,OPTIONS,HEAD), (yarn.timeline-service.webapp.xfs-filter.xframe-options,SAMEORIGIN), (yarn.timeline-service.writer.async.queue.capacity,100), (yarn.timeline-service.writer.class,org.apache.hadoop.yarn.server.timelineservice.storage.HBaseTimelineWriterImpl), (yarn.timeline-service.writer.flush-interval-seconds,60), (yarn.webapp.api-service.enable,false), (yarn.webapp.enable-rest-app-submissions,true), (yarn.webapp.filter-entity-list-by-user,false), (yarn.webapp.filter-invalid-xml-chars,false), (yarn.webapp.ui1.tools.enable,true), (yarn.webapp.ui2.enable,false), (yarn.webapp.xfs-filter.enabled,true), (yarn.workflow-id.tag-prefix,workflowid:)), Metrics Properties -> List((*.sink.servlet.class,org.apache.spark.metrics.sink.MetricsServlet), (*.sink.servlet.path,/metrics/json), (applications.sink.servlet.path,/metrics/applications/json), (master.sink.servlet.path,/metrics/master/json)), System Properties -> List((SPARK_SUBMIT,true), (derby.connection.requireAuthentication,false), (file.encoding,UTF-8), (file.separator,/), (io.netty.allocator.type,pooled), (io.netty.handler.ssl.defaultEndpointVerificationAlgorithm,NONE), (io.netty.tryReflectionSetAccessible,true), (java.class.version,61.0), (java.home,/opt/java/openjdk), (java.io.tmpdir,/tmp), (java.library.path,/usr/java/packages/lib:/usr/lib64:/lib64:/lib:/usr/lib), (java.runtime.name,OpenJDK Runtime Environment), (java.runtime.version,17.0.19+10), (java.specification.maintenance.version,1), (java.specification.name,Java Platform API Specification), (java.specification.vendor,Oracle Corporation), (java.specification.version,17), (java.vendor,Eclipse Adoptium), (java.vendor.url,https://adoptium.net/), (java.vendor.url.bug,https://github.com/adoptium/adoptium-support/issues), (java.vendor.version,Temurin-17.0.19+10), (java.version,17.0.19), (java.version.date,2026-04-21), (java.vm.compressedOopsMode,32-bit), (java.vm.info,mixed mode, sharing), (java.vm.name,OpenJDK 64-Bit Server VM), (java.vm.specification.name,Java Virtual Machine Specification), (java.vm.specification.vendor,Oracle Corporation), (java.vm.specification.version,17), (java.vm.vendor,Eclipse Adoptium), (java.vm.version,17.0.19+10), (jdk.debug,release), (jdk.reflect.useDirectMethodHandle,false), (jetty.git.hash,7559873b6e46eea7c2c6da2b58327ea2ecf941f4), (line.separator,
), (native.encoding,UTF-8), (os.arch,amd64), (os.name,Linux), (os.version,6.18.33.2-microsoft-standard-WSL2), (path.separator,:), (sun.arch.data.model,64), (sun.boot.library.path,/opt/java/openjdk/lib), (sun.cpu.endian,little), (sun.io.unicode.encoding,UnicodeLittle), (sun.java.command,org.apache.spark.deploy.SparkSubmit --master spark://spark-master:7077 /tmp/apex-f7-after.py), (sun.java.launcher,SUN_STANDARD), (sun.jnu.encoding,UTF-8), (sun.management.compiler,HotSpot 64-Bit Tiered Compilers), (user.country,US), (user.dir,/opt/spark/work-dir), (user.home,/nonexistent), (user.language,en), (user.name,spark), (user.timezone,Etc/UTC)), JVM Information -> List((Java Home,/opt/java/openjdk), (Java Version,17.0.19 (Eclipse Adoptium)), (Scala Version,version 2.13.17)))) bylistener EventLoggingListener took 1198.724968ms.
26/07/19 03:25:18 INFO ContextHandler: Started o.s.j.s.ServletContextHandler@2f658856{/static,null,AVAILABLE,@Spark}
26/07/19 03:25:18 INFO ContextHandler: Started o.s.j.s.ServletContextHandler@7d81d7c3{/,null,AVAILABLE,@Spark}
26/07/19 03:25:18 INFO ContextHandler: Started o.s.j.s.ServletContextHandler@195c823f{/api,null,AVAILABLE,@Spark}
26/07/19 03:25:18 INFO ContextHandler: Started o.s.j.s.ServletContextHandler@10d4e634{/metrics,null,AVAILABLE,@Spark}
26/07/19 03:25:18 INFO ContextHandler: Started o.s.j.s.ServletContextHandler@7413508d{/jobs/job/kill,null,AVAILABLE,@Spark}
26/07/19 03:25:18 INFO ContextHandler: Started o.s.j.s.ServletContextHandler@485d207e{/stages/stage/kill,null,AVAILABLE,@Spark}
26/07/19 03:25:18 INFO ContextHandler: Started o.s.j.s.ServletContextHandler@47e7b083{/metrics/json,null,AVAILABLE,@Spark}
26/07/19 03:25:18 INFO StandaloneSchedulerBackend: SchedulerBackend is ready for scheduling beginning after reached minRegisteredResourcesRatio: 0.0
26/07/19 03:25:28 INFO StandaloneSchedulerBackend$StandaloneDriverEndpoint: Registered executor NettyRpcEndpointRef(spark-client://Executor) (172.19.0.5:60062) with ID 0, ResourceProfileId 0
26/07/19 03:25:30 INFO BlockManagerMasterEndpoint: Registering block manager 172.19.0.5:45521 with 1663.2 MiB RAM, BlockManagerId(0, 172.19.0.5, 45521, None)
26/07/19 03:25:52 INFO SharedState: Setting hive.metastore.warehouse.dir ('null') to the value of spark.sql.warehouse.dir.
26/07/19 03:25:52 INFO SharedState: Warehouse path is 'file:/opt/spark/work-dir/spark-warehouse'.
26/07/19 03:25:52 INFO ContextHandler: Started o.s.j.s.ServletContextHandler@37431fc6{/SQL,null,AVAILABLE,@Spark}
26/07/19 03:25:52 INFO ContextHandler: Started o.s.j.s.ServletContextHandler@2e2956fc{/SQL/json,null,AVAILABLE,@Spark}
26/07/19 03:25:53 INFO ContextHandler: Started o.s.j.s.ServletContextHandler@7cfa53fb{/SQL/execution,null,AVAILABLE,@Spark}
26/07/19 03:25:53 INFO ContextHandler: Started o.s.j.s.ServletContextHandler@19f5eb54{/SQL/execution/json,null,AVAILABLE,@Spark}
26/07/19 03:25:53 INFO ContextHandler: Started o.s.j.s.ServletContextHandler@1c83bd26{/static/sql,null,AVAILABLE,@Spark}
26/07/19 03:26:19 INFO AsyncEventQueue: Process of event SparkListenerSQLExecutionStart(0,Some(0),parquet at NativeMethodAccessorImpl.java:0,org.apache.spark.sql.DataFrameWriter.parquet(DataFrameWriter.scala:369)
java.base/jdk.internal.reflect.NativeMethodAccessorImpl.invoke0(Native Method)
java.base/jdk.internal.reflect.NativeMethodAccessorImpl.invoke(NativeMethodAccessorImpl.java:77)
java.base/jdk.internal.reflect.DelegatingMethodAccessorImpl.invoke(DelegatingMethodAccessorImpl.java:43)
java.base/java.lang.reflect.Method.invoke(Method.java:569)
py4j.reflection.MethodInvoker.invoke(MethodInvoker.java:244)
py4j.reflection.ReflectionEngine.invoke(ReflectionEngine.java:374)
py4j.Gateway.invoke(Gateway.java:282)
py4j.commands.AbstractCommand.invokeMethod(AbstractCommand.java:132)
py4j.commands.CallCommand.execute(CallCommand.java:79)
py4j.ClientServerConnection.waitForCommands(ClientServerConnection.java:184)
py4j.ClientServerConnection.run(ClientServerConnection.java:108)
java.base/java.lang.Thread.run(Thread.java:840),== Physical Plan ==
AdaptiveSparkPlan (12)
+- Execute InsertIntoHadoopFsRelationCommand (11)
   +- WriteFiles (10)
      +- Project (9)
         +- BroadcastHashJoin Inner BuildRight (8)
            :- Filter (4)
            :  +- Project (3)
            :     +- Project (2)
            :        +- Range (1)
            +- BroadcastExchange (7)
               +- Project (6)
                  +- Range (5)


(1) Range
Output [1]: [id#0L]
Arguments: Range (0, 200000, step=1, splits=Some(8))

(2) Project
Output [2]: [cast((rand(42) * 100.0) as int) AS customer_id#1, id#0L AS order_id#2L]
Input [1]: [id#0L]

(3) Project
Output [2]: [CASE WHEN (rand(13) < 0.8) THEN 7 ELSE customer_id#1 END AS customer_id#3, order_id#2L]
Input [2]: [customer_id#1, order_id#2L]

(4) Filter
Input [2]: [customer_id#3, order_id#2L]
Condition : isnotnull(customer_id#3)

(5) Range
Output [1]: [id#4L]
Arguments: Range (0, 100, step=1, splits=Some(8))

(6) Project
Output [2]: [id#4L AS customer_id#5L, id#4L AS customer_name#6L]
Input [1]: [id#4L]

(7) BroadcastExchange
Input [2]: [customer_id#5L, customer_name#6L]
Arguments: HashedRelationBroadcastMode(List(input[0, bigint, false]),false), [plan_id=40]

(8) BroadcastHashJoin
Left keys [1]: [cast(customer_id#3 as bigint)]
Right keys [1]: [customer_id#5L]
Join type: Inner
Join condition: None

(9) Project
Output [3]: [customer_id#3, order_id#2L, customer_name#6L]
Input [4]: [customer_id#3, order_id#2L, customer_id#5L, customer_name#6L]

(10) WriteFiles
Input [3]: [customer_id#3, order_id#2L, customer_name#6L]

(11) Execute InsertIntoHadoopFsRelationCommand
Input: []
Arguments: file:/tmp/apex_output, false, Parquet, [path=/tmp/apex_output], Overwrite, [customer_id, order_id, customer_name]

(12) AdaptiveSparkPlan
Output: []
Arguments: isFinalPlan=false

,org.apache.spark.sql.execution.SparkPlanInfo@1546948b,1784431571060,Map(),Set(spark-session-2944ea17-62a3-4ce7-9850-69a5bc97916c-execution-root-id-0, spark-session-2944ea17-62a3-4ce7-9850-69a5bc97916c),None) bylistener EventLoggingListener took 1228.732048ms.
26/07/19 03:26:22 INFO CodeGenerator: Code generated in 2212.909615 ms
26/07/19 03:26:24 INFO SparkContext: Starting job: $anonfun$withThreadLocalCaptured$2 at CompletableFuture.java:1768
26/07/19 03:26:25 INFO DAGScheduler: Got job 0 ($anonfun$withThreadLocalCaptured$2 at CompletableFuture.java:1768) with 8 output partitions
26/07/19 03:26:25 INFO DAGScheduler: Final stage: ResultStage 0 ($anonfun$withThreadLocalCaptured$2 at CompletableFuture.java:1768)
26/07/19 03:26:25 INFO DAGScheduler: Parents of final stage: List()
26/07/19 03:26:25 INFO DAGScheduler: Missing parents: List()
26/07/19 03:26:25 INFO DAGScheduler: Missing parents found for ResultStage 0: List()
26/07/19 03:26:25 INFO DAGScheduler: Submitting ResultStage 0 (MapPartitionsRDD[3] at $anonfun$withThreadLocalCaptured$2 at CompletableFuture.java:1768), which has no missing parents
26/07/19 03:26:25 INFO MemoryStore: MemoryStore started with capacity 1048.8 MiB
26/07/19 03:26:25 INFO MemoryStore: Block broadcast_0 stored as values in memory (estimated size 11.4 KiB, free 1048.8 MiB)
26/07/19 03:26:25 INFO MemoryStore: Block broadcast_0_piece0 stored as bytes in memory (estimated size 5.3 KiB, free 1048.8 MiB)
26/07/19 03:26:26 INFO SparkContext: Created broadcast 0 from broadcast at DAGScheduler.scala:1686
26/07/19 03:26:26 INFO DAGScheduler: Submitting 8 missing tasks from ResultStage 0 (MapPartitionsRDD[3] at $anonfun$withThreadLocalCaptured$2 at CompletableFuture.java:1768) (first 15 tasks are for partitions Vector(0, 1, 2, 3, 4, 5, 6, 7))
26/07/19 03:26:26 INFO TaskSchedulerImpl: Adding task set 0.0 with 8 tasks resource profile 0
26/07/19 03:26:26 INFO TaskSetManager: Starting task 0.0 in stage 0.0 (TID 0) (172.19.0.5,executor 0, partition 0, PROCESS_LOCAL, 9958 bytes) 
26/07/19 03:26:26 INFO TaskSetManager: Starting task 1.0 in stage 0.0 (TID 1) (172.19.0.5,executor 0, partition 1, PROCESS_LOCAL, 9958 bytes) 
26/07/19 03:26:26 INFO TaskSetManager: Starting task 2.0 in stage 0.0 (TID 2) (172.19.0.5,executor 0, partition 2, PROCESS_LOCAL, 9958 bytes) 
26/07/19 03:26:26 INFO TaskSetManager: Starting task 3.0 in stage 0.0 (TID 3) (172.19.0.5,executor 0, partition 3, PROCESS_LOCAL, 9958 bytes) 
26/07/19 03:26:26 INFO TaskSetManager: Starting task 4.0 in stage 0.0 (TID 4) (172.19.0.5,executor 0, partition 4, PROCESS_LOCAL, 9958 bytes) 
26/07/19 03:26:26 INFO TaskSetManager: Starting task 5.0 in stage 0.0 (TID 5) (172.19.0.5,executor 0, partition 5, PROCESS_LOCAL, 9958 bytes) 
26/07/19 03:26:26 INFO TaskSetManager: Starting task 6.0 in stage 0.0 (TID 6) (172.19.0.5,executor 0, partition 6, PROCESS_LOCAL, 9958 bytes) 
26/07/19 03:26:26 INFO TaskSetManager: Starting task 7.0 in stage 0.0 (TID 7) (172.19.0.5,executor 0, partition 7, PROCESS_LOCAL, 9958 bytes) 
26/07/19 03:26:39 INFO TaskSetManager: Finished task 7.0 in stage 0.0 (TID 7) in 13229 ms on 172.19.0.5 (executor 0) (1/8)
26/07/19 03:26:40 INFO TaskSetManager: Finished task 4.0 in stage 0.0 (TID 4) in 13370 ms on 172.19.0.5 (executor 0) (2/8)
26/07/19 03:26:40 INFO TaskSetManager: Finished task 5.0 in stage 0.0 (TID 5) in 13369 ms on 172.19.0.5 (executor 0) (3/8)
26/07/19 03:26:40 INFO TaskSetManager: Finished task 2.0 in stage 0.0 (TID 2) in 13419 ms on 172.19.0.5 (executor 0) (4/8)
26/07/19 03:26:40 INFO TaskSetManager: Finished task 3.0 in stage 0.0 (TID 3) in 13501 ms on 172.19.0.5 (executor 0) (5/8)
26/07/19 03:26:40 INFO TaskSetManager: Finished task 1.0 in stage 0.0 (TID 1) in 13562 ms on 172.19.0.5 (executor 0) (6/8)
26/07/19 03:26:40 INFO TaskSetManager: Finished task 0.0 in stage 0.0 (TID 0) in 13742 ms on 172.19.0.5 (executor 0) (7/8)
26/07/19 03:26:40 INFO TaskSetManager: Finished task 6.0 in stage 0.0 (TID 6) in 13562 ms on 172.19.0.5 (executor 0) (8/8)
26/07/19 03:26:40 INFO DAGScheduler: ResultStage 0 ($anonfun$withThreadLocalCaptured$2 at CompletableFuture.java:1768) finished in 15080 ms
26/07/19 03:26:40 INFO TaskSchedulerImpl: Removed TaskSet 0.0 whose tasks have all completed, from pool 
26/07/19 03:26:40 INFO DAGScheduler: Job 0 is finished. Cancelling potential speculative or zombie tasks for this job
26/07/19 03:26:40 INFO TaskSchedulerImpl: Canceling stage 0
26/07/19 03:26:40 INFO TaskSchedulerImpl: Killing all running tasks in stage 0: Stage finished
26/07/19 03:26:40 INFO DAGScheduler: Job 0 finished: $anonfun$withThreadLocalCaptured$2 at CompletableFuture.java:1768, took 15648.247152 ms
26/07/19 03:26:41 INFO CodeGenerator: Code generated in 159.380626 ms
26/07/19 03:26:41 INFO MemoryStore: Block broadcast_1_piece0 stored as bytes in memory (estimated size 1691.0 B, free 1048.8 MiB)
26/07/19 03:26:41 INFO SparkContext: Created broadcast 1 from $anonfun$withThreadLocalCaptured$2 at CompletableFuture.java:1768
26/07/19 03:26:43 INFO ParquetUtils: Using default output committer for Parquet: org.apache.parquet.hadoop.ParquetOutputCommitter
26/07/19 03:26:44 INFO FileOutputCommitter: File Output Committer Algorithm version is 1
26/07/19 03:26:44 INFO FileOutputCommitter: FileOutputCommitter skip cleanup _temporary folders under output directory:false, ignore cleanup failures: false
26/07/19 03:26:44 INFO SQLHadoopMapReduceCommitProtocol: Using user defined output committer class org.apache.parquet.hadoop.ParquetOutputCommitter
26/07/19 03:26:44 INFO FileOutputCommitter: File Output Committer Algorithm version is 1
26/07/19 03:26:44 INFO FileOutputCommitter: FileOutputCommitter skip cleanup _temporary folders under output directory:false, ignore cleanup failures: false
26/07/19 03:26:44 INFO SQLHadoopMapReduceCommitProtocol: Using output committer class org.apache.parquet.hadoop.ParquetOutputCommitter
26/07/19 03:26:45 INFO CodeGenerator: Code generated in 691.423236 ms
26/07/19 03:26:45 INFO SparkContext: Starting job: $anonfun$withThreadLocalCaptured$2 at CompletableFuture.java:1768
26/07/19 03:26:45 INFO DAGScheduler: Got job 1 ($anonfun$withThreadLocalCaptured$2 at CompletableFuture.java:1768) with 8 output partitions
26/07/19 03:26:45 INFO DAGScheduler: Final stage: ResultStage 1 ($anonfun$withThreadLocalCaptured$2 at CompletableFuture.java:1768)
26/07/19 03:26:45 INFO DAGScheduler: Parents of final stage: List()
26/07/19 03:26:45 INFO DAGScheduler: Missing parents: List()
26/07/19 03:26:45 INFO DAGScheduler: Missing parents found for ResultStage 1: List()
26/07/19 03:26:45 INFO DAGScheduler: Submitting ResultStage 1 (MapPartitionsRDD[7] at $anonfun$withThreadLocalCaptured$2 at CompletableFuture.java:1768), which has no missing parents
26/07/19 03:26:46 INFO MemoryStore: Block broadcast_2 stored as values in memory (estimated size 244.4 KiB, free 1048.6 MiB)
26/07/19 03:26:46 INFO MemoryStore: Block broadcast_2_piece0 stored as bytes in memory (estimated size 88.7 KiB, free 1048.5 MiB)
26/07/19 03:26:46 INFO SparkContext: Created broadcast 2 from broadcast at DAGScheduler.scala:1686
26/07/19 03:26:46 INFO DAGScheduler: Submitting 8 missing tasks from ResultStage 1 (MapPartitionsRDD[7] at $anonfun$withThreadLocalCaptured$2 at CompletableFuture.java:1768) (first 15 tasks are for partitions Vector(0, 1, 2, 3, 4, 5, 6, 7))
26/07/19 03:26:46 INFO TaskSchedulerImpl: Adding task set 1.0 with 8 tasks resource profile 0
26/07/19 03:26:46 INFO TaskSetManager: Starting task 0.0 in stage 1.0 (TID 8) (172.19.0.5,executor 0, partition 0, PROCESS_LOCAL, 9958 bytes) 
26/07/19 03:26:46 INFO TaskSetManager: Starting task 1.0 in stage 1.0 (TID 9) (172.19.0.5,executor 0, partition 1, PROCESS_LOCAL, 9958 bytes) 
26/07/19 03:26:46 INFO TaskSetManager: Starting task 2.0 in stage 1.0 (TID 10) (172.19.0.5,executor 0, partition 2, PROCESS_LOCAL, 9958 bytes) 
26/07/19 03:26:46 INFO TaskSetManager: Starting task 3.0 in stage 1.0 (TID 11) (172.19.0.5,executor 0, partition 3, PROCESS_LOCAL, 9958 bytes) 
26/07/19 03:26:46 INFO TaskSetManager: Starting task 4.0 in stage 1.0 (TID 12) (172.19.0.5,executor 0, partition 4, PROCESS_LOCAL, 9958 bytes) 
26/07/19 03:26:46 INFO TaskSetManager: Starting task 5.0 in stage 1.0 (TID 13) (172.19.0.5,executor 0, partition 5, PROCESS_LOCAL, 9958 bytes) 
26/07/19 03:26:46 INFO TaskSetManager: Starting task 6.0 in stage 1.0 (TID 14) (172.19.0.5,executor 0, partition 6, PROCESS_LOCAL, 9958 bytes) 
26/07/19 03:26:46 INFO TaskSetManager: Starting task 7.0 in stage 1.0 (TID 15) (172.19.0.5,executor 0, partition 7, PROCESS_LOCAL, 9958 bytes) 
26/07/19 03:27:12 INFO TaskSetManager: Finished task 6.0 in stage 1.0 (TID 14) in 25865 ms on 172.19.0.5 (executor 0) (1/8)
26/07/19 03:27:12 INFO TaskSetManager: Finished task 4.0 in stage 1.0 (TID 12) in 25907 ms on 172.19.0.5 (executor 0) (2/8)
26/07/19 03:27:12 INFO TaskSetManager: Finished task 5.0 in stage 1.0 (TID 13) in 25895 ms on 172.19.0.5 (executor 0) (3/8)
26/07/19 03:27:12 INFO TaskSetManager: Finished task 2.0 in stage 1.0 (TID 10) in 26000 ms on 172.19.0.5 (executor 0) (4/8)
26/07/19 03:27:12 INFO TaskSetManager: Finished task 1.0 in stage 1.0 (TID 9) in 26034 ms on 172.19.0.5 (executor 0) (5/8)
26/07/19 03:27:12 INFO TaskSetManager: Finished task 0.0 in stage 1.0 (TID 8) in 26045 ms on 172.19.0.5 (executor 0) (6/8)
26/07/19 03:27:12 INFO TaskSetManager: Finished task 3.0 in stage 1.0 (TID 11) in 26049 ms on 172.19.0.5 (executor 0) (7/8)
26/07/19 03:27:12 INFO TaskSetManager: Finished task 7.0 in stage 1.0 (TID 15) in 26068 ms on 172.19.0.5 (executor 0) (8/8)
26/07/19 03:27:12 INFO TaskSchedulerImpl: Removed TaskSet 1.0 whose tasks have all completed, from pool 
26/07/19 03:27:12 INFO DAGScheduler: ResultStage 1 ($anonfun$withThreadLocalCaptured$2 at CompletableFuture.java:1768) finished in 26833 ms
26/07/19 03:27:12 INFO DAGScheduler: Job 1 is finished. Cancelling potential speculative or zombie tasks for this job
26/07/19 03:27:12 INFO TaskSchedulerImpl: Canceling stage 1
26/07/19 03:27:12 INFO TaskSchedulerImpl: Killing all running tasks in stage 1: Stage finished
26/07/19 03:27:12 INFO DAGScheduler: Job 1 finished: $anonfun$withThreadLocalCaptured$2 at CompletableFuture.java:1768, took 26997.947709 ms
26/07/19 03:27:12 INFO FileFormatWriter: Start to commit write Job d88965d1-0c4d-4668-952f-59c3ddf4c1f3.
26/07/19 03:27:13 INFO FileFormatWriter: Write Job d88965d1-0c4d-4668-952f-59c3ddf4c1f3 committed. Elapsed time: 254 ms.
26/07/19 03:27:13 INFO FileFormatWriter: Finished processing stats for write job d88965d1-0c4d-4668-952f-59c3ddf4c1f3.
26/07/19 03:27:13 INFO SparkContext: SparkContext is stopping with exitCode 0 from stop at NativeMethodAccessorImpl.java:0.
26/07/19 03:27:13 INFO Server: Stopped Server@550634d1{STOPPING}[11.0.26,sto=30000]
26/07/19 03:27:13 INFO Server: Shutdown Server@550634d1{STOPPING}[11.0.26,sto=30000]
26/07/19 03:27:13 INFO AbstractConnector: Stopped Spark@6aeb873f{HTTP/1.1, (http/1.1)}{0.0.0.0:4040}
26/07/19 03:27:14 INFO SparkUI: Stopped Spark web UI at http://ca7dbfa70445:4040
26/07/19 03:27:14 INFO StandaloneSchedulerBackend: Shutting down all executors
26/07/19 03:27:14 INFO StandaloneSchedulerBackend$StandaloneDriverEndpoint: Asking each executor to shut down
26/07/19 03:27:16 INFO MapOutputTrackerMasterEndpoint: MapOutputTrackerMasterEndpoint stopped!
26/07/19 03:27:16 INFO MemoryStore: MemoryStore cleared
26/07/19 03:27:16 INFO BlockManager: BlockManager stopped
26/07/19 03:27:16 INFO BlockManagerMaster: BlockManagerMaster stopped
26/07/19 03:27:16 INFO OutputCommitCoordinator$OutputCommitCoordinatorEndpoint: OutputCommitCoordinator stopped!
26/07/19 03:27:16 INFO SparkContext: Successfully stopped SparkContext (Uptime: 174328 ms)
exit_code=0
after_app_id=app-20260719032439-0001
$ docker run --rm --network apex-autonomous_default -v C:\Users\Guest\actions-runner-apex-workspace\_work\apex-workspace\apex-workspace\evidence\generated\f7-autonomous-loop:/out --entrypoint /bin/sh quay.io/minio/mc:RELEASE.2025-08-13T08-35-41Z -lc mc alias set local http://minio:9000 spv0 spv0spv0 >/dev/null && mc cp local/spark-logs/events/eventlog_v2_app-20260719032439-0001/events_1_app-20260719032439-0001.zstd /out/after_eventlog.zstd
`local/spark-logs/events/eventlog_v2_app-20260719032439-0001/events_1_app-20260719032439-0001.zstd` -> `/out/after_eventlog.zstd`
┌───────────┬─────────────┬──────────┬──────────────┐
│ Total     │ Transferred │ Duration │ Speed        │
│ 43.80 KiB │ 43.80 KiB   │ 00m00s   │ 199.61 KiB/s │
└───────────┴─────────────┴──────────┴──────────────┘
exit_code=0
after_envelope={"app_id": "app-20260719032439-0001", "event_counts": {"SparkListenerApplicationEnd": 1, "SparkListenerApplicationStart": 1, "SparkListenerBlockManagerAdded": 2, "SparkListenerEnvironmentUpdate": 1, "SparkListenerExecutorAdded": 1, "SparkListenerJobEnd": 2, "SparkListenerJobStart": 2, "SparkListenerLogStart": 1, "SparkListenerResourceProfileAdded": 1, "SparkListenerStageCompleted": 2, "SparkListenerStageSubmitted": 2, "SparkListenerTaskEnd": 16, "SparkListenerTaskStart": 16, "org.apache.spark.sql.execution.ui.SparkListenerDriverAccumUpdates": 2, "org.apache.spark.sql.execution.ui.SparkListenerSQLAdaptiveExecutionUpdate": 3, "org.apache.spark.sql.execution.ui.SparkListenerSQLExecutionEnd": 1, "org.apache.spark.sql.execution.ui.SparkListenerSQLExecutionStart": 1}, "job_id": "f7-autonomous-after", "physical_plans": [{"event": "org.apache.spark.sql.execution.ui.SparkListenerSQLExecutionStart", "execution_id": null, "plan": "== Physical Plan ==\nAdaptiveSparkPlan (12)\n+- Execute InsertIntoHadoopFsRelationCommand (11)\n   +- WriteFiles (10)\n      +- Project (9)\n         +- BroadcastHashJoin Inner BuildRight (8)\n            :- Filter (4)\n            :  +- Project (3)\n            :     +- Project (2)\n            :        +- Range (1)\n            +- BroadcastExchange (7)\n               +- Project (6)\n                  +- Range (5)\n\n\n(1) Range\nOutput [1]: [id#0L]\nArguments: Range (0, 200000, step=1, splits=Some(8))\n\n(2) Project\nOutput [2]: [cast((rand(42) * 100.0) as int) AS customer_id#1, id#0L AS order_id#2L]\nInput [1]: [id#0L]\n\n(3) Project\nOutput [2]: [CASE WHEN (rand(13) < 0.8) THEN 7 ELSE customer_id#1 END AS customer_id#3, order_id#2L]\nInput [2]: [customer_id#1, order_id#2L]\n\n(4) Filter\nInput [2]: [customer_id#3, order_id#2L]\nCondition : isnotnull(customer_id#3)\n\n(5) Range\nOutput [1]: [id#4L]\nArguments: Range (0, 100, step=1, splits=Some(8))\n\n(6) Project\nOutput [2]: [id#4L AS customer_id#5L, id#4L AS customer_name#6L]\nInput [1]: [id#4L]\n\n(7) BroadcastExchange\nInput [2]: [customer_id#5L, customer_name#6L]\nArguments: HashedRelationBroadcastMode(List(input[0, bigint, false]),false), [plan_id=40]\n\n(8) BroadcastHashJoin\nLeft keys [1]: [cast(customer_id#3 as bigint)]\nRight keys [1]: [customer_id#5L]\nJoin type: Inner\nJoin condition: None\n\n(9) Project\nOutput [3]: [customer_id#3, order_id#2L, customer_name#6L]\nInput [4]: [customer_id#3, order_id#2L, customer_id#5L, customer_name#6L]\n\n(10) WriteFiles\nInput [3]: [customer_id#3, order_id#2L, customer_name#6L]\n\n(11) Execute InsertIntoHadoopFsRelationCommand\nInput: []\nArguments: file:/tmp/apex_output, false, Parquet, [path=/tmp/apex_output], Overwrite, [customer_id, order_id, customer_name]\n\n(12) AdaptiveSparkPlan\nOutput: []\nArguments: isFinalPlan=false\n\n"}, {"event": "org.apache.spark.sql.execution.ui.SparkListenerSQLAdaptiveExecutionUpdate", "execution_id": null, "plan": "== Physical Plan ==\nAdaptiveSparkPlan (18)\n+- == Current Plan ==\n   Execute InsertIntoHadoopFsRelationCommand (12)\n   +- WriteFiles (11)\n      +- Project (10)\n         +- BroadcastHashJoin Inner BuildRight (9)\n            :- Filter (4)\n            :  +- Project (3)\n            :     +- Project (2)\n            :        +- Range (1)\n            +- BroadcastQueryStage (8)\n               +- BroadcastExchange (7)\n                  +- * Project (6)\n                     +- * Range (5)\n+- == Initial Plan ==\n   Execute InsertIntoHadoopFsRelationCommand (17)\n   +- WriteFiles (16)\n      +- Project (15)\n         +- BroadcastHashJoin Inner BuildRight (14)\n            :- Filter (4)\n            :  +- Project (3)\n            :     +- Project (2)\n            :        +- Range (1)\n            +- BroadcastExchange (13)\n               +- Project (6)\n                  +- Range (5)\n\n\n(1) Range\nOutput [1]: [id#0L]\nArguments: Range (0, 200000, step=1, splits=Some(8))\n\n(2) Project\nOutput [2]: [cast((rand(42) * 100.0) as int) AS customer_id#1, id#0L AS order_id#2L]\nInput [1]: [id#0L]\n\n(3) Project\nOutput [2]: [CASE WHEN (rand(13) < 0.8) THEN 7 ELSE customer_id#1 END AS customer_id#3, order_id#2L]\nInput [2]: [customer_id#1, order_id#2L]\n\n(4) Filter\nInput [2]: [customer_id#3, order_id#2L]\nCondition : isnotnull(customer_id#3)\n\n(5) Range [codegen id : 1]\nOutput [1]: [id#4L]\nArguments: Range (0, 100, step=1, splits=Some(8))\n\n(6) Project [codegen id : 1]\nOutput [2]: [id#4L AS customer_id#5L, id#4L AS customer_name#6L]\nInput [1]: [id#4L]\n\n(7) BroadcastExchange\nInput [2]: [customer_id#5L, customer_name#6L]\nArguments: HashedRelationBroadcastMode(List(input[0, bigint, false]),false), [plan_id=50]\n\n(8) BroadcastQueryStage\nOutput [2]: [customer_id#5L, customer_name#6L]\nArguments: 0\n\n(9) BroadcastHashJoin\nLeft keys [1]: [cast(customer_id#3 as bigint)]\nRight keys [1]: [customer_id#5L]\nJoin type: Inner\nJoin condition: None\n\n(10) Project\nOutput [3]: [customer_id#3, order_id#2L, customer_name#6L]\nInput [4]: [customer_id#3, order_id#2L, customer_id#5L, customer_name#6L]\n\n(11) WriteFiles\nInput [3]: [customer_id#3, order_id#2L, customer_name#6L]\n\n(12) Execute InsertIntoHadoopFsRelationCommand\nInput: []\nArguments: file:/tmp/apex_output, false, Parquet, [path=/tmp/apex_output], Overwrite, [customer_id, order_id, customer_name]\n\n(13) BroadcastExchange\nInput [2]: [customer_id#5L, customer_name#6L]\nArguments: HashedRelationBroadcastMode(List(input[0, bigint, false]),false), [plan_id=40]\n\n(14) BroadcastHashJoin\nLeft keys [1]: [cast(customer_id#3 as bigint)]\nRight keys [1]: [customer_id#5L]\nJoin type: Inner\nJoin condition: None\n\n(15) Project\nOutput [3]: [customer_id#3, order_id#2L, customer_name#6L]\nInput [4]: [customer_id#3, order_id#2L, customer_id#5L, customer_name#6L]\n\n(16) WriteFiles\nInput [3]: [customer_id#3, order_id#2L, customer_name#6L]\n\n(17) Execute InsertIntoHadoopFsRelationCommand\nInput: []\nArguments: file:/tmp/apex_output, false, Parquet, [path=/tmp/apex_output], Overwrite, [customer_id, order_id, customer_name]\n\n(18) AdaptiveSparkPlan\nOutput: []\nArguments: isFinalPlan=false\n\n"}, {"event": "org.apache.spark.sql.execution.ui.SparkListenerSQLAdaptiveExecutionUpdate", "execution_id": null, "plan": "== Physical Plan ==\nAdaptiveSparkPlan (23)\n+- == Current Plan ==\n   ResultQueryStage (13)\n   +- Execute InsertIntoHadoopFsRelationCommand (12)\n      +- WriteFiles (11)\n         +- * Project (10)\n            +- * BroadcastHashJoin Inner BuildRight (9)\n               :- * Filter (4)\n               :  +- * Project (3)\n               :     +- * Project (2)\n               :        +- * Range (1)\n               +- BroadcastQueryStage (8), Statistics(sizeInBytes=1024.8 KiB, rowCount=100)\n                  +- BroadcastExchange (7)\n                     +- * Project (6)\n                        +- * Range (5)\n+- == Initial Plan ==\n   Execute InsertIntoHadoopFsRelationCommand (22)\n   +- WriteFiles (21)\n      +- Project (20)\n         +- BroadcastHashJoin Inner BuildRight (19)\n            :- Filter (17)\n            :  +- Project (16)\n            :     +- Project (15)\n            :        +- Range (14)\n            +- BroadcastExchange (18)\n               +- Project (6)\n                  +- Range (5)\n\n\n(1) Range [codegen id : 2]\nOutput [1]: [id#0L]\nArguments: Range (0, 200000, step=1, splits=Some(8))\n\n(2) Project [codegen id : 2]\nOutput [2]: [cast((rand(42) * 100.0) as int) AS customer_id#1, id#0L AS order_id#2L]\nInput [1]: [id#0L]\n\n(3) Project [codegen id : 2]\nOutput [2]: [CASE WHEN (rand(13) < 0.8) THEN 7 ELSE customer_id#1 END AS customer_id#3, order_id#2L]\nInput [2]: [customer_id#1, order_id#2L]\n\n(4) Filter [codegen id : 2]\nInput [2]: [customer_id#3, order_id#2L]\nCondition : isnotnull(customer_id#3)\n\n(5) Range [codegen id : 1]\nOutput [1]: [id#4L]\nArguments: Range (0, 100, step=1, splits=Some(8))\n\n(6) Project [codegen id : 1]\nOutput [2]: [id#4L AS customer_id#5L, id#4L AS customer_name#6L]\nInput [1]: [id#4L]\n\n(7) BroadcastExchange\nInput [2]: [customer_id#5L, customer_name#6L]\nArguments: HashedRelationBroadcastMode(List(input[0, bigint, false]),false), [plan_id=50]\n\n(8) BroadcastQueryStage\nOutput [2]: [customer_id#5L, customer_name#6L]\nArguments: 0\n\n(9) BroadcastHashJoin [codegen id : 2]\nLeft keys [1]: [cast(customer_id#3 as bigint)]\nRight keys [1]: [customer_id#5L]\nJoin type: Inner\nJoin condition: None\n\n(10) Project [codegen id : 2]\nOutput [3]: [customer_id#3, order_id#2L, customer_name#6L]\nInput [4]: [customer_id#3, order_id#2L, customer_id#5L, customer_name#6L]\n\n(11) WriteFiles\nInput [3]: [customer_id#3, order_id#2L, customer_name#6L]\n\n(12) Execute InsertIntoHadoopFsRelationCommand\nInput: []\nArguments: file:/tmp/apex_output, false, Parquet, [path=/tmp/apex_output], Overwrite, [customer_id, order_id, customer_name]\n\n(13) ResultQueryStage\nOutput: []\nArguments: 1\n\n(14) Range\nOutput [1]: [id#0L]\nArguments: Range (0, 200000, step=1, splits=Some(8))\n\n(15) Project\nOutput [2]: [cast((rand(42) * 100.0) as int) AS customer_id#1, id#0L AS order_id#2L]\nInput [1]: [id#0L]\n\n(16) Project\nOutput [2]: [CASE WHEN (rand(13) < 0.8) THEN 7 ELSE customer_id#1 END AS customer_id#3, order_id#2L]\nInput [2]: [customer_id#1, order_id#2L]\n\n(17) Filter\nInput [2]: [customer_id#3, order_id#2L]\nCondition : isnotnull(customer_id#3)\n\n(18) BroadcastExchange\nInput [2]: [customer_id#5L, customer_name#6L]\nArguments: HashedRelationBroadcastMode(List(input[0, bigint, false]),false), [plan_id=40]\n\n(19) BroadcastHashJoin\nLeft keys [1]: [cast(customer_id#3 as bigint)]\nRight keys [1]: [customer_id#5L]\nJoin type: Inner\nJoin condition: None\n\n(20) Project\nOutput [3]: [customer_id#3, order_id#2L, customer_name#6L]\nInput [4]: [customer_id#3, order_id#2L, customer_id#5L, customer_name#6L]\n\n(21) WriteFiles\nInput [3]: [customer_id#3, order_id#2L, customer_name#6L]\n\n(22) Execute InsertIntoHadoopFsRelationCommand\nInput: []\nArguments: file:/tmp/apex_output, false, Parquet, [path=/tmp/apex_output], Overwrite, [customer_id, order_id, customer_name]\n\n(23) AdaptiveSparkPlan\nOutput: []\nArguments: isFinalPlan=false\n\n"}, {"event": "org.apache.spark.sql.execution.ui.SparkListenerSQLAdaptiveExecutionUpdate", "execution_id": null, "plan": "== Physical Plan ==\nAdaptiveSparkPlan (23)\n+- == Final Plan ==\n   ResultQueryStage (13), Statistics(sizeInBytes=8.0 EiB)\n   +- Execute InsertIntoHadoopFsRelationCommand (12)\n      +- WriteFiles (11)\n         +- * Project (10)\n            +- * BroadcastHashJoin Inner BuildRight (9)\n               :- * Filter (4)\n               :  +- * Project (3)\n               :     +- * Project (2)\n               :        +- * Range (1)\n               +- BroadcastQueryStage (8), Statistics(sizeInBytes=1024.8 KiB, rowCount=100)\n                  +- BroadcastExchange (7)\n                     +- * Project (6)\n                        +- * Range (5)\n+- == Initial Plan ==\n   Execute InsertIntoHadoopFsRelationCommand (22)\n   +- WriteFiles (21)\n      +- Project (20)\n         +- BroadcastHashJoin Inner BuildRight (19)\n            :- Filter (17)\n            :  +- Project (16)\n            :     +- Project (15)\n            :        +- Range (14)\n            +- BroadcastExchange (18)\n               +- Project (6)\n                  +- Range (5)\n\n\n(1) Range [codegen id : 2]\nOutput [1]: [id#0L]\nArguments: Range (0, 200000, step=1, splits=Some(8))\n\n(2) Project [codegen id : 2]\nOutput [2]: [cast((rand(42) * 100.0) as int) AS customer_id#1, id#0L AS order_id#2L]\nInput [1]: [id#0L]\n\n(3) Project [codegen id : 2]\nOutput [2]: [CASE WHEN (rand(13) < 0.8) THEN 7 ELSE customer_id#1 END AS customer_id#3, order_id#2L]\nInput [2]: [customer_id#1, order_id#2L]\n\n(4) Filter [codegen id : 2]\nInput [2]: [customer_id#3, order_id#2L]\nCondition : isnotnull(customer_id#3)\n\n(5) Range [codegen id : 1]\nOutput [1]: [id#4L]\nArguments: Range (0, 100, step=1, splits=Some(8))\n\n(6) Project [codegen id : 1]\nOutput [2]: [id#4L AS customer_id#5L, id#4L AS customer_name#6L]\nInput [1]: [id#4L]\n\n(7) BroadcastExchange\nInput [2]: [customer_id#5L, customer_name#6L]\nArguments: HashedRelationBroadcastMode(List(input[0, bigint, false]),false), [plan_id=50]\n\n(8) BroadcastQueryStage\nOutput [2]: [customer_id#5L, customer_name#6L]\nArguments: 0\n\n(9) BroadcastHashJoin [codegen id : 2]\nLeft keys [1]: [cast(customer_id#3 as bigint)]\nRight keys [1]: [customer_id#5L]\nJoin type: Inner\nJoin condition: None\n\n(10) Project [codegen id : 2]\nOutput [3]: [customer_id#3, order_id#2L, customer_name#6L]\nInput [4]: [customer_id#3, order_id#2L, customer_id#5L, customer_name#6L]\n\n(11) WriteFiles\nInput [3]: [customer_id#3, order_id#2L, customer_name#6L]\n\n(12) Execute InsertIntoHadoopFsRelationCommand\nInput: []\nArguments: file:/tmp/apex_output, false, Parquet, [path=/tmp/apex_output], Overwrite, [customer_id, order_id, customer_name]\n\n(13) ResultQueryStage\nOutput: []\nArguments: 1\n\n(14) Range\nOutput [1]: [id#0L]\nArguments: Range (0, 200000, step=1, splits=Some(8))\n\n(15) Project\nOutput [2]: [cast((rand(42) * 100.0) as int) AS customer_id#1, id#0L AS order_id#2L]\nInput [1]: [id#0L]\n\n(16) Project\nOutput [2]: [CASE WHEN (rand(13) < 0.8) THEN 7 ELSE customer_id#1 END AS customer_id#3, order_id#2L]\nInput [2]: [customer_id#1, order_id#2L]\n\n(17) Filter\nInput [2]: [customer_id#3, order_id#2L]\nCondition : isnotnull(customer_id#3)\n\n(18) BroadcastExchange\nInput [2]: [customer_id#5L, customer_name#6L]\nArguments: HashedRelationBroadcastMode(List(input[0, bigint, false]),false), [plan_id=40]\n\n(19) BroadcastHashJoin\nLeft keys [1]: [cast(customer_id#3 as bigint)]\nRight keys [1]: [customer_id#5L]\nJoin type: Inner\nJoin condition: None\n\n(20) Project\nOutput [3]: [customer_id#3, order_id#2L, customer_name#6L]\nInput [4]: [customer_id#3, order_id#2L, customer_id#5L, customer_name#6L]\n\n(21) WriteFiles\nInput [3]: [customer_id#3, order_id#2L, customer_name#6L]\n\n(22) Execute InsertIntoHadoopFsRelationCommand\nInput: []\nArguments: file:/tmp/apex_output, false, Parquet, [path=/tmp/apex_output], Overwrite, [customer_id, order_id, customer_name]\n\n(23) AdaptiveSparkPlan\nOutput: []\nArguments: isFinalPlan=true\n\n"}], "schema_version": "apex.commander.telemetry.v1", "skew_candidates": [], "stages": [{"disk_bytes_spilled": 0, "evidence_status": "invalid", "executor_run_time_ms": 48694, "failure_reasons": [], "jvm_gc_time_ms": 1120, "max_records": 0, "median_cold_records": 0, "memory_bytes_spilled": 0, "quality_issues": ["zero_cold_median"], "ratio": Infinity, "records": [0, 0, 0, 0, 0, 0, 0, 0], "shuffle_read_bytes": 0, "shuffle_read_records": 0, "stage_id": 0, "task_count": 8, "total_records": 0}, {"disk_bytes_spilled": 0, "evidence_status": "invalid", "executor_run_time_ms": 167040, "failure_reasons": [], "jvm_gc_time_ms": 5472, "max_records": 0, "median_cold_records": 0, "memory_bytes_spilled": 0, "quality_issues": ["zero_cold_median"], "ratio": Infinity, "records": [0, 0, 0, 0, 0, 0, 0, 0], "shuffle_read_bytes": 0, "shuffle_read_records": 0, "stage_id": 1, "task_count": 8, "total_records": 0}]}
after_findings=[]

## compare
compare={"after": {"app_id": "app-20260719032439-0001", "finding_count": 0, "finding_kinds": [], "job_id": "f7-autonomous-after", "metrics": {"adaptive_execution_updates": 0, "finding_count": 0, "max_gc_ratio": 0.032758620689655175, "max_skew_ratio": 0.0, "oom_failure_count": 0, "total_spilled_bytes": 0}}, "after_job_id": "f7-autonomous-after", "before": {"app_id": "app-20260719032011-0000", "finding_count": 1, "finding_kinds": ["shuffle_skew_candidate"], "job_id": "f7-autonomous-before", "metrics": {"adaptive_execution_updates": 0, "finding_count": 1, "max_gc_ratio": 0.09662122110254891, "max_skew_ratio": 29.4, "oom_failure_count": 0, "total_spilled_bytes": 0}}, "before_job_id": "f7-autonomous-before", "comparisons": [{"after": 0, "before": 1, "delta": -1, "direction": "lower_is_better", "metric": "finding_count", "status": "improved"}, {"after": 0.0, "before": 29.4, "delta": -29.4, "direction": "lower_is_better", "metric": "max_skew_ratio", "status": "improved"}, {"after": 0, "before": 0, "delta": 0, "direction": "lower_is_better", "metric": "total_spilled_bytes", "status": "unchanged"}, {"after": 0.032758620689655175, "before": 0.09662122110254891, "delta": -0.06386260041289374, "direction": "lower_is_better", "metric": "max_gc_ratio", "status": "improved"}, {"after": 0, "before": 0, "delta": 0, "direction": "lower_is_better", "metric": "oom_failure_count", "status": "unchanged"}, {"after": 0, "before": 0, "delta": 0, "direction": "lower_is_better", "metric": "adaptive_execution_updates", "status": "unchanged"}], "rule_set": "apex.commander.telemetry_compare.v1", "status": "improved", "summary": {"improved_metric_count": 3, "new_findings": [], "regressed_metric_count": 0, "resolved_findings": ["shuffle_skew_candidate"]}}
loop_status=success elapsed_ms=691935.894
