 Image quay.io/minio/minio:RELEASE.2025-09-07T16-13-09Z Pulling 
 Image clickhouse/clickhouse-server:26.5.1 Pulling 
 Image quay.io/minio/mc:RELEASE.2025-08-13T08-35-41Z Pulling 
 b83ce1c86227 Pulling fs layer 0B
 b268f447c871 Pulling fs layer 0B
 f29310fc4a8a Pulling fs layer 0B
 9404e0df6bd3 Pulling fs layer 0B
 b7c1efd1d2b4 Pulling fs layer 0B
 4a93952ab9ce Pulling fs layer 0B
 34013573f278 Pulling fs layer 0B
 b83ce1c86227 Pulling fs layer 0B
 f94d28849fa3 Pulling fs layer 0B
 81260b173076 Pulling fs layer 0B
 f9c0805c25ee Pulling fs layer 0B
 1008deaf6ec4 Pulling fs layer 0B
 71e9fc939447 Pulling fs layer 0B
 c1bc68842c41 Pulling fs layer 0B
 0288b5a0d7e7 Pulling fs layer 0B
 b268f447c871 Downloading 70.45kB
 b83ce1c86227 Downloading 1.049MB
 b83ce1c86227 Downloading 1.049MB
 b268f447c871 Downloading 70.45kB
 b83ce1c86227 Downloading 1.049MB
 b83ce1c86227 Downloading 1.049MB
 b268f447c871 Downloading 70.45kB
 b83ce1c86227 Downloading 1.049MB
 b83ce1c86227 Downloading 1.049MB
 b268f447c871 Downloading 70.45kB
 b83ce1c86227 Downloading 1.049MB
 b83ce1c86227 Downloading 1.049MB
 b83ce1c86227 Downloading 1.049MB
 b268f447c871 Downloading 70.45kB
 b83ce1c86227 Downloading 1.049MB
 b83ce1c86227 Downloading 1.049MB
 b83ce1c86227 Downloading 1.049MB
 b83ce1c86227 Downloading 1.049MB
 b268f447c871 Downloading 70.45kB
 b268f447c871 Downloading 70.45kB
 b83ce1c86227 Downloading 1.049MB
 b83ce1c86227 Downloading 1.049MB
 b268f447c871 Downloading 70.45kB
 b83ce1c86227 Downloading 1.049MB
 b268f447c871 Downloading 70.45kB
 b83ce1c86227 Downloading 1.049MB
 b83ce1c86227 Downloading 1.049MB
 b83ce1c86227 Downloading 1.049MB
 b268f447c871 Downloading 70.45kB
 b83ce1c86227 Downloading 1.049MB
 b268f447c871 Downloading 70.45kB
 b83ce1c86227 Downloading 1.049MB
 b83ce1c86227 Downloading 1.049MB
 4a93952ab9ce Downloading 129.9kB
 b268f447c871 Downloading 70.45kB
 f29310fc4a8a Downloading 11.87kB
 b83ce1c86227 Downloading 1.049MB
 34013573f278 Downloading 496B
 b83ce1c86227 Downloading 1.049MB
 b83ce1c86227 Downloading 1.049MB
 4a93952ab9ce Downloading 129.9kB
 b268f447c871 Downloading 70.45kB
 f29310fc4a8a Downloading 11.87kB
 4a93952ab9ce Downloading 129.9kB
 b268f447c871 Downloading 70.45kB
 f29310fc4a8a Downloading 11.87kB
 b83ce1c86227 Downloading 1.049MB
 b83ce1c86227 Downloading 1.049MB
 4a93952ab9ce Downloading 129.9kB
 b268f447c871 Downloading 70.45kB
 f29310fc4a8a Downloading 11.87kB
 34013573f278 Downloading 496B
 b83ce1c86227 Downloading 1.049MB
 34013573f278 Downloading 496B
 b83ce1c86227 Downloading 1.049MB
 b83ce1c86227 Downloading 1.049MB
 4a93952ab9ce Downloading 129.9kB
 b268f447c871 Downloading 70.45kB
 f29310fc4a8a Downloading 11.87kB
 4a93952ab9ce Downloading 129.9kB
 b268f447c871 Downloading 70.45kB
 f29310fc4a8a Downloading 11.87kB
 b83ce1c86227 Downloading 1.049MB
 b83ce1c86227 Downloading 1.049MB
 4a93952ab9ce Downloading 129.9kB
 b268f447c871 Downloading 70.45kB
 f29310fc4a8a Downloading 11.87kB
 34013573f278 Downloading 496B
 b83ce1c86227 Downloading 1.049MB
 34013573f278 Downloading 496B
 b83ce1c86227 Downloading 1.049MB
 34013573f278 Downloading 496B
 b83ce1c86227 Downloading 1.049MB
 4a93952ab9ce Downloading 129.9kB
 b268f447c871 Downloading 70.45kB
 f29310fc4a8a Downloading 11.87kB
 b83ce1c86227 Downloading 1.049MB
 b268f447c871 Downloading 70.45kB
 f29310fc4a8a Downloading 11.87kB
 b83ce1c86227 Downloading 1.049MB
 4a93952ab9ce Downloading 129.9kB
 34013573f278 Downloading 496B
 b83ce1c86227 Downloading 1.049MB
 34013573f278 Downloading 496B
 b83ce1c86227 Downloading 1.049MB
 b83ce1c86227 Downloading 2.097MB
 4a93952ab9ce Downloading 129.9kB
 b268f447c871 Downloading 70.45kB
 f29310fc4a8a Downloading 11.87kB
 34013573f278 Downloading 496B
 b83ce1c86227 Downloading 2.097MB
 b83ce1c86227 Downloading 2.097MB
 4a93952ab9ce Downloading 129.9kB
 b268f447c871 Downloading 70.45kB
 f29310fc4a8a Downloading 11.87kB
 34013573f278 Downloading 496B
 b83ce1c86227 Downloading 2.097MB
 b83ce1c86227 Downloading 2.097MB
 4a93952ab9ce Downloading 129.9kB
 b268f447c871 Downloading 70.45kB
 f29310fc4a8a Downloading 11.87kB
 34013573f278 Downloading 496B
 b83ce1c86227 Downloading 2.097MB
 34013573f278 Downloading 496B
 b83ce1c86227 Downloading 2.097MB
 81260b173076 Downloading 122.7kB
 4a93952ab9ce Downloading 129.9kB
 b268f447c871 Downloading 70.45kB
 f29310fc4a8a Downloading 11.87kB
 b83ce1c86227 Downloading 2.097MB
 b83ce1c86227 Downloading 2.097MB
 4a93952ab9ce Downloading 129.9kB
 b268f447c871 Downloading 70.45kB
 f29310fc4a8a Downloading 11.87kB
 34013573f278 Downloading 496B
 b83ce1c86227 Downloading 2.097MB
 81260b173076 Downloading 122.7kB
 b83ce1c86227 Downloading 2.097MB
 4a93952ab9ce Downloading 129.9kB
 b268f447c871 Downloading 70.45kB
 f29310fc4a8a Downloading 11.87kB
 34013573f278 Downloading 496B
 b83ce1c86227 Downloading 2.097MB
 81260b173076 Downloading 122.7kB
 b83ce1c86227 Downloading 2.097MB
 4a93952ab9ce Downloading 129.9kB
 b268f447c871 Downloading 70.45kB
 f29310fc4a8a Downloading 11.87kB
 81260b173076 Downloading 122.7kB
 34013573f278 Downloading 496B
 b83ce1c86227 Downloading 2.097MB
 4a93952ab9ce Downloading 129.9kB
 b268f447c871 Downloading 70.45kB
 f29310fc4a8a Downloading 11.87kB
 b83ce1c86227 Downloading 2.097MB
 81260b173076 Downloading 122.7kB
 34013573f278 Downloading 496B
 b83ce1c86227 Downloading 2.097MB
 4a93952ab9ce Downloading 129.9kB
 b268f447c871 Downloading 70.45kB
 f29310fc4a8a Downloading 11.87kB
 9404e0df6bd3 Downloading 1.049MB
 b83ce1c86227 Downloading 2.097MB
 81260b173076 Downloading 122.7kB
 34013573f278 Downloading 496B
 b83ce1c86227 Downloading 2.097MB
 b83ce1c86227 Downloading 2.097MB
 b7c1efd1d2b4 Downloading 1.049MB
 4a93952ab9ce Downloading 129.9kB
 f29310fc4a8a Downloading 11.87kB
 9404e0df6bd3 Downloading 1.049MB
 34013573f278 Downloading 496B
 b83ce1c86227 Downloading 2.097MB
 81260b173076 Downloading 122.7kB
 4a93952ab9ce Downloading 129.9kB
 b268f447c871 Download complete 0B
 f29310fc4a8a Downloading 11.87kB
 9404e0df6bd3 Downloading 1.049MB
 b83ce1c86227 Downloading 2.097MB
 b7c1efd1d2b4 Downloading 1.049MB
 81260b173076 Downloading 122.7kB
 34013573f278 Downloading 496B
 b83ce1c86227 Downloading 2.097MB
 f29310fc4a8a Downloading 11.87kB
 9404e0df6bd3 Downloading 1.049MB
 b83ce1c86227 Downloading 2.097MB
 b7c1efd1d2b4 Downloading 1.049MB
 4a93952ab9ce Downloading 129.9kB
 34013573f278 Downloading 496B
 b83ce1c86227 Downloading 2.097MB
 81260b173076 Downloading 122.7kB
 b83ce1c86227 Downloading 2.097MB
 b7c1efd1d2b4 Downloading 1.049MB
 4a93952ab9ce Downloading 129.9kB
 9404e0df6bd3 Downloading 1.049MB
 81260b173076 Downloading 122.7kB
 34013573f278 Downloading 496B
 b83ce1c86227 Downloading 2.097MB
 f29310fc4a8a Download complete 0B
 9404e0df6bd3 Downloading 1.049MB
 b83ce1c86227 Downloading 2.097MB
 b7c1efd1d2b4 Downloading 1.049MB
 4a93952ab9ce Downloading 129.9kB
 b83ce1c86227 Downloading 2.097MB
 81260b173076 Downloading 122.7kB
 34013573f278 Downloading 496B
 81260b173076 Downloading 122.7kB
 34013573f278 Downloading 496B
 b83ce1c86227 Downloading 2.097MB
 b83ce1c86227 Downloading 2.097MB
 b7c1efd1d2b4 Downloading 1.049MB
 9404e0df6bd3 Downloading 1.049MB
 b83ce1c86227 Downloading 2.097MB
 81260b173076 Downloading 122.7kB
 34013573f278 Downloading 496B
 34013573f278 Downloading 496B
 b83ce1c86227 Downloading 2.097MB
 81260b173076 Downloading 122.7kB
 9404e0df6bd3 Downloading 1.049MB
 b83ce1c86227 Downloading 2.097MB
 b7c1efd1d2b4 Downloading 1.049MB
 4a93952ab9ce Download complete 0B
 b83ce1c86227 Downloading 2.097MB
 81260b173076 Downloading 122.7kB
 34013573f278 Downloading 496B
 9404e0df6bd3 Downloading 1.049MB
 b83ce1c86227 Downloading 2.097MB
 b7c1efd1d2b4 Downloading 1.049MB
 9404e0df6bd3 Downloading 1.049MB
 b83ce1c86227 Downloading 2.097MB
 b7c1efd1d2b4 Downloading 1.049MB
 81260b173076 Downloading 122.7kB
 b83ce1c86227 Downloading 2.097MB
 9404e0df6bd3 Downloading 1.049MB
 b83ce1c86227 Downloading 2.097MB
 b7c1efd1d2b4 Downloading 1.049MB
 81260b173076 Downloading 122.7kB
 34013573f278 Download complete 0B
 b83ce1c86227 Downloading 2.097MB
 b83ce1c86227 Downloading 2.097MB
 81260b173076 Downloading 122.7kB
 9404e0df6bd3 Downloading 1.049MB
 b83ce1c86227 Downloading 2.097MB
 b7c1efd1d2b4 Downloading 1.049MB
 9404e0df6bd3 Downloading 1.049MB
 b83ce1c86227 Downloading 2.097MB
 b7c1efd1d2b4 Downloading 1.049MB
 9404e0df6bd3 Downloading 1.049MB
 b83ce1c86227 Downloading 2.097MB
 b7c1efd1d2b4 Downloading 1.049MB
 b83ce1c86227 Downloading 2.097MB
 81260b173076 Downloading 122.7kB
 b83ce1c86227 Downloading 2.097MB
 b83ce1c86227 Downloading 2.097MB
 b83ce1c86227 Downloading 2.097MB
 b7c1efd1d2b4 Downloading 1.049MB
 9404e0df6bd3 Downloading 1.049MB
 81260b173076 Download complete 0B
 0288b5a0d7e7 Downloading 11.88kB
 b83ce1c86227 Downloading 2.097MB
 0288b5a0d7e7 Downloading 11.88kB
 b83ce1c86227 Downloading 2.097MB
 b83ce1c86227 Downloading 2.097MB
 0288b5a0d7e7 Downloading 11.88kB
 9404e0df6bd3 Downloading 1.049MB
 b83ce1c86227 Downloading 2.097MB
 b7c1efd1d2b4 Downloading 1.049MB
 b83ce1c86227 Downloading 2.097MB
 b7c1efd1d2b4 Downloading 1.049MB
 9404e0df6bd3 Downloading 1.049MB
 9404e0df6bd3 Downloading 1.049MB
 b83ce1c86227 Downloading 2.097MB
 b7c1efd1d2b4 Downloading 1.049MB
 b83ce1c86227 Downloading 2.097MB
 b7c1efd1d2b4 Downloading 1.049MB
 9404e0df6bd3 Downloading 1.049MB
 0288b5a0d7e7 Downloading 11.88kB
 b83ce1c86227 Downloading 2.097MB
 0288b5a0d7e7 Downloading 11.88kB
 b83ce1c86227 Downloading 2.097MB
 9404e0df6bd3 Downloading 1.049MB
 b83ce1c86227 Downloading 2.097MB
 b7c1efd1d2b4 Downloading 1.049MB
 b83ce1c86227 Downloading 3.146MB
 b7c1efd1d2b4 Downloading 1.049MB
 9404e0df6bd3 Downloading 2.097MB
 0288b5a0d7e7 Downloading 11.88kB
 b83ce1c86227 Downloading 3.146MB
 0288b5a0d7e7 Downloading 11.88kB
 b83ce1c86227 Downloading 3.146MB
 9404e0df6bd3 Downloading 2.097MB
 b83ce1c86227 Downloading 3.146MB
 b7c1efd1d2b4 Downloading 1.049MB
 0288b5a0d7e7 Downloading 11.88kB
 b83ce1c86227 Downloading 3.146MB
 b83ce1c86227 Downloading 3.146MB
 b7c1efd1d2b4 Downloading 1.049MB
 9404e0df6bd3 Downloading 2.097MB
 b83ce1c86227 Downloading 3.146MB
 0288b5a0d7e7 Downloading 11.88kB
 0288b5a0d7e7 Downloading 11.88kB
 b83ce1c86227 Downloading 3.146MB
 9404e0df6bd3 Downloading 2.097MB
 b83ce1c86227 Downloading 3.146MB
 b7c1efd1d2b4 Downloading 1.049MB
 c1bc68842c41 Downloading 180.3kB
 0288b5a0d7e7 Downloading 11.88kB
 b83ce1c86227 Downloading 3.146MB
 b7c1efd1d2b4 Downloading 1.049MB
 9404e0df6bd3 Downloading 2.097MB
 b83ce1c86227 Downloading 3.146MB
 b83ce1c86227 Downloading 3.146MB
 b7c1efd1d2b4 Downloading 1.049MB
 9404e0df6bd3 Downloading 2.097MB
 c1bc68842c41 Downloading 180.3kB
 0288b5a0d7e7 Downloading 11.88kB
 b83ce1c86227 Downloading 3.146MB
 c1bc68842c41 Downloading 180.3kB
 0288b5a0d7e7 Downloading 11.88kB
 b83ce1c86227 Downloading 3.146MB
 9404e0df6bd3 Downloading 2.097MB
 b83ce1c86227 Downloading 3.146MB
 b7c1efd1d2b4 Downloading 1.049MB
 b83ce1c86227 Downloading 3.146MB
 b7c1efd1d2b4 Downloading 1.049MB
 9404e0df6bd3 Downloading 2.097MB
 b83ce1c86227 Downloading 3.146MB
 c1bc68842c41 Downloading 180.3kB
 0288b5a0d7e7 Downloading 11.88kB
 b83ce1c86227 Downloading 3.146MB
 b7c1efd1d2b4 Downloading 1.049MB
 9404e0df6bd3 Downloading 2.097MB
 c1bc68842c41 Downloading 180.3kB
 0288b5a0d7e7 Downloading 11.88kB
 b83ce1c86227 Downloading 3.146MB
 c1bc68842c41 Downloading 180.3kB
 b83ce1c86227 Downloading 3.146MB
 9404e0df6bd3 Downloading 2.097MB
 b83ce1c86227 Downloading 3.146MB
 b7c1efd1d2b4 Downloading 1.049MB
 c1bc68842c41 Downloading 180.3kB
 b83ce1c86227 Downloading 3.146MB
 b83ce1c86227 Downloading 3.146MB
 b7c1efd1d2b4 Downloading 1.049MB
 9404e0df6bd3 Downloading 2.097MB
 71e9fc939447 Downloading 1.049MB
 c1bc68842c41 Downloading 180.3kB
 0288b5a0d7e7 Download complete 0B
 b83ce1c86227 Downloading 3.146MB
 71e9fc939447 Downloading 1.049MB
 c1bc68842c41 Downloading 180.3kB
 b83ce1c86227 Downloading 3.146MB
 f9c0805c25ee Downloading 1.049MB
 b83ce1c86227 Downloading 3.146MB
 b7c1efd1d2b4 Downloading 2.097MB
 9404e0df6bd3 Downloading 2.097MB
 b83ce1c86227 Downloading 3.146MB
 b7c1efd1d2b4 Downloading 2.097MB
 9404e0df6bd3 Downloading 2.097MB
 9404e0df6bd3 Downloading 2.097MB
 b83ce1c86227 Downloading 3.146MB
 b7c1efd1d2b4 Downloading 2.097MB
 b83ce1c86227 Downloading 3.146MB
 b7c1efd1d2b4 Downloading 2.097MB
 9404e0df6bd3 Downloading 2.097MB
 b83ce1c86227 Downloading 3.146MB
 f9c0805c25ee Downloading 1.049MB
 71e9fc939447 Downloading 1.049MB
 c1bc68842c41 Downloading 180.3kB
 b83ce1c86227 Downloading 3.146MB
 f9c0805c25ee Downloading 1.049MB
 71e9fc939447 Downloading 1.049MB
 c1bc68842c41 Downloading 180.3kB
 b83ce1c86227 Downloading 3.146MB
 f9c0805c25ee Downloading 1.049MB
 71e9fc939447 Downloading 1.049MB
 c1bc68842c41 Downloading 180.3kB
 9404e0df6bd3 Downloading 2.097MB
 b83ce1c86227 Downloading 3.146MB
 b7c1efd1d2b4 Downloading 2.097MB
 71e9fc939447 Downloading 1.049MB
 c1bc68842c41 Downloading 180.3kB
 b83ce1c86227 Downloading 3.146MB
 f9c0805c25ee Downloading 1.049MB
 b83ce1c86227 Downloading 3.146MB
 b7c1efd1d2b4 Downloading 2.097MB
 9404e0df6bd3 Downloading 2.097MB
 71e9fc939447 Downloading 1.049MB
 b83ce1c86227 Downloading 3.146MB
 f9c0805c25ee Downloading 1.049MB
 71e9fc939447 Downloading 1.049MB
 b83ce1c86227 Downloading 3.146MB
 f9c0805c25ee Downloading 1.049MB
 b7c1efd1d2b4 Downloading 2.097MB
 9404e0df6bd3 Downloading 2.097MB
 b83ce1c86227 Downloading 3.146MB
 b7c1efd1d2b4 Downloading 2.097MB
 9404e0df6bd3 Downloading 2.097MB
 b83ce1c86227 Downloading 3.146MB
 9404e0df6bd3 Downloading 2.097MB
 b83ce1c86227 Downloading 3.146MB
 b7c1efd1d2b4 Downloading 2.097MB
 71e9fc939447 Downloading 1.049MB
 c1bc68842c41 Download complete 0B
 b83ce1c86227 Downloading 3.146MB
 f9c0805c25ee Downloading 1.049MB
 b83ce1c86227 Downloading 3.146MB
 b7c1efd1d2b4 Downloading 2.097MB
 9404e0df6bd3 Downloading 2.097MB
 71e9fc939447 Downloading 1.049MB
 b83ce1c86227 Downloading 3.146MB
 f9c0805c25ee Downloading 1.049MB
 9404e0df6bd3 Downloading 2.097MB
 b83ce1c86227 Downloading 3.146MB
 b7c1efd1d2b4 Downloading 2.097MB
 b83ce1c86227 Downloading 3.146MB
 b7c1efd1d2b4 Downloading 2.097MB
 9404e0df6bd3 Downloading 2.097MB
 71e9fc939447 Downloading 1.049MB
 b83ce1c86227 Downloading 3.146MB
 f9c0805c25ee Downloading 2.097MB
 f94d28849fa3 Downloading 1.049MB
 9404e0df6bd3 Downloading 2.097MB
 b83ce1c86227 Downloading 3.146MB
 b7c1efd1d2b4 Downloading 2.097MB
 f94d28849fa3 Downloading 1.049MB
 1008deaf6ec4 Downloading 1.049MB
 71e9fc939447 Downloading 1.049MB
 b83ce1c86227 Downloading 3.146MB
 f9c0805c25ee Downloading 2.097MB
 b83ce1c86227 Downloading 3.146MB
 b7c1efd1d2b4 Downloading 2.097MB
 9404e0df6bd3 Downloading 2.097MB
 9404e0df6bd3 Downloading 2.097MB
 b83ce1c86227 Downloading 3.146MB
 b7c1efd1d2b4 Downloading 2.097MB
 f94d28849fa3 Downloading 1.049MB
 1008deaf6ec4 Downloading 1.049MB
 71e9fc939447 Downloading 1.049MB
 b83ce1c86227 Downloading 3.146MB
 f9c0805c25ee Downloading 2.097MB
 b83ce1c86227 Downloading 3.146MB
 b7c1efd1d2b4 Downloading 2.097MB
 9404e0df6bd3 Downloading 2.097MB
 f94d28849fa3 Downloading 1.049MB
 1008deaf6ec4 Downloading 1.049MB
 71e9fc939447 Downloading 1.049MB
 b83ce1c86227 Downloading 3.146MB
 f9c0805c25ee Downloading 2.097MB
 b83ce1c86227 Downloading 3.146MB
 b7c1efd1d2b4 Downloading 2.097MB
 9404e0df6bd3 Downloading 2.097MB
 b7c1efd1d2b4 Downloading 2.097MB
 9404e0df6bd3 Downloading 2.097MB
 b83ce1c86227 Downloading 3.146MB
 f9c0805c25ee Downloading 2.097MB
 f94d28849fa3 Downloading 1.049MB
 1008deaf6ec4 Downloading 1.049MB
 71e9fc939447 Downloading 1.049MB
 b83ce1c86227 Downloading 3.146MB
 b7c1efd1d2b4 Downloading 2.097MB
 9404e0df6bd3 Downloading 2.097MB
 b83ce1c86227 Downloading 3.146MB
 b83ce1c86227 Downloading 3.146MB
 b7c1efd1d2b4 Downloading 2.097MB
 9404e0df6bd3 Downloading 2.097MB
 f9c0805c25ee Downloading 3.146MB
 f94d28849fa3 Downloading 1.049MB
 1008deaf6ec4 Downloading 1.049MB
 71e9fc939447 Downloading 2.097MB
 b83ce1c86227 Downloading 3.146MB
 9404e0df6bd3 Downloading 2.097MB
 b83ce1c86227 Downloading 3.146MB
 b7c1efd1d2b4 Downloading 2.097MB
 9404e0df6bd3 Downloading 2.097MB
 b83ce1c86227 Downloading 3.146MB
 b7c1efd1d2b4 Downloading 2.097MB
 1008deaf6ec4 Downloading 1.049MB
 71e9fc939447 Downloading 2.097MB
 b83ce1c86227 Downloading 3.146MB
 f9c0805c25ee Downloading 3.146MB
 f94d28849fa3 Downloading 1.049MB
 b83ce1c86227 Downloading 3.146MB
 f9c0805c25ee Downloading 3.146MB
 f94d28849fa3 Downloading 1.049MB
 1008deaf6ec4 Downloading 1.049MB
 71e9fc939447 Downloading 2.097MB
 b83ce1c86227 Downloading 3.146MB
 b7c1efd1d2b4 Downloading 2.097MB
 9404e0df6bd3 Downloading 2.097MB
 f94d28849fa3 Downloading 1.049MB
 1008deaf6ec4 Downloading 1.049MB
 71e9fc939447 Downloading 2.097MB
 b83ce1c86227 Downloading 3.146MB
 f9c0805c25ee Downloading 3.146MB
 f94d28849fa3 Downloading 1.049MB
 1008deaf6ec4 Downloading 1.049MB
 71e9fc939447 Downloading 2.097MB
 b83ce1c86227 Downloading 3.146MB
 f9c0805c25ee Downloading 3.146MB
 b83ce1c86227 Downloading 3.146MB
 b7c1efd1d2b4 Downloading 2.097MB
 9404e0df6bd3 Downloading 2.097MB
 b83ce1c86227 Downloading 3.146MB
 b7c1efd1d2b4 Downloading 2.097MB
 9404e0df6bd3 Downloading 2.097MB
 b83ce1c86227 Downloading 3.146MB
 b7c1efd1d2b4 Downloading 2.097MB
 9404e0df6bd3 Downloading 2.097MB
 b83ce1c86227 Downloading 3.146MB
 f9c0805c25ee Downloading 3.146MB
 f94d28849fa3 Downloading 1.049MB
 1008deaf6ec4 Downloading 1.049MB
 71e9fc939447 Downloading 2.097MB
 9404e0df6bd3 Downloading 2.097MB
 b83ce1c86227 Downloading 3.146MB
 b7c1efd1d2b4 Downloading 2.097MB
 1008deaf6ec4 Downloading 1.049MB
 71e9fc939447 Downloading 2.402MB
 b83ce1c86227 Downloading 3.146MB
 f9c0805c25ee Downloading 4.194MB
 f94d28849fa3 Downloading 1.637MB
 9acd69886aea Pulling fs layer 0B
 49f467916923 Pulling fs layer 0B
 4f4fb700ef54 Pulling fs layer 0B
 ba329dc88746 Pulling fs layer 0B
 4f4fb700ef54 Pulling fs layer 0B
 c437c96e116d Pulling fs layer 0B
 4f4fb700ef54 Pulling fs layer 0B
 03d85b425b1f Pulling fs layer 0B
 cc6545d15674 Pulling fs layer 0B
 101067e53c34 Pulling fs layer 0B
 f94d28849fa3 Downloading 1.637MB
 1008deaf6ec4 Downloading 1.049MB
 71e9fc939447 Downloading 2.402MB
 b83ce1c86227 Downloading 3.146MB
 f9c0805c25ee Downloading 4.194MB
 b83ce1c86227 Downloading 3.146MB
 b7c1efd1d2b4 Downloading 3.146MB
 9404e0df6bd3 Downloading 2.097MB
 4f4fb700ef54 Already exists 0B
 b83ce1c86227 Downloading 3.146MB
 b7c1efd1d2b4 Downloading 3.146MB
 9404e0df6bd3 Downloading 2.097MB
 b83ce1c86227 Downloading 3.146MB
 f9c0805c25ee Downloading 4.194MB
 f94d28849fa3 Downloading 1.637MB
 1008deaf6ec4 Downloading 1.049MB
 71e9fc939447 Downloading 2.402MB
 b83ce1c86227 Downloading 3.146MB
 b7c1efd1d2b4 Downloading 3.146MB
 9404e0df6bd3 Downloading 2.097MB
 e2ed3fb83030 Downloading 46.88kB
 9404e0df6bd3 Downloading 2.097MB
 b83ce1c86227 Downloading 3.146MB
 b7c1efd1d2b4 Downloading 3.146MB
 b83ce1c86227 Downloading 3.146MB
 f9c0805c25ee Downloading 4.194MB
 f94d28849fa3 Downloading 1.637MB
 1008deaf6ec4 Downloading 1.049MB
 b83ce1c86227 Downloading 3.146MB
 f9c0805c25ee Downloading 5.243MB
 f94d28849fa3 Downloading 1.637MB
 1008deaf6ec4 Downloading 1.049MB
 71e9fc939447 Download complete 0B
 b83ce1c86227 Downloading 3.146MB
 b7c1efd1d2b4 Downloading 3.146MB
 9404e0df6bd3 Downloading 2.097MB
 b83ce1c86227 Downloading 3.146MB
 b7c1efd1d2b4 Downloading 3.146MB
 9404e0df6bd3 Downloading 2.097MB
 e2ed3fb83030 Downloading 46.88kB
 9404e0df6bd3 Downloading 2.097MB
 b83ce1c86227 Downloading 3.146MB
 b7c1efd1d2b4 Downloading 3.146MB
 e2ed3fb83030 Downloading 46.88kB
 9404e0df6bd3 Downloading 2.097MB
 b83ce1c86227 Downloading 3.146MB
 b7c1efd1d2b4 Downloading 3.146MB
 1008deaf6ec4 Downloading 1.049MB
 b83ce1c86227 Downloading 3.146MB
 f9c0805c25ee Downloading 5.243MB
 b83ce1c86227 Downloading 3.146MB
 f9c0805c25ee Downloading 5.243MB
 f94d28849fa3 Download complete 0B
 1008deaf6ec4 Downloading 1.049MB
 e2ed3fb83030 Downloading 46.88kB
 e2ed3fb83030 Downloading 46.88kB
 9404e0df6bd3 Downloading 2.097MB
 b83ce1c86227 Downloading 3.146MB
 b7c1efd1d2b4 Downloading 3.146MB
 b7c1efd1d2b4 Downloading 3.146MB
 9404e0df6bd3 Downloading 2.097MB
 b83ce1c86227 Downloading 3.146MB
 9404e0df6bd3 Downloading 2.097MB
 b83ce1c86227 Downloading 3.146MB
 b7c1efd1d2b4 Downloading 3.146MB
 b83ce1c86227 Downloading 4.194MB
 b7c1efd1d2b4 Downloading 3.146MB
 9404e0df6bd3 Downloading 3.146MB
 b83ce1c86227 Downloading 4.194MB
 b7c1efd1d2b4 Downloading 3.146MB
 9404e0df6bd3 Downloading 3.146MB
 e2ed3fb83030 Downloading 46.88kB
 b83ce1c86227 Downloading 4.194MB
 f9c0805c25ee Downloading 5.243MB
 1008deaf6ec4 Downloading 1.049MB
 e2ed3fb83030 Downloading 46.88kB
 e2ed3fb83030 Downloading 46.88kB
 9404e0df6bd3 Downloading 3.146MB
 b83ce1c86227 Downloading 4.194MB
 b7c1efd1d2b4 Downloading 3.146MB
 9404e0df6bd3 Downloading 3.146MB
 b83ce1c86227 Downloading 4.194MB
 b7c1efd1d2b4 Downloading 3.146MB
 b83ce1c86227 Downloading 4.194MB
 b7c1efd1d2b4 Downloading 3.146MB
 9404e0df6bd3 Downloading 3.146MB
 9404e0df6bd3 Downloading 3.146MB
 b83ce1c86227 Downloading 4.194MB
 b7c1efd1d2b4 Downloading 3.146MB
 1008deaf6ec4 Downloading 1.049MB
 b83ce1c86227 Downloading 4.194MB
 f9c0805c25ee Downloading 5.243MB
 1008deaf6ec4 Downloading 2.097MB
 b83ce1c86227 Downloading 4.194MB
 f9c0805c25ee Downloading 5.243MB
 b83ce1c86227 Downloading 4.194MB
 b7c1efd1d2b4 Downloading 3.146MB
 9404e0df6bd3 Downloading 3.146MB
 b7c1efd1d2b4 Downloading 3.146MB
 9404e0df6bd3 Downloading 3.146MB
 b83ce1c86227 Downloading 4.194MB
 e2ed3fb83030 Downloading 46.88kB
 1008deaf6ec4 Downloading 2.097MB
 b83ce1c86227 Downloading 4.194MB
 f9c0805c25ee Downloading 5.243MB
 e2ed3fb83030 Downloading 46.88kB
 b83ce1c86227 Downloading 4.194MB
 b7c1efd1d2b4 Downloading 3.146MB
 9404e0df6bd3 Downloading 3.146MB
 1008deaf6ec4 Downloading 2.097MB
 b83ce1c86227 Downloading 4.194MB
 f9c0805c25ee Downloading 5.243MB
 e2ed3fb83030 Downloading 46.88kB
 9404e0df6bd3 Downloading 3.146MB
 b83ce1c86227 Downloading 4.194MB
 b7c1efd1d2b4 Downloading 3.146MB
 e2ed3fb83030 Downloading 46.88kB
 9acd69886aea Downloading 3.638kB
 b83ce1c86227 Downloading 4.194MB
 f9c0805c25ee Downloading 5.243MB
 1008deaf6ec4 Downloading 2.097MB
 9404e0df6bd3 Downloading 3.146MB
 b83ce1c86227 Downloading 4.194MB
 b7c1efd1d2b4 Downloading 3.146MB
 b7c1efd1d2b4 Downloading 3.146MB
 9404e0df6bd3 Downloading 3.146MB
 b83ce1c86227 Downloading 4.194MB
 1008deaf6ec4 Downloading 2.097MB
 b83ce1c86227 Downloading 4.194MB
 f9c0805c25ee Downloading 5.243MB
 e2ed3fb83030 Downloading 46.88kB
 9acd69886aea Downloading 3.638kB
 e2ed3fb83030 Downloading 46.88kB
 9acd69886aea Downloading 3.638kB
 c73a54ef8ac2 Downloading 1.049MB
 e2ed3fb83030 Downloading 46.88kB
 9acd69886aea Downloading 3.638kB
 c73a54ef8ac2 Downloading 1.049MB
 b83ce1c86227 Downloading 4.194MB
 b7c1efd1d2b4 Downloading 3.146MB
 9404e0df6bd3 Downloading 3.146MB
 9404e0df6bd3 Downloading 3.146MB
 b83ce1c86227 Downloading 4.194MB
 b7c1efd1d2b4 Downloading 3.146MB
 f9c0805c25ee Downloading 5.243MB
 1008deaf6ec4 Downloading 2.097MB
 b83ce1c86227 Downloading 4.194MB
 e2ed3fb83030 Downloading 46.88kB
 9acd69886aea Downloading 3.638kB
 9404e0df6bd3 Downloading 3.146MB
 b83ce1c86227 Downloading 4.194MB
 b7c1efd1d2b4 Downloading 3.146MB
 c73a54ef8ac2 Downloading 1.049MB
 9acd69886aea Downloading 3.638kB
 c73a54ef8ac2 Downloading 1.049MB
 e2ed3fb83030 Downloading 46.88kB
 e2ed3fb83030 Downloading 46.88kB
 9acd69886aea Downloading 3.638kB
 c73a54ef8ac2 Downloading 1.049MB
 e2ed3fb83030 Downloading 46.88kB
 9acd69886aea Downloading 3.638kB
 c73a54ef8ac2 Downloading 1.049MB
 e2ed3fb83030 Downloading 46.88kB
 9acd69886aea Downloading 3.638kB
 c73a54ef8ac2 Downloading 1.049MB
 c73a54ef8ac2 Downloading 1.049MB
 e2ed3fb83030 Downloading 46.88kB
 9acd69886aea Downloading 3.638kB
 e2ed3fb83030 Downloading 46.88kB
 9acd69886aea Downloading 3.638kB
 c73a54ef8ac2 Downloading 1.049MB
 c73a54ef8ac2 Downloading 1.049MB
 e2ed3fb83030 Downloading 46.88kB
 9acd69886aea Downloading 3.638kB
 e2ed3fb83030 Downloading 46.88kB
 9acd69886aea Downloading 3.638kB
 c73a54ef8ac2 Downloading 1.049MB
 1008deaf6ec4 Downloading 2.097MB
 b83ce1c86227 Downloading 4.194MB
 f9c0805c25ee Downloading 5.243MB
 b83ce1c86227 Downloading 4.194MB
 f9c0805c25ee Downloading 5.243MB
 1008deaf6ec4 Downloading 2.097MB
 1008deaf6ec4 Downloading 2.097MB
 b83ce1c86227 Downloading 4.194MB
 9404e0df6bd3 Downloading 3.146MB
 b83ce1c86227 Downloading 4.194MB
 b7c1efd1d2b4 Downloading 3.146MB
 9404e0df6bd3 Downloading 3.146MB
 b83ce1c86227 Downloading 4.194MB
 b7c1efd1d2b4 Downloading 3.146MB
 b83ce1c86227 Downloading 4.194MB
 b7c1efd1d2b4 Downloading 4.194MB
 9404e0df6bd3 Downloading 3.146MB
 9404e0df6bd3 Downloading 3.146MB
 b83ce1c86227 Downloading 4.194MB
 b7c1efd1d2b4 Downloading 4.194MB
 b7c1efd1d2b4 Downloading 4.194MB
 9404e0df6bd3 Downloading 3.146MB
 b83ce1c86227 Downloading 4.194MB
 9404e0df6bd3 Downloading 3.146MB
 b83ce1c86227 Downloading 4.194MB
 b7c1efd1d2b4 Downloading 4.194MB
 9404e0df6bd3 Downloading 3.146MB
 b83ce1c86227 Downloading 4.194MB
 b7c1efd1d2b4 Downloading 4.194MB
 e2ed3fb83030 Downloading 46.88kB
 9acd69886aea Downloading 3.638kB
 c73a54ef8ac2 Downloading 1.049MB
 f9c0805c25ee Downloading 6.291MB
 b83ce1c86227 Downloading 4.194MB
 f9c0805c25ee Downloading 6.291MB
 1008deaf6ec4 Downloading 2.097MB
 e2ed3fb83030 Downloading 46.88kB
 9acd69886aea Downloading 3.638kB
 c73a54ef8ac2 Downloading 1.049MB
 1008deaf6ec4 Downloading 2.097MB
 b83ce1c86227 Downloading 4.194MB
 f9c0805c25ee Downloading 6.291MB
 9404e0df6bd3 Downloading 3.146MB
 b83ce1c86227 Downloading 4.194MB
 b7c1efd1d2b4 Downloading 4.194MB
 e2ed3fb83030 Downloading 46.88kB
 9acd69886aea Downloading 3.638kB
 c73a54ef8ac2 Downloading 1.049MB
 49f467916923 Downloading 1.049MB
 c73a54ef8ac2 Downloading 1.049MB
 49f467916923 Downloading 1.049MB
 ba329dc88746 Downloading 188B
 e2ed3fb83030 Downloading 46.88kB
 9acd69886aea Downloading 3.638kB
 9404e0df6bd3 Downloading 3.146MB
 b83ce1c86227 Downloading 4.194MB
 b7c1efd1d2b4 Downloading 4.194MB
 c73a54ef8ac2 Downloading 1.049MB
 49f467916923 Downloading 1.049MB
 ba329dc88746 Downloading 188B
 e2ed3fb83030 Downloading 46.88kB
 9acd69886aea Downloading 3.638kB
 c73a54ef8ac2 Downloading 1.049MB
 49f467916923 Downloading 1.049MB
 ba329dc88746 Downloading 188B
 e2ed3fb83030 Downloading 46.88kB
 9acd69886aea Downloading 3.638kB
 03d85b425b1f Downloading 116B
 e2ed3fb83030 Downloading 46.88kB
 9acd69886aea Downloading 3.638kB
 03d85b425b1f Downloading 116B
 c73a54ef8ac2 Downloading 1.049MB
 49f467916923 Downloading 1.049MB
 ba329dc88746 Downloading 188B
 1008deaf6ec4 Downloading 2.097MB
 b83ce1c86227 Downloading 4.194MB
 f9c0805c25ee Downloading 6.291MB
 03d85b425b1f Downloading 116B
 c73a54ef8ac2 Downloading 1.049MB
 49f467916923 Downloading 1.049MB
 ba329dc88746 Downloading 188B
 101067e53c34 Downloading 364B
 e2ed3fb83030 Downloading 46.88kB
 9acd69886aea Downloading 3.638kB
 ba329dc88746 Downloading 188B
 101067e53c34 Downloading 364B
 e2ed3fb83030 Downloading 46.88kB
 9acd69886aea Downloading 3.638kB
 03d85b425b1f Downloading 116B
 c73a54ef8ac2 Downloading 1.049MB
 49f467916923 Downloading 1.049MB
 9404e0df6bd3 Downloading 3.146MB
 b83ce1c86227 Downloading 4.194MB
 b7c1efd1d2b4 Downloading 4.194MB
 b83ce1c86227 Downloading 4.194MB
 b7c1efd1d2b4 Downloading 4.194MB
 9404e0df6bd3 Downloading 3.146MB
 9404e0df6bd3 Downloading 3.146MB
 b83ce1c86227 Downloading 4.194MB
 b7c1efd1d2b4 Downloading 4.194MB
 c73a54ef8ac2 Downloading 1.049MB
 49f467916923 Downloading 1.049MB
 ba329dc88746 Downloading 188B
 101067e53c34 Downloading 364B
 e2ed3fb83030 Downloading 46.88kB
 9acd69886aea Downloading 3.638kB
 03d85b425b1f Downloading 116B
 e2ed3fb83030 Downloading 46.88kB
 9acd69886aea Downloading 3.638kB
 03d85b425b1f Downloading 116B
 c73a54ef8ac2 Downloading 1.049MB
 49f467916923 Downloading 1.049MB
 ba329dc88746 Downloading 188B
 101067e53c34 Downloading 364B
 c73a54ef8ac2 Downloading 1.049MB
 49f467916923 Downloading 1.049MB
 ba329dc88746 Downloading 188B
 101067e53c34 Downloading 364B
 e2ed3fb83030 Downloading 46.88kB
 9acd69886aea Downloading 3.638kB
 03d85b425b1f Downloading 116B
 9acd69886aea Downloading 3.638kB
 03d85b425b1f Downloading 116B
 c73a54ef8ac2 Downloading 1.049MB
 49f467916923 Downloading 1.049MB
 ba329dc88746 Downloading 188B
 101067e53c34 Downloading 364B
 49f467916923 Downloading 1.049MB
 ba329dc88746 Downloading 188B
 101067e53c34 Downloading 364B
 e2ed3fb83030 Download complete 0B
 9acd69886aea Downloading 3.638kB
 03d85b425b1f Downloading 116B
 c73a54ef8ac2 Downloading 1.049MB
 c73a54ef8ac2 Downloading 1.049MB
 49f467916923 Downloading 1.049MB
 ba329dc88746 Downloading 188B
 101067e53c34 Downloading 364B
 9acd69886aea Downloading 3.638kB
 03d85b425b1f Downloading 116B
 9acd69886aea Downloading 3.638kB
 03d85b425b1f Downloading 116B
 c73a54ef8ac2 Downloading 1.049MB
 49f467916923 Downloading 2.097MB
 ba329dc88746 Downloading 188B
 101067e53c34 Downloading 364B
 1008deaf6ec4 Downloading 2.097MB
 b83ce1c86227 Downloading 4.194MB
 f9c0805c25ee Downloading 6.291MB
 1008deaf6ec4 Downloading 2.097MB
 b83ce1c86227 Downloading 4.194MB
 f9c0805c25ee Downloading 6.291MB
 1008deaf6ec4 Downloading 2.097MB
 b83ce1c86227 Downloading 4.194MB
 f9c0805c25ee Downloading 6.291MB
 1008deaf6ec4 Downloading 3.146MB
 b83ce1c86227 Downloading 4.194MB
 f9c0805c25ee Downloading 6.291MB
 1008deaf6ec4 Downloading 3.146MB
 b83ce1c86227 Downloading 4.194MB
 f9c0805c25ee Downloading 6.291MB
 b83ce1c86227 Downloading 4.194MB
 b7c1efd1d2b4 Downloading 4.194MB
 9404e0df6bd3 Downloading 3.146MB
 b83ce1c86227 Downloading 4.194MB
 b7c1efd1d2b4 Downloading 4.194MB
 9404e0df6bd3 Downloading 3.146MB
 9404e0df6bd3 Downloading 3.146MB
 b83ce1c86227 Downloading 4.194MB
 b7c1efd1d2b4 Downloading 4.194MB
 b83ce1c86227 Downloading 4.194MB
 b7c1efd1d2b4 Downloading 4.194MB
 9404e0df6bd3 Downloading 3.146MB
 9404e0df6bd3 Downloading 3.146MB
 b83ce1c86227 Downloading 4.194MB
 b7c1efd1d2b4 Downloading 4.194MB
 b83ce1c86227 Downloading 4.194MB
 b7c1efd1d2b4 Downloading 4.194MB
 9404e0df6bd3 Downloading 3.146MB
 9acd69886aea Downloading 3.638kB
 03d85b425b1f Downloading 116B
 c73a54ef8ac2 Downloading 1.049MB
 49f467916923 Downloading 2.097MB
 ba329dc88746 Downloading 188B
 101067e53c34 Downloading 364B
 9acd69886aea Downloading 3.638kB
 03d85b425b1f Downloading 116B
 c73a54ef8ac2 Downloading 1.049MB
 49f467916923 Downloading 2.097MB
 ba329dc88746 Downloading 188B
 101067e53c34 Downloading 364B
 ba329dc88746 Downloading 188B
 101067e53c34 Downloading 364B
 9acd69886aea Downloading 3.638kB
 03d85b425b1f Downloading 116B
 c73a54ef8ac2 Downloading 1.049MB
 49f467916923 Downloading 2.097MB
 9acd69886aea Downloading 3.638kB
 03d85b425b1f Downloading 116B
 c73a54ef8ac2 Downloading 1.049MB
 49f467916923 Downloading 2.097MB
 ba329dc88746 Downloading 188B
 101067e53c34 Downloading 364B
 c73a54ef8ac2 Downloading 1.049MB
 49f467916923 Downloading 2.097MB
 ba329dc88746 Downloading 188B
 101067e53c34 Downloading 364B
 9acd69886aea Downloading 3.638kB
 03d85b425b1f Downloading 116B
 9acd69886aea Downloading 3.638kB
 03d85b425b1f Downloading 116B
 c73a54ef8ac2 Downloading 1.049MB
 49f467916923 Downloading 2.097MB
 ba329dc88746 Downloading 188B
 101067e53c34 Downloading 364B
 101067e53c34 Downloading 364B
 9acd69886aea Downloading 3.638kB
 03d85b425b1f Downloading 116B
 c73a54ef8ac2 Downloading 1.049MB
 49f467916923 Downloading 2.097MB
 ba329dc88746 Downloading 188B
 03d85b425b1f Downloading 116B
 c73a54ef8ac2 Downloading 1.049MB
 49f467916923 Downloading 2.097MB
 ba329dc88746 Downloading 188B
 101067e53c34 Downloading 364B
 9acd69886aea Downloading 3.638kB
 9404e0df6bd3 Downloading 3.146MB
 b83ce1c86227 Downloading 4.194MB
 b7c1efd1d2b4 Downloading 4.194MB
 b83ce1c86227 Downloading 5.243MB
 b7c1efd1d2b4 Downloading 4.194MB
 9404e0df6bd3 Downloading 4.194MB
 b83ce1c86227 Downloading 5.243MB
 b7c1efd1d2b4 Downloading 4.194MB
 9404e0df6bd3 Downloading 4.194MB
 b83ce1c86227 Downloading 5.243MB
 b7c1efd1d2b4 Downloading 4.194MB
 9404e0df6bd3 Downloading 4.194MB
 b83ce1c86227 Downloading 5.243MB
 b7c1efd1d2b4 Downloading 4.194MB
 9404e0df6bd3 Downloading 4.194MB
 b83ce1c86227 Downloading 5.243MB
 b7c1efd1d2b4 Downloading 4.194MB
 9404e0df6bd3 Downloading 4.194MB
 b83ce1c86227 Downloading 5.243MB
 f9c0805c25ee Downloading 6.291MB
 1008deaf6ec4 Downloading 3.146MB
 f9c0805c25ee Downloading 6.291MB
 1008deaf6ec4 Downloading 3.146MB
 b83ce1c86227 Downloading 5.243MB
 ba329dc88746 Downloading 188B
 101067e53c34 Downloading 364B
 9acd69886aea Downloading 3.638kB
 03d85b425b1f Downloading 116B
 c73a54ef8ac2 Downloading 1.049MB
 49f467916923 Downloading 2.097MB
 c73a54ef8ac2 Downloading 1.049MB
 49f467916923 Downloading 2.097MB
 ba329dc88746 Downloading 188B
 101067e53c34 Downloading 364B
 9acd69886aea Downloading 3.638kB
 03d85b425b1f Downloading 116B
 1008deaf6ec4 Downloading 3.146MB
 b83ce1c86227 Downloading 5.243MB
 f9c0805c25ee Downloading 6.291MB
 b83ce1c86227 Downloading 5.243MB
 b7c1efd1d2b4 Downloading 4.194MB
 9404e0df6bd3 Downloading 4.194MB
 9acd69886aea Downloading 3.638kB
 03d85b425b1f Downloading 116B
 c73a54ef8ac2 Downloading 1.049MB
 49f467916923 Downloading 2.097MB
 ba329dc88746 Downloading 188B
 101067e53c34 Downloading 364B
 101067e53c34 Downloading 364B
 9acd69886aea Downloading 3.638kB
 03d85b425b1f Downloading 116B
 c73a54ef8ac2 Downloading 1.049MB
 49f467916923 Downloading 2.097MB
 ba329dc88746 Downloading 188B
 ba329dc88746 Downloading 188B
 101067e53c34 Downloading 364B
 9acd69886aea Downloading 3.638kB
 03d85b425b1f Downloading 116B
 c73a54ef8ac2 Downloading 1.049MB
 49f467916923 Downloading 2.097MB
 c73a54ef8ac2 Downloading 1.049MB
 49f467916923 Downloading 2.097MB
 ba329dc88746 Downloading 188B
 101067e53c34 Downloading 364B
 9acd69886aea Downloading 3.638kB
 03d85b425b1f Downloading 116B
 9acd69886aea Downloading 3.638kB
 03d85b425b1f Downloading 116B
 c73a54ef8ac2 Downloading 1.049MB
 49f467916923 Downloading 2.097MB
 ba329dc88746 Downloading 188B
 101067e53c34 Downloading 364B
 9acd69886aea Downloading 3.638kB
 03d85b425b1f Downloading 116B
 c73a54ef8ac2 Downloading 1.049MB
 49f467916923 Downloading 2.097MB
 ba329dc88746 Downloading 188B
 101067e53c34 Downloading 364B
 9acd69886aea Downloading 3.638kB
 03d85b425b1f Downloading 116B
 c73a54ef8ac2 Downloading 1.049MB
 49f467916923 Downloading 2.097MB
 ba329dc88746 Downloading 188B
 101067e53c34 Downloading 364B
 9acd69886aea Downloading 3.638kB
 03d85b425b1f Downloading 116B
 c73a54ef8ac2 Downloading 1.049MB
 49f467916923 Downloading 2.097MB
 ba329dc88746 Downloading 188B
 101067e53c34 Downloading 364B
 101067e53c34 Downloading 364B
 9acd69886aea Downloading 3.638kB
 03d85b425b1f Downloading 116B
 c73a54ef8ac2 Downloading 1.049MB
 49f467916923 Downloading 2.097MB
 ba329dc88746 Downloading 188B
 9acd69886aea Downloading 3.638kB
 03d85b425b1f Downloading 116B
 c73a54ef8ac2 Downloading 1.049MB
 49f467916923 Downloading 2.097MB
 ba329dc88746 Downloading 188B
 101067e53c34 Downloading 364B
 49f467916923 Downloading 2.097MB
 ba329dc88746 Downloading 188B
 101067e53c34 Downloading 364B
 9acd69886aea Downloading 3.638kB
 03d85b425b1f Downloading 116B
 c73a54ef8ac2 Downloading 1.049MB
 49f467916923 Downloading 2.097MB
 ba329dc88746 Downloading 188B
 101067e53c34 Downloading 364B
 9acd69886aea Downloading 3.638kB
 03d85b425b1f Downloading 116B
 c73a54ef8ac2 Downloading 1.049MB
 9acd69886aea Downloading 3.638kB
 03d85b425b1f Downloading 116B
 c73a54ef8ac2 Downloading 1.049MB
 49f467916923 Downloading 2.097MB
 ba329dc88746 Downloading 188B
 101067e53c34 Downloading 364B
 c73a54ef8ac2 Downloading 1.049MB
 49f467916923 Downloading 2.097MB
 ba329dc88746 Downloading 188B
 101067e53c34 Downloading 364B
 9acd69886aea Downloading 3.638kB
 03d85b425b1f Downloading 116B
 9404e0df6bd3 Downloading 4.194MB
 b83ce1c86227 Downloading 5.243MB
 b7c1efd1d2b4 Downloading 4.194MB
 b7c1efd1d2b4 Downloading 4.194MB
 9404e0df6bd3 Downloading 4.194MB
 b83ce1c86227 Downloading 5.243MB
 9404e0df6bd3 Downloading 4.194MB
 b83ce1c86227 Downloading 5.243MB
 b7c1efd1d2b4 Downloading 4.194MB
 b83ce1c86227 Downloading 5.243MB
 b7c1efd1d2b4 Downloading 4.194MB
 9404e0df6bd3 Downloading 4.194MB
 9404e0df6bd3 Downloading 4.194MB
 b83ce1c86227 Downloading 5.243MB
 b7c1efd1d2b4 Downloading 4.194MB
 9404e0df6bd3 Downloading 4.194MB
 b83ce1c86227 Downloading 5.243MB
 b7c1efd1d2b4 Downloading 4.194MB
 b7c1efd1d2b4 Downloading 5.243MB
 9404e0df6bd3 Downloading 4.194MB
 b83ce1c86227 Downloading 5.243MB
 9404e0df6bd3 Downloading 4.194MB
 b83ce1c86227 Downloading 5.243MB
 b7c1efd1d2b4 Downloading 5.243MB
 b83ce1c86227 Downloading 5.243MB
 1008deaf6ec4 Downloading 3.146MB
 b83ce1c86227 Downloading 5.243MB
 f9c0805c25ee Downloading 6.291MB
 1008deaf6ec4 Downloading 3.146MB
 b83ce1c86227 Downloading 5.243MB
 f9c0805c25ee Downloading 6.291MB
 1008deaf6ec4 Downloading 3.146MB
 b83ce1c86227 Downloading 5.243MB
 f9c0805c25ee Downloading 6.291MB
 1008deaf6ec4 Downloading 3.146MB
 b83ce1c86227 Downloading 5.243MB
 f9c0805c25ee Downloading 6.291MB
 f9c0805c25ee Downloading 6.291MB
 1008deaf6ec4 Downloading 3.146MB
 b83ce1c86227 Downloading 5.243MB
 b7c1efd1d2b4 Downloading 5.243MB
 9404e0df6bd3 Downloading 4.194MB
 101067e53c34 Downloading 364B
 9acd69886aea Downloading 3.638kB
 03d85b425b1f Downloading 116B
 cc6545d15674 Downloading 865.7kB
 c73a54ef8ac2 Downloading 1.049MB
 49f467916923 Downloading 2.097MB
 ba329dc88746 Downloading 188B
 ba329dc88746 Downloading 188B
 101067e53c34 Downloading 364B
 9acd69886aea Downloading 3.638kB
 03d85b425b1f Downloading 116B
 cc6545d15674 Downloading 865.7kB
 c73a54ef8ac2 Downloading 1.049MB
 49f467916923 Downloading 3.146MB
 9acd69886aea Downloading 3.638kB
 03d85b425b1f Downloading 116B
 cc6545d15674 Downloading 865.7kB
 c73a54ef8ac2 Downloading 2.097MB
 49f467916923 Downloading 3.146MB
 ba329dc88746 Downloading 188B
 101067e53c34 Downloading 364B
 cc6545d15674 Downloading 865.7kB
 c73a54ef8ac2 Downloading 2.097MB
 49f467916923 Downloading 3.146MB
 ba329dc88746 Downloading 188B
 101067e53c34 Downloading 364B
 9acd69886aea Downloading 3.638kB
 03d85b425b1f Downloading 116B
 b83ce1c86227 Downloading 5.243MB
 b7c1efd1d2b4 Downloading 5.243MB
 9404e0df6bd3 Downloading 4.194MB
 1008deaf6ec4 Downloading 3.146MB
 b83ce1c86227 Downloading 5.243MB
 f9c0805c25ee Downloading 6.291MB
 b83ce1c86227 Downloading 5.243MB
 b7c1efd1d2b4 Downloading 5.243MB
 9404e0df6bd3 Downloading 4.194MB
 03d85b425b1f Downloading 116B
 cc6545d15674 Downloading 865.7kB
 c73a54ef8ac2 Downloading 2.097MB
 49f467916923 Downloading 3.146MB
 ba329dc88746 Downloading 188B
 101067e53c34 Downloading 364B
 9acd69886aea Downloading 3.638kB
 9404e0df6bd3 Downloading 5.243MB
 b83ce1c86227 Downloading 5.243MB
 b7c1efd1d2b4 Downloading 5.243MB
 1008deaf6ec4 Downloading 3.146MB
 b83ce1c86227 Downloading 5.243MB
 f9c0805c25ee Downloading 6.291MB
 101067e53c34 Downloading 364B
 9acd69886aea Downloading 3.638kB
 03d85b425b1f Downloading 116B
 cc6545d15674 Downloading 865.7kB
 c73a54ef8ac2 Downloading 2.097MB
 49f467916923 Downloading 3.146MB
 ba329dc88746 Downloading 188B
 9acd69886aea Downloading 3.638kB
 03d85b425b1f Downloading 116B
 cc6545d15674 Downloading 865.7kB
 c73a54ef8ac2 Downloading 2.097MB
 49f467916923 Downloading 3.146MB
 ba329dc88746 Downloading 188B
 101067e53c34 Downloading 364B
 9404e0df6bd3 Downloading 5.243MB
 b83ce1c86227 Downloading 5.243MB
 b7c1efd1d2b4 Downloading 5.243MB
 1008deaf6ec4 Downloading 3.146MB
 b83ce1c86227 Downloading 5.243MB
 f9c0805c25ee Downloading 6.291MB
 9acd69886aea Downloading 3.638kB
 03d85b425b1f Downloading 116B
 cc6545d15674 Downloading 865.7kB
 c73a54ef8ac2 Downloading 2.097MB
 49f467916923 Downloading 3.146MB
 ba329dc88746 Downloading 188B
 101067e53c34 Downloading 364B
 9404e0df6bd3 Downloading 5.243MB
 b83ce1c86227 Downloading 5.243MB
 b7c1efd1d2b4 Downloading 5.243MB
 9404e0df6bd3 Downloading 5.243MB
 b83ce1c86227 Downloading 5.243MB
 b7c1efd1d2b4 Downloading 5.243MB
 9404e0df6bd3 Downloading 5.243MB
 b83ce1c86227 Downloading 5.243MB
 b7c1efd1d2b4 Downloading 5.243MB
 101067e53c34 Downloading 364B
 9acd69886aea Downloading 3.638kB
 03d85b425b1f Downloading 116B
 cc6545d15674 Downloading 865.7kB
 c73a54ef8ac2 Downloading 2.097MB
 49f467916923 Downloading 3.146MB
 ba329dc88746 Downloading 188B
 ba329dc88746 Downloading 188B
 101067e53c34 Downloading 364B
 9acd69886aea Downloading 3.638kB
 03d85b425b1f Downloading 116B
 cc6545d15674 Downloading 865.7kB
 c73a54ef8ac2 Downloading 2.097MB
 49f467916923 Downloading 3.146MB
 c73a54ef8ac2 Downloading 2.097MB
 49f467916923 Downloading 3.146MB
 ba329dc88746 Downloading 188B
 101067e53c34 Downloading 364B
 03d85b425b1f Downloading 116B
 cc6545d15674 Downloading 865.7kB
 9acd69886aea Download complete 0B
 03d85b425b1f Downloading 116B
 cc6545d15674 Downloading 865.7kB
 c73a54ef8ac2 Downloading 2.097MB
 49f467916923 Downloading 3.146MB
 ba329dc88746 Downloading 188B
 101067e53c34 Downloading 364B
 1008deaf6ec4 Downloading 3.146MB
 b83ce1c86227 Downloading 5.243MB
 f9c0805c25ee Downloading 6.291MB
 1008deaf6ec4 Downloading 3.146MB
 b83ce1c86227 Downloading 5.243MB
 f9c0805c25ee Downloading 6.291MB
 9404e0df6bd3 Downloading 5.243MB
 b83ce1c86227 Downloading 5.243MB
 b7c1efd1d2b4 Downloading 5.243MB
 9404e0df6bd3 Downloading 5.243MB
 b83ce1c86227 Downloading 5.243MB
 b7c1efd1d2b4 Downloading 5.243MB
 b7c1efd1d2b4 Downloading 5.243MB
 9404e0df6bd3 Downloading 5.243MB
 b83ce1c86227 Downloading 6.291MB
 b83ce1c86227 Downloading 6.291MB
 f9c0805c25ee Downloading 7.34MB
 1008deaf6ec4 Downloading 3.146MB
 9404e0df6bd3 Downloading 5.243MB
 b83ce1c86227 Downloading 6.291MB
 b7c1efd1d2b4 Downloading 5.243MB
 b83ce1c86227 Downloading 6.291MB
 b7c1efd1d2b4 Downloading 5.243MB
 9404e0df6bd3 Downloading 5.243MB
 b83ce1c86227 Downloading 6.291MB
 b7c1efd1d2b4 Downloading 5.243MB
 9404e0df6bd3 Downloading 5.243MB
 1008deaf6ec4 Downloading 3.146MB
 b83ce1c86227 Downloading 6.291MB
 f9c0805c25ee Downloading 7.34MB
 03d85b425b1f Downloading 116B
 cc6545d15674 Downloading 865.7kB
 c73a54ef8ac2 Downloading 2.097MB
 49f467916923 Downloading 3.146MB
 ba329dc88746 Downloading 188B
 101067e53c34 Downloading 364B
 c73a54ef8ac2 Downloading 2.097MB
 49f467916923 Downloading 3.146MB
 ba329dc88746 Downloading 188B
 101067e53c34 Downloading 364B
 03d85b425b1f Downloading 116B
 cc6545d15674 Downloading 865.7kB
 c73a54ef8ac2 Downloading 2.097MB
 49f467916923 Downloading 3.146MB
 101067e53c34 Downloading 364B
 03d85b425b1f Downloading 116B
 cc6545d15674 Downloading 865.7kB
 c73a54ef8ac2 Downloading 2.097MB
 49f467916923 Downloading 3.146MB
 b83ce1c86227 Downloading 6.291MB
 f9c0805c25ee Downloading 7.34MB
 1008deaf6ec4 Downloading 3.146MB
 1008deaf6ec4 Downloading 3.146MB
 b83ce1c86227 Downloading 6.291MB
 f9c0805c25ee Downloading 7.34MB
 1008deaf6ec4 Downloading 4.194MB
 b83ce1c86227 Downloading 6.291MB
 f9c0805c25ee Downloading 7.34MB
 b83ce1c86227 Downloading 6.291MB
 f9c0805c25ee Downloading 7.34MB
 1008deaf6ec4 Downloading 4.194MB
 1008deaf6ec4 Downloading 4.194MB
 b83ce1c86227 Downloading 6.291MB
 f9c0805c25ee Downloading 7.34MB
 b83ce1c86227 Downloading 6.291MB
 b7c1efd1d2b4 Downloading 5.243MB
 9404e0df6bd3 Downloading 5.243MB
 b83ce1c86227 Downloading 6.291MB
 b7c1efd1d2b4 Downloading 5.243MB
 9404e0df6bd3 Downloading 5.243MB
 9404e0df6bd3 Downloading 5.243MB
 b83ce1c86227 Downloading 6.291MB
 b7c1efd1d2b4 Downloading 5.243MB
 b83ce1c86227 Downloading 6.291MB
 b7c1efd1d2b4 Downloading 5.243MB
 9404e0df6bd3 Downloading 5.243MB
 b7c1efd1d2b4 Downloading 5.243MB
 9404e0df6bd3 Downloading 5.243MB
 b83ce1c86227 Downloading 6.291MB
 b83ce1c86227 Downloading 6.291MB
 b7c1efd1d2b4 Downloading 5.243MB
 9404e0df6bd3 Downloading 5.243MB
 b7c1efd1d2b4 Downloading 5.243MB
 9404e0df6bd3 Downloading 5.243MB
 b83ce1c86227 Downloading 6.291MB
 9404e0df6bd3 Downloading 5.243MB
 b83ce1c86227 Downloading 6.291MB
 b7c1efd1d2b4 Downloading 5.243MB
 ba329dc88746 Download complete 0B
 101067e53c34 Downloading 364B
 03d85b425b1f Downloading 116B
 cc6545d15674 Downloading 865.7kB
 101067e53c34 Downloading 364B
 03d85b425b1f Download complete 0B
 cc6545d15674 Downloading 865.7kB
 c73a54ef8ac2 Downloading 2.097MB
 49f467916923 Downloading 3.146MB
 c73a54ef8ac2 Downloading 2.097MB
 49f467916923 Downloading 3.146MB
 101067e53c34 Download complete 0B
 cc6545d15674 Downloading 865.7kB
 c73a54ef8ac2 Downloading 2.097MB
 49f467916923 Downloading 3.146MB
 cc6545d15674 Downloading 865.7kB
 c73a54ef8ac2 Downloading 2.097MB
 49f467916923 Downloading 3.146MB
 c73a54ef8ac2 Downloading 2.097MB
 49f467916923 Downloading 3.146MB
 cc6545d15674 Download complete 0B
 c73a54ef8ac2 Downloading 2.097MB
 49f467916923 Downloading 3.146MB
 c73a54ef8ac2 Downloading 2.097MB
 49f467916923 Downloading 3.146MB
 c73a54ef8ac2 Downloading 2.097MB
 49f467916923 Downloading 3.146MB
 b83ce1c86227 Downloading 6.291MB
 f9c0805c25ee Downloading 7.34MB
 1008deaf6ec4 Downloading 4.194MB
 b83ce1c86227 Downloading 6.291MB
 f9c0805c25ee Downloading 7.34MB
 1008deaf6ec4 Downloading 4.194MB
 b83ce1c86227 Downloading 6.291MB
 f9c0805c25ee Downloading 7.34MB
 1008deaf6ec4 Downloading 4.194MB
 1008deaf6ec4 Downloading 4.194MB
 b83ce1c86227 Downloading 6.291MB
 f9c0805c25ee Downloading 7.34MB
 f9c0805c25ee Downloading 7.34MB
 1008deaf6ec4 Downloading 4.194MB
 b83ce1c86227 Downloading 6.291MB
 c73a54ef8ac2 Downloading 2.097MB
 49f467916923 Downloading 3.146MB
 49f467916923 Downloading 3.146MB
 c73a54ef8ac2 Downloading 2.097MB
 c73a54ef8ac2 Downloading 2.097MB
 49f467916923 Downloading 3.146MB
 c73a54ef8ac2 Downloading 2.097MB
 49f467916923 Downloading 3.146MB
 c73a54ef8ac2 Downloading 2.097MB
 49f467916923 Downloading 3.146MB
 c73a54ef8ac2 Downloading 2.097MB
 49f467916923 Downloading 3.146MB
 b83ce1c86227 Downloading 6.291MB
 f9c0805c25ee Downloading 7.34MB
 1008deaf6ec4 Downloading 4.194MB
 b83ce1c86227 Downloading 6.291MB
 f9c0805c25ee Downloading 7.34MB
 1008deaf6ec4 Downloading 4.194MB
 1008deaf6ec4 Downloading 4.194MB
 b83ce1c86227 Downloading 6.291MB
 f9c0805c25ee Downloading 7.34MB
 1008deaf6ec4 Downloading 4.194MB
 b83ce1c86227 Downloading 6.291MB
 f9c0805c25ee Downloading 7.34MB
 b7c1efd1d2b4 Downloading 5.243MB
 9404e0df6bd3 Downloading 5.243MB
 b83ce1c86227 Downloading 6.291MB
 9404e0df6bd3 Downloading 5.243MB
 b83ce1c86227 Downloading 6.291MB
 b7c1efd1d2b4 Downloading 5.243MB
 b83ce1c86227 Downloading 6.291MB
 b7c1efd1d2b4 Downloading 5.243MB
 9404e0df6bd3 Downloading 5.243MB
 9404e0df6bd3 Downloading 5.243MB
 b83ce1c86227 Downloading 6.291MB
 b7c1efd1d2b4 Downloading 5.243MB
 b83ce1c86227 Downloading 6.291MB
 b7c1efd1d2b4 Downloading 5.243MB
 9404e0df6bd3 Downloading 5.243MB
 b83ce1c86227 Downloading 6.291MB
 b7c1efd1d2b4 Downloading 5.243MB
 9404e0df6bd3 Downloading 5.243MB
 9404e0df6bd3 Downloading 5.243MB
 b83ce1c86227 Downloading 6.291MB
 b7c1efd1d2b4 Downloading 5.243MB
 b83ce1c86227 Downloading 6.291MB
 b7c1efd1d2b4 Downloading 5.243MB
 9404e0df6bd3 Downloading 5.243MB
 9404e0df6bd3 Downloading 5.243MB
 b83ce1c86227 Downloading 6.291MB
 b7c1efd1d2b4 Downloading 5.243MB
 b83ce1c86227 Downloading 6.291MB
 b7c1efd1d2b4 Downloading 5.243MB
 9404e0df6bd3 Downloading 5.243MB
 9404e0df6bd3 Downloading 5.243MB
 b83ce1c86227 Downloading 6.291MB
 b7c1efd1d2b4 Downloading 5.243MB
 b83ce1c86227 Downloading 6.291MB
 b7c1efd1d2b4 Downloading 5.243MB
 9404e0df6bd3 Downloading 5.243MB
 9404e0df6bd3 Downloading 5.243MB
 b83ce1c86227 Downloading 6.291MB
 b7c1efd1d2b4 Downloading 5.243MB
 9404e0df6bd3 Downloading 5.243MB
 b83ce1c86227 Downloading 6.291MB
 b7c1efd1d2b4 Downloading 5.243MB
 9404e0df6bd3 Downloading 6.291MB
 b83ce1c86227 Downloading 6.291MB
 b7c1efd1d2b4 Downloading 5.243MB
 b83ce1c86227 Downloading 6.291MB
 b7c1efd1d2b4 Downloading 5.243MB
 9404e0df6bd3 Downloading 6.291MB
 9404e0df6bd3 Downloading 6.291MB
 b83ce1c86227 Downloading 6.291MB
 b7c1efd1d2b4 Downloading 5.243MB
 9404e0df6bd3 Downloading 6.291MB
 b83ce1c86227 Downloading 6.291MB
 b7c1efd1d2b4 Downloading 5.243MB
 c73a54ef8ac2 Downloading 2.097MB
 49f467916923 Downloading 3.146MB
 c73a54ef8ac2 Downloading 2.097MB
 49f467916923 Downloading 3.146MB
 c73a54ef8ac2 Downloading 2.097MB
 49f467916923 Downloading 3.146MB
 49f467916923 Downloading 3.146MB
 c73a54ef8ac2 Downloading 2.097MB
 1008deaf6ec4 Downloading 4.194MB
 b83ce1c86227 Downloading 6.291MB
 f9c0805c25ee Downloading 8.389MB
 1008deaf6ec4 Downloading 4.194MB
 b83ce1c86227 Downloading 6.291MB
 f9c0805c25ee Downloading 8.389MB
 1008deaf6ec4 Downloading 4.194MB
 b83ce1c86227 Downloading 6.291MB
 f9c0805c25ee Downloading 8.389MB
 9404e0df6bd3 Downloading 6.291MB
 b83ce1c86227 Downloading 6.291MB
 b7c1efd1d2b4 Downloading 5.243MB
 b7c1efd1d2b4 Downloading 5.243MB
 9404e0df6bd3 Downloading 6.291MB
 b83ce1c86227 Downloading 6.291MB
 b83ce1c86227 Downloading 6.291MB
 b7c1efd1d2b4 Downloading 5.243MB
 9404e0df6bd3 Downloading 6.291MB
 9404e0df6bd3 Downloading 6.291MB
 b83ce1c86227 Downloading 6.291MB
 b7c1efd1d2b4 Downloading 5.243MB
 b83ce1c86227 Downloading 6.291MB
 b7c1efd1d2b4 Downloading 5.243MB
 9404e0df6bd3 Downloading 6.291MB
 49f467916923 Downloading 3.146MB
 c73a54ef8ac2 Downloading 2.097MB
 c73a54ef8ac2 Downloading 2.097MB
 49f467916923 Downloading 3.146MB
 c437c96e116d Downloading 1.049MB
 c73a54ef8ac2 Downloading 2.097MB
 49f467916923 Downloading 3.146MB
 c437c96e116d Downloading 1.049MB
 1008deaf6ec4 Downloading 4.194MB
 b83ce1c86227 Downloading 6.291MB
 f9c0805c25ee Downloading 8.389MB
 b83ce1c86227 Downloading 6.291MB
 f9c0805c25ee Downloading 8.389MB
 1008deaf6ec4 Downloading 4.194MB
 1008deaf6ec4 Downloading 4.194MB
 b83ce1c86227 Downloading 6.291MB
 f9c0805c25ee Downloading 8.389MB
 b83ce1c86227 Downloading 7.241MB
 f9c0805c25ee Downloading 8.389MB
 1008deaf6ec4 Downloading 4.194MB
 b83ce1c86227 Downloading 6.291MB
 b7c1efd1d2b4 Downloading 5.243MB
 9404e0df6bd3 Downloading 6.291MB
 b83ce1c86227 Downloading 6.291MB
 b7c1efd1d2b4 Downloading 6.291MB
 9404e0df6bd3 Downloading 6.291MB
 b7c1efd1d2b4 Downloading 6.291MB
 9404e0df6bd3 Downloading 6.291MB
 b83ce1c86227 Downloading 6.291MB
 9404e0df6bd3 Downloading 6.291MB
 b83ce1c86227 Downloading 6.291MB
 b7c1efd1d2b4 Downloading 6.291MB
 9404e0df6bd3 Downloading 6.291MB
 b83ce1c86227 Downloading 7.241MB
 b7c1efd1d2b4 Downloading 6.291MB
 9404e0df6bd3 Downloading 6.291MB
 b83ce1c86227 Downloading 7.241MB
 b7c1efd1d2b4 Downloading 6.291MB
 c73a54ef8ac2 Downloading 3.146MB
 49f467916923 Downloading 3.146MB
 c437c96e116d Downloading 1.049MB
 49f467916923 Downloading 3.146MB
 c437c96e116d Downloading 1.049MB
 c73a54ef8ac2 Downloading 3.146MB
 c73a54ef8ac2 Downloading 3.146MB
 49f467916923 Downloading 3.146MB
 c437c96e116d Downloading 1.049MB
 c73a54ef8ac2 Downloading 3.226MB
 49f467916923 Downloading 3.146MB
 c437c96e116d Downloading 1.049MB
 1008deaf6ec4 Downloading 4.194MB
 b83ce1c86227 Downloading 7.241MB
 f9c0805c25ee Downloading 8.389MB
 f9c0805c25ee Downloading 8.389MB
 1008deaf6ec4 Downloading 4.194MB
 b83ce1c86227 Downloading 7.241MB
 1008deaf6ec4 Downloading 4.194MB
 b83ce1c86227 Downloading 7.241MB
 f9c0805c25ee Downloading 8.389MB
 9404e0df6bd3 Downloading 6.291MB
 b83ce1c86227 Downloading 7.241MB
 b7c1efd1d2b4 Downloading 6.291MB
 9404e0df6bd3 Downloading 6.291MB
 b83ce1c86227 Downloading 7.241MB
 b7c1efd1d2b4 Downloading 6.291MB
 b83ce1c86227 Downloading 7.241MB
 b7c1efd1d2b4 Downloading 6.291MB
 9404e0df6bd3 Downloading 6.291MB
 b83ce1c86227 Downloading 7.241MB
 b7c1efd1d2b4 Downloading 6.291MB
 9404e0df6bd3 Downloading 6.291MB
 9404e0df6bd3 Downloading 6.291MB
 b83ce1c86227 Downloading 7.241MB
 b7c1efd1d2b4 Downloading 6.291MB
 9404e0df6bd3 Downloading 6.291MB
 b83ce1c86227 Downloading 7.241MB
 f9c0805c25ee Downloading 8.389MB
 1008deaf6ec4 Downloading 4.194MB
 1008deaf6ec4 Downloading 4.194MB
 b83ce1c86227 Download complete 0B
 f9c0805c25ee Downloading 9.437MB
 b83ce1c86227 Download complete 0B
 b7c1efd1d2b4 Downloading 6.291MB
 b83ce1c86227 Extracting 1B
 b7c1efd1d2b4 Downloading 6.291MB
 9404e0df6bd3 Downloading 6.291MB
 b83ce1c86227 Extracting 1B
 9404e0df6bd3 Downloading 6.291MB
 b7c1efd1d2b4 Downloading 6.291MB
 b83ce1c86227 Extracting 1B
 9404e0df6bd3 Downloading 6.291MB
 b7c1efd1d2b4 Downloading 6.291MB
 b83ce1c86227 Extracting 1B
 f9c0805c25ee Downloading 9.437MB
 1008deaf6ec4 Downloading 4.194MB
 b83ce1c86227 Extracting 1B
 1008deaf6ec4 Downloading 4.194MB
 f9c0805c25ee Downloading 9.437MB
 b83ce1c86227 Extracting 1B
 b7c1efd1d2b4 Downloading 6.291MB
 9404e0df6bd3 Downloading 6.291MB
 b83ce1c86227 Extracting 2B
 b7c1efd1d2b4 Downloading 6.291MB
 9404e0df6bd3 Downloading 6.291MB
 b83ce1c86227 Extracting 1B
 f9c0805c25ee Downloading 9.437MB
 1008deaf6ec4 Downloading 5.243MB
 c73a54ef8ac2 Downloading 3.226MB
 49f467916923 Downloading 3.146MB
 c437c96e116d Downloading 1.049MB
 c437c96e116d Downloading 1.049MB
 49f467916923 Downloading 3.146MB
 c73a54ef8ac2 Download complete 0B
 49f467916923 Downloading 3.146MB
 c437c96e116d Downloading 1.049MB
 49f467916923 Downloading 3.146MB
 c437c96e116d Downloading 1.049MB
 c437c96e116d Downloading 1.049MB
 49f467916923 Downloading 3.146MB
 b83ce1c86227 Extracting 2B
 b7c1efd1d2b4 Downloading 6.291MB
 9404e0df6bd3 Downloading 7.34MB
 b83ce1c86227 Extracting 2B
 9404e0df6bd3 Downloading 7.34MB
 b7c1efd1d2b4 Downloading 6.291MB
 b83ce1c86227 Extracting 2B
 b83ce1c86227 Extracting 2B
 f9c0805c25ee Downloading 9.437MB
 1008deaf6ec4 Downloading 5.243MB
 9404e0df6bd3 Downloading 7.34MB
 b7c1efd1d2b4 Downloading 6.291MB
 b83ce1c86227 Extracting 3B
 b7c1efd1d2b4 Downloading 6.291MB
 9404e0df6bd3 Downloading 7.34MB
 b83ce1c86227 Extracting 3B
 b7c1efd1d2b4 Downloading 6.291MB
 9404e0df6bd3 Downloading 7.34MB
 b83ce1c86227 Extracting 2B
 f9c0805c25ee Downloading 9.437MB
 1008deaf6ec4 Downloading 5.243MB
 b83ce1c86227 Extracting 3B
 f9c0805c25ee Downloading 9.437MB
 1008deaf6ec4 Downloading 5.243MB
 b83ce1c86227 Extracting 3B
 9404e0df6bd3 Downloading 7.34MB
 b7c1efd1d2b4 Downloading 6.291MB
 b83ce1c86227 Extracting 3B
 b7c1efd1d2b4 Downloading 6.291MB
 9404e0df6bd3 Downloading 7.34MB
 b83ce1c86227 Extracting 4B
 b83ce1c86227 Extracting 3B
 f9c0805c25ee Downloading 9.437MB
 1008deaf6ec4 Downloading 5.243MB
 b83ce1c86227 Extracting 3B
 1008deaf6ec4 Downloading 5.243MB
 f9c0805c25ee Downloading 9.437MB
 b7c1efd1d2b4 Downloading 6.291MB
 9404e0df6bd3 Downloading 7.34MB
 49f467916923 Downloading 3.146MB
 c437c96e116d Downloading 1.049MB
 49f467916923 Downloading 3.146MB
 c437c96e116d Downloading 1.049MB
 49f467916923 Downloading 4.194MB
 c437c96e116d Downloading 1.049MB
 49f467916923 Downloading 4.194MB
 c437c96e116d Downloading 1.049MB
 c437c96e116d Downloading 1.049MB
 49f467916923 Downloading 4.194MB
 49f467916923 Downloading 4.194MB
 c437c96e116d Downloading 1.049MB
 b83ce1c86227 Extracting 4B
 b7c1efd1d2b4 Downloading 6.291MB
 9404e0df6bd3 Downloading 7.34MB
 b83ce1c86227 Extracting 4B
 b7c1efd1d2b4 Downloading 6.291MB
 9404e0df6bd3 Downloading 7.34MB
 b83ce1c86227 Extracting 5B
 b7c1efd1d2b4 Downloading 6.291MB
 9404e0df6bd3 Downloading 7.34MB
 b83ce1c86227 Extracting 4B
 1008deaf6ec4 Downloading 5.243MB
 f9c0805c25ee Downloading 10.49MB
 b83ce1c86227 Extracting 4B
 f9c0805c25ee Downloading 10.49MB
 1008deaf6ec4 Downloading 5.243MB
 b83ce1c86227 Extracting 5B
 9404e0df6bd3 Downloading 7.34MB
 b7c1efd1d2b4 Downloading 6.291MB
 b83ce1c86227 Extracting 5B
 b7c1efd1d2b4 Downloading 6.291MB
 9404e0df6bd3 Downloading 7.34MB
 49f467916923 Downloading 4.194MB
 c437c96e116d Downloading 1.049MB
 49f467916923 Downloading 4.194MB
 c437c96e116d Downloading 1.049MB
 49f467916923 Downloading 4.194MB
 c437c96e116d Downloading 1.049MB
 49f467916923 Downloading 4.194MB
 c437c96e116d Downloading 1.049MB
 b83ce1c86227 Extracting 5B
 1008deaf6ec4 Downloading 5.243MB
 f9c0805c25ee Downloading 10.49MB
 b83ce1c86227 Extracting 5B
 b7c1efd1d2b4 Downloading 7.34MB
 9404e0df6bd3 Downloading 7.34MB
 b83ce1c86227 Extracting 6B
 b83ce1c86227 Extracting 5B
 1008deaf6ec4 Downloading 5.243MB
 f9c0805c25ee Downloading 10.49MB
 c437c96e116d Downloading 1.049MB
 49f467916923 Downloading 4.194MB
 49f467916923 Downloading 4.194MB
 c437c96e116d Downloading 1.049MB
 9404e0df6bd3 Downloading 7.34MB
 b7c1efd1d2b4 Downloading 7.34MB
 b83ce1c86227 Extracting 6B
 9404e0df6bd3 Downloading 7.34MB
 b7c1efd1d2b4 Downloading 7.34MB
 b83ce1c86227 Extracting 6B
 b7c1efd1d2b4 Downloading 7.34MB
 9404e0df6bd3 Downloading 7.34MB
 b83ce1c86227 Extracting 6B
 f9c0805c25ee Downloading 10.49MB
 1008deaf6ec4 Downloading 5.243MB
 b83ce1c86227 Extracting 6B
 f9c0805c25ee Downloading 10.49MB
 1008deaf6ec4 Downloading 5.243MB
 b83ce1c86227 Extracting 6B
 b7c1efd1d2b4 Downloading 7.34MB
 9404e0df6bd3 Downloading 7.34MB
 b83ce1c86227 Extracting 6B
 9404e0df6bd3 Downloading 8.389MB
 b7c1efd1d2b4 Downloading 7.34MB
 b83ce1c86227 Extracting 6B
 f9c0805c25ee Downloading 10.49MB
 1008deaf6ec4 Downloading 5.243MB
 b83ce1c86227 Extracting 7B
 b7c1efd1d2b4 Downloading 7.34MB
 9404e0df6bd3 Downloading 8.389MB
 b83ce1c86227 Extracting 7B
 9404e0df6bd3 Downloading 8.389MB
 b7c1efd1d2b4 Downloading 7.34MB
 49f467916923 Downloading 4.194MB
 c437c96e116d Downloading 1.049MB
 c437c96e116d Downloading 1.049MB
 49f467916923 Downloading 4.194MB
 49f467916923 Downloading 4.194MB
 c437c96e116d Downloading 1.049MB
 49f467916923 Downloading 5.243MB
 c437c96e116d Downloading 2.097MB
 b83ce1c86227 Extracting 7B
 f9c0805c25ee Downloading 10.49MB
 1008deaf6ec4 Downloading 5.243MB
 b83ce1c86227 Extracting 7B
 1008deaf6ec4 Downloading 5.243MB
 f9c0805c25ee Downloading 10.49MB
 b83ce1c86227 Extracting 8B
 b83ce1c86227 Extracting 7B
 b7c1efd1d2b4 Downloading 7.34MB
 9404e0df6bd3 Downloading 8.389MB
 b83ce1c86227 Extracting 8B
 b7c1efd1d2b4 Downloading 7.34MB
 9404e0df6bd3 Downloading 8.389MB
 b83ce1c86227 Extracting 8B
 b7c1efd1d2b4 Downloading 7.34MB
 9404e0df6bd3 Downloading 8.389MB
 b83ce1c86227 Extracting 8B
 9404e0df6bd3 Downloading 8.389MB
 b7c1efd1d2b4 Downloading 7.34MB
 b83ce1c86227 Extracting 9B
 9404e0df6bd3 Downloading 8.389MB
 b7c1efd1d2b4 Downloading 7.34MB
 49f467916923 Downloading 5.243MB
 c437c96e116d Downloading 2.097MB
 49f467916923 Downloading 5.243MB
 c437c96e116d Downloading 2.097MB
 49f467916923 Downloading 5.243MB
 c437c96e116d Downloading 2.097MB
 49f467916923 Downloading 5.243MB
 c437c96e116d Downloading 2.097MB
 49f467916923 Downloading 5.243MB
 c437c96e116d Downloading 2.097MB
 1008deaf6ec4 Downloading 5.243MB
 f9c0805c25ee Downloading 10.49MB
 b83ce1c86227 Extracting 8B
 1008deaf6ec4 Downloading 5.243MB
 f9c0805c25ee Downloading 10.49MB
 b83ce1c86227 Extracting 9B
 b7c1efd1d2b4 Downloading 7.34MB
 9404e0df6bd3 Downloading 8.389MB
 b83ce1c86227 Extracting 9B
 b7c1efd1d2b4 Downloading 7.34MB
 9404e0df6bd3 Downloading 8.389MB
 b83ce1c86227 Extracting 9B
 f9c0805c25ee Downloading 10.49MB
 1008deaf6ec4 Downloading 6.291MB
 b83ce1c86227 Extracting 9B
 b7c1efd1d2b4 Downloading 7.34MB
 9404e0df6bd3 Downloading 8.389MB
 b83ce1c86227 Extracting 9B
 1008deaf6ec4 Downloading 6.291MB
 f9c0805c25ee Downloading 10.49MB
 b83ce1c86227 Extracting 10B
 b7c1efd1d2b4 Downloading 7.34MB
 9404e0df6bd3 Downloading 8.389MB
 b83ce1c86227 Extracting 10B
 9404e0df6bd3 Downloading 8.389MB
 b7c1efd1d2b4 Downloading 7.34MB
 b83ce1c86227 Extracting 10B
 f9c0805c25ee Downloading 10.49MB
 1008deaf6ec4 Downloading 6.291MB
 b83ce1c86227 Extracting 10B
 9404e0df6bd3 Downloading 8.389MB
 b7c1efd1d2b4 Downloading 7.34MB
 b83ce1c86227 Extracting 10B
 1008deaf6ec4 Downloading 6.291MB
 f9c0805c25ee Downloading 10.49MB
 b83ce1c86227 Extracting 10B
 f9c0805c25ee Downloading 10.49MB
 1008deaf6ec4 Downloading 6.291MB
 b83ce1c86227 Extracting 10B
 9404e0df6bd3 Downloading 8.389MB
 b7c1efd1d2b4 Downloading 7.34MB
 b83ce1c86227 Extracting 10B
 9404e0df6bd3 Downloading 8.389MB
 b7c1efd1d2b4 Downloading 7.34MB
 b83ce1c86227 Extracting 11B
 9404e0df6bd3 Downloading 9.437MB
 b7c1efd1d2b4 Downloading 7.34MB
 b83ce1c86227 Extracting 11B
 9404e0df6bd3 Downloading 9.437MB
 b7c1efd1d2b4 Downloading 7.34MB
 b83ce1c86227 Extracting 11B
 1008deaf6ec4 Downloading 6.291MB
 f9c0805c25ee Downloading 11.53MB
 c437c96e116d Downloading 2.097MB
 49f467916923 Downloading 5.243MB
 49f467916923 Downloading 5.243MB
 c437c96e116d Downloading 2.097MB
 c437c96e116d Downloading 2.097MB
 49f467916923 Downloading 5.243MB
 49f467916923 Downloading 5.243MB
 c437c96e116d Downloading 2.097MB
 49f467916923 Downloading 5.243MB
 c437c96e116d Downloading 3.146MB
 49f467916923 Downloading 5.243MB
 c437c96e116d Downloading 3.146MB
 49f467916923 Downloading 5.243MB
 c437c96e116d Downloading 3.146MB
 49f467916923 Downloading 5.243MB
 c437c96e116d Downloading 3.146MB
 b83ce1c86227 Extracting 11B
 b7c1efd1d2b4 Downloading 7.34MB
 9404e0df6bd3 Downloading 9.437MB
 b83ce1c86227 Extracting 12B
 b7c1efd1d2b4 Downloading 7.34MB
 9404e0df6bd3 Downloading 9.437MB
 b83ce1c86227 Extracting 11B
 f9c0805c25ee Downloading 11.53MB
 1008deaf6ec4 Downloading 6.291MB
 b83ce1c86227 Extracting 12B
 49f467916923 Downloading 5.243MB
 c437c96e116d Downloading 3.146MB
 f9c0805c25ee Downloading 11.53MB
 1008deaf6ec4 Downloading 6.291MB
 c437c96e116d Downloading 3.146MB
 49f467916923 Downloading 6.291MB
 c437c96e116d Downloading 3.146MB
 49f467916923 Downloading 6.291MB
 c437c96e116d Downloading 3.146MB
 49f467916923 Downloading 6.291MB
 49f467916923 Downloading 6.291MB
 c437c96e116d Downloading 3.146MB
 b83ce1c86227 Extracting 12B
 9404e0df6bd3 Downloading 9.437MB
 b7c1efd1d2b4 Downloading 7.34MB
 b7c1efd1d2b4 Downloading 8.389MB
 9404e0df6bd3 Downloading 9.437MB
 b83ce1c86227 Pull complete 0B
 b7c1efd1d2b4 Downloading 8.389MB
 9404e0df6bd3 Downloading 9.437MB
 4a93952ab9ce Extracting 1B
 9404e0df6bd3 Downloading 9.437MB
 b7c1efd1d2b4 Downloading 8.389MB
 4a93952ab9ce Extracting 1B
 b7c1efd1d2b4 Downloading 8.389MB
 49f467916923 Downloading 6.291MB
 c437c96e116d Downloading 3.146MB
 49f467916923 Downloading 6.291MB
 c437c96e116d Downloading 3.146MB
 49f467916923 Downloading 6.291MB
 c437c96e116d Downloading 3.146MB
 b83ce1c86227 Extracting 12B
 f9c0805c25ee Downloading 11.53MB
 1008deaf6ec4 Downloading 6.291MB
 b83ce1c86227 Extracting 13B
 1008deaf6ec4 Downloading 6.291MB
 f9c0805c25ee Downloading 11.53MB
 1008deaf6ec4 Downloading 6.291MB
 f9c0805c25ee Downloading 11.53MB
 1008deaf6ec4 Downloading 6.291MB
 f9c0805c25ee Downloading 11.53MB
 f94d28849fa3 Extracting 1B
 9404e0df6bd3 Downloading 9.437MB
 9404e0df6bd3 Downloading 9.437MB
 b7c1efd1d2b4 Downloading 8.389MB
 4a93952ab9ce Pull complete 0B
 b7c1efd1d2b4 Downloading 8.389MB
 9404e0df6bd3 Downloading 9.437MB
 b7c1efd1d2b4 Downloading 8.389MB
 9404e0df6bd3 Downloading 9.437MB
 b7c1efd1d2b4 Downloading 8.389MB
 9404e0df6bd3 Downloading 9.437MB
 9404e0df6bd3 Downloading 9.437MB
 b7c1efd1d2b4 Downloading 8.389MB
 b7c1efd1d2b4 Downloading 8.389MB
 49f467916923 Downloading 6.291MB
 c437c96e116d Downloading 3.146MB
 49f467916923 Downloading 6.291MB
 c437c96e116d Downloading 3.146MB
 f9c0805c25ee Downloading 11.53MB
 1008deaf6ec4 Downloading 6.291MB
 f94d28849fa3 Extracting 1B
 1008deaf6ec4 Downloading 6.291MB
 f9c0805c25ee Downloading 11.53MB
 f94d28849fa3 Extracting 1B
 f9c0805c25ee Downloading 12.58MB
 1008deaf6ec4 Downloading 7.34MB
 f94d28849fa3 Extracting 2B
 9404e0df6bd3 Downloading 9.437MB
 b268f447c871 Extracting 1B
 9404e0df6bd3 Downloading 9.437MB
 b7c1efd1d2b4 Downloading 8.389MB
 b268f447c871 Extracting 1B
 b7c1efd1d2b4 Downloading 8.389MB
 9404e0df6bd3 Downloading 9.437MB
 9404e0df6bd3 Downloading 9.437MB
 b7c1efd1d2b4 Downloading 8.389MB
 b268f447c871 Pull complete 0B
 b7c1efd1d2b4 Downloading 8.389MB
 9404e0df6bd3 Downloading 9.437MB
 9404e0df6bd3 Downloading 9.437MB
 b7c1efd1d2b4 Downloading 8.389MB
 b7c1efd1d2b4 Downloading 8.389MB
 9404e0df6bd3 Downloading 9.437MB
 f29310fc4a8a Extracting 1B
 b7c1efd1d2b4 Downloading 8.389MB
 9404e0df6bd3 Downloading 9.437MB
 f29310fc4a8a Extracting 1B
 9404e0df6bd3 Downloading 9.437MB
 b7c1efd1d2b4 Downloading 8.389MB
 f29310fc4a8a Extracting 1B
 49f467916923 Downloading 6.291MB
 c437c96e116d Downloading 3.146MB
 b7c1efd1d2b4 Downloading 8.389MB
 9404e0df6bd3 Downloading 9.437MB
 f29310fc4a8a Extracting 1B
 9404e0df6bd3 Downloading 9.437MB
 b7c1efd1d2b4 Downloading 8.389MB
 f29310fc4a8a Extracting 1B
 f9c0805c25ee Downloading 12.58MB
 1008deaf6ec4 Downloading 7.34MB
 f94d28849fa3 Pull complete 0B
 f9c0805c25ee Downloading 12.58MB
 1008deaf6ec4 Downloading 7.34MB
 9404e0df6bd3 Downloading 9.437MB
 b7c1efd1d2b4 Downloading 8.389MB
 f29310fc4a8a Extracting 1B
 9404e0df6bd3 Downloading 9.437MB
 b7c1efd1d2b4 Downloading 8.389MB
 f29310fc4a8a Extracting 1B
 9404e0df6bd3 Downloading 9.437MB
 b7c1efd1d2b4 Downloading 8.389MB
 f29310fc4a8a Pull complete 0B
 49f467916923 Downloading 6.291MB
 c437c96e116d Downloading 3.146MB
 49f467916923 Downloading 6.291MB
 c437c96e116d Downloading 3.146MB
 49f467916923 Downloading 6.291MB
 c437c96e116d Downloading 3.146MB
 f9c0805c25ee Downloading 12.58MB
 1008deaf6ec4 Downloading 7.34MB
 f9c0805c25ee Downloading 12.58MB
 1008deaf6ec4 Downloading 7.34MB
 9404e0df6bd3 Downloading 9.437MB
 b7c1efd1d2b4 Downloading 8.389MB
 b7c1efd1d2b4 Downloading 8.389MB
 9404e0df6bd3 Downloading 9.437MB
 b7c1efd1d2b4 Downloading 8.389MB
 9404e0df6bd3 Downloading 9.437MB
 b7c1efd1d2b4 Downloading 8.389MB
 9404e0df6bd3 Downloading 9.437MB
 9404e0df6bd3 Downloading 9.437MB
 b7c1efd1d2b4 Downloading 8.389MB
 49f467916923 Downloading 6.291MB
 c437c96e116d Downloading 3.146MB
 c437c96e116d Downloading 3.146MB
 49f467916923 Downloading 6.291MB
 c437c96e116d Downloading 3.146MB
 49f467916923 Downloading 6.291MB
 f9c0805c25ee Downloading 12.58MB
 1008deaf6ec4 Downloading 7.34MB
 81260b173076 Extracting 1B
 f9c0805c25ee Downloading 12.58MB
 1008deaf6ec4 Downloading 7.34MB
 81260b173076 Extracting 1B
 1008deaf6ec4 Downloading 7.34MB
 f9c0805c25ee Downloading 12.58MB
 81260b173076 Pull complete 0B
 1008deaf6ec4 Downloading 7.34MB
 f9c0805c25ee Downloading 12.58MB
 9404e0df6bd3 Downloading 9.437MB
 b7c1efd1d2b4 Downloading 8.389MB
 9404e0df6bd3 Downloading 9.437MB
 b7c1efd1d2b4 Downloading 8.389MB
 b7c1efd1d2b4 Downloading 8.389MB
 9404e0df6bd3 Downloading 9.437MB
 9404e0df6bd3 Downloading 9.437MB
 b7c1efd1d2b4 Downloading 8.389MB
 9404e0df6bd3 Downloading 9.437MB
 b7c1efd1d2b4 Downloading 8.389MB
 b7c1efd1d2b4 Downloading 8.389MB
 9404e0df6bd3 Downloading 9.437MB
 9404e0df6bd3 Downloading 9.437MB
 b7c1efd1d2b4 Downloading 8.389MB
 b7c1efd1d2b4 Downloading 8.389MB
 9404e0df6bd3 Downloading 9.437MB
 49f467916923 Downloading 6.291MB
 c437c96e116d Downloading 3.146MB
 49f467916923 Downloading 6.291MB
 c437c96e116d Downloading 3.146MB
 b7c1efd1d2b4 Downloading 8.389MB
 9404e0df6bd3 Downloading 9.437MB
 9404e0df6bd3 Downloading 9.437MB
 b7c1efd1d2b4 Downloading 8.389MB
 9404e0df6bd3 Downloading 9.437MB
 b7c1efd1d2b4 Downloading 8.389MB
 9404e0df6bd3 Downloading 9.437MB
 b7c1efd1d2b4 Downloading 8.389MB
 9404e0df6bd3 Downloading 9.437MB
 b7c1efd1d2b4 Downloading 8.389MB
 9404e0df6bd3 Downloading 9.437MB
 b7c1efd1d2b4 Downloading 8.389MB
 9404e0df6bd3 Downloading 9.437MB
 b7c1efd1d2b4 Downloading 8.389MB
 49f467916923 Downloading 6.291MB
 c437c96e116d Downloading 3.146MB
 c437c96e116d Downloading 3.146MB
 49f467916923 Downloading 6.291MB
 49f467916923 Downloading 6.291MB
 c437c96e116d Downloading 3.146MB
 f9c0805c25ee Downloading 12.58MB
 1008deaf6ec4 Downloading 7.34MB
 1008deaf6ec4 Downloading 7.34MB
 f9c0805c25ee Downloading 12.58MB
 f9c0805c25ee Downloading 12.58MB
 1008deaf6ec4 Downloading 7.34MB
 1008deaf6ec4 Downloading 7.34MB
 f9c0805c25ee Downloading 12.58MB
 1008deaf6ec4 Downloading 7.34MB
 f9c0805c25ee Downloading 12.58MB
 1008deaf6ec4 Downloading 7.34MB
 f9c0805c25ee Downloading 12.58MB
 b7c1efd1d2b4 Downloading 8.389MB
 9404e0df6bd3 Downloading 9.437MB
 9404e0df6bd3 Downloading 9.437MB
 b7c1efd1d2b4 Downloading 8.389MB
 9404e0df6bd3 Downloading 9.437MB
 b7c1efd1d2b4 Downloading 8.389MB
 b7c1efd1d2b4 Downloading 8.389MB
 9404e0df6bd3 Downloading 9.437MB
 9404e0df6bd3 Downloading 9.437MB
 b7c1efd1d2b4 Downloading 8.389MB
 9404e0df6bd3 Downloading 9.437MB
 b7c1efd1d2b4 Downloading 8.389MB
 f9c0805c25ee Downloading 13.63MB
 1008deaf6ec4 Downloading 7.34MB
 49f467916923 Downloading 6.291MB
 c437c96e116d Downloading 3.146MB
 49f467916923 Downloading 6.291MB
 c437c96e116d Downloading 3.146MB
 b7c1efd1d2b4 Downloading 8.389MB
 9404e0df6bd3 Downloading 9.437MB
 b7c1efd1d2b4 Downloading 8.389MB
 9404e0df6bd3 Downloading 10.49MB
 b7c1efd1d2b4 Downloading 8.389MB
 9404e0df6bd3 Downloading 10.49MB
 9404e0df6bd3 Downloading 10.49MB
 b7c1efd1d2b4 Downloading 8.389MB
 b7c1efd1d2b4 Downloading 8.389MB
 9404e0df6bd3 Downloading 10.49MB
 1008deaf6ec4 Downloading 7.34MB
 f9c0805c25ee Downloading 13.63MB
 f9c0805c25ee Downloading 13.63MB
 1008deaf6ec4 Downloading 7.34MB
 49f467916923 Downloading 6.291MB
 c437c96e116d Downloading 4.194MB
 9404e0df6bd3 Downloading 10.49MB
 b7c1efd1d2b4 Downloading 8.389MB
 b7c1efd1d2b4 Downloading 8.389MB
 9404e0df6bd3 Downloading 10.49MB
 9404e0df6bd3 Downloading 10.49MB
 b7c1efd1d2b4 Downloading 9.437MB
 b7c1efd1d2b4 Downloading 9.437MB
 9404e0df6bd3 Downloading 10.49MB
 f9c0805c25ee Downloading 13.63MB
 1008deaf6ec4 Downloading 8.389MB
 1008deaf6ec4 Downloading 8.389MB
 f9c0805c25ee Downloading 13.63MB
 1008deaf6ec4 Downloading 8.389MB
 f9c0805c25ee Downloading 13.63MB
 b7c1efd1d2b4 Downloading 9.437MB
 9404e0df6bd3 Downloading 10.49MB
 9404e0df6bd3 Downloading 10.49MB
 b7c1efd1d2b4 Downloading 9.437MB
 c437c96e116d Downloading 4.194MB
 49f467916923 Downloading 6.291MB
 9404e0df6bd3 Downloading 10.49MB
 b7c1efd1d2b4 Downloading 9.437MB
 b7c1efd1d2b4 Downloading 9.437MB
 9404e0df6bd3 Downloading 10.49MB
 f9c0805c25ee Downloading 13.63MB
 1008deaf6ec4 Downloading 8.389MB
 b7c1efd1d2b4 Downloading 9.437MB
 9404e0df6bd3 Downloading 10.49MB
 49f467916923 Downloading 6.291MB
 c437c96e116d Downloading 4.194MB
 49f467916923 Downloading 6.291MB
 c437c96e116d Downloading 4.194MB
 f9c0805c25ee Downloading 13.63MB
 1008deaf6ec4 Downloading 8.389MB
 9404e0df6bd3 Downloading 10.49MB
 b7c1efd1d2b4 Downloading 9.437MB
 9404e0df6bd3 Downloading 10.49MB
 b7c1efd1d2b4 Downloading 9.437MB
 f9c0805c25ee Downloading 13.63MB
 1008deaf6ec4 Downloading 8.389MB
 49f467916923 Downloading 6.291MB
 c437c96e116d Downloading 4.194MB
 49f467916923 Downloading 6.291MB
 c437c96e116d Downloading 4.194MB
 b7c1efd1d2b4 Downloading 9.437MB
 9404e0df6bd3 Downloading 10.49MB
 b7c1efd1d2b4 Downloading 9.437MB
 9404e0df6bd3 Downloading 10.49MB
 b7c1efd1d2b4 Downloading 9.437MB
 9404e0df6bd3 Downloading 10.49MB
 b7c1efd1d2b4 Downloading 9.437MB
 9404e0df6bd3 Downloading 10.49MB
 9404e0df6bd3 Downloading 10.49MB
 b7c1efd1d2b4 Downloading 9.437MB
 9404e0df6bd3 Downloading 10.49MB
 b7c1efd1d2b4 Downloading 9.437MB
 f9c0805c25ee Downloading 13.63MB
 1008deaf6ec4 Downloading 8.389MB
 f9c0805c25ee Downloading 13.63MB
 1008deaf6ec4 Downloading 8.389MB
 1008deaf6ec4 Downloading 8.389MB
 f9c0805c25ee Downloading 13.63MB
 f9c0805c25ee Downloading 13.63MB
 1008deaf6ec4 Downloading 8.389MB
 f9c0805c25ee Downloading 13.63MB
 1008deaf6ec4 Downloading 8.389MB
 1008deaf6ec4 Downloading 8.389MB
 f9c0805c25ee Downloading 13.63MB
 9404e0df6bd3 Downloading 10.49MB
 b7c1efd1d2b4 Downloading 9.437MB
 9404e0df6bd3 Downloading 10.49MB
 b7c1efd1d2b4 Downloading 9.437MB
 9404e0df6bd3 Downloading 10.49MB
 b7c1efd1d2b4 Downloading 9.437MB
 9404e0df6bd3 Downloading 10.49MB
 b7c1efd1d2b4 Downloading 9.437MB
 49f467916923 Downloading 6.291MB
 c437c96e116d Downloading 4.194MB
 49f467916923 Downloading 6.291MB
 c437c96e116d Downloading 4.194MB
 c437c96e116d Downloading 4.194MB
 49f467916923 Downloading 6.291MB
 c437c96e116d Downloading 4.194MB
 49f467916923 Downloading 6.291MB
 1008deaf6ec4 Downloading 8.389MB
 f9c0805c25ee Downloading 13.63MB
 b7c1efd1d2b4 Downloading 9.437MB
 9404e0df6bd3 Downloading 10.49MB
 b7c1efd1d2b4 Downloading 9.437MB
 9404e0df6bd3 Downloading 10.49MB
 9404e0df6bd3 Downloading 10.49MB
 b7c1efd1d2b4 Downloading 9.437MB
 1008deaf6ec4 Downloading 8.389MB
 f9c0805c25ee Downloading 13.63MB
 b7c1efd1d2b4 Downloading 9.437MB
 9404e0df6bd3 Downloading 10.49MB
 b7c1efd1d2b4 Downloading 9.437MB
 9404e0df6bd3 Downloading 10.49MB
 f9c0805c25ee Downloading 13.63MB
 1008deaf6ec4 Downloading 8.389MB
 9404e0df6bd3 Downloading 10.49MB
 b7c1efd1d2b4 Downloading 9.437MB
 9404e0df6bd3 Downloading 10.49MB
 b7c1efd1d2b4 Downloading 9.437MB
 f9c0805c25ee Downloading 13.63MB
 1008deaf6ec4 Downloading 8.389MB
 9404e0df6bd3 Downloading 10.49MB
 b7c1efd1d2b4 Downloading 9.437MB
 49f467916923 Downloading 6.291MB
 c437c96e116d Downloading 4.194MB
 49f467916923 Downloading 7.34MB
 c437c96e116d Downloading 4.194MB
 49f467916923 Downloading 7.34MB
 c437c96e116d Downloading 4.194MB
 9404e0df6bd3 Downloading 10.49MB
 b7c1efd1d2b4 Downloading 9.437MB
 b7c1efd1d2b4 Downloading 9.437MB
 9404e0df6bd3 Downloading 10.49MB
 b7c1efd1d2b4 Downloading 9.437MB
 9404e0df6bd3 Downloading 10.49MB
 9404e0df6bd3 Downloading 10.49MB
 b7c1efd1d2b4 Downloading 9.437MB
 1008deaf6ec4 Downloading 8.389MB
 f9c0805c25ee Downloading 13.63MB
 f9c0805c25ee Downloading 13.63MB
 1008deaf6ec4 Downloading 8.389MB
 b7c1efd1d2b4 Downloading 9.437MB
 9404e0df6bd3 Downloading 11.19MB
 9404e0df6bd3 Downloading 11.19MB
 b7c1efd1d2b4 Downloading 9.437MB
 b7c1efd1d2b4 Downloading 9.437MB
 1008deaf6ec4 Downloading 8.389MB
 f9c0805c25ee Downloading 13.63MB
 b7c1efd1d2b4 Downloading 9.437MB
 9404e0df6bd3 Download complete 0B
 9404e0df6bd3 Extracting 1B
 b7c1efd1d2b4 Downloading 9.437MB
 9404e0df6bd3 Extracting 1B
 b7c1efd1d2b4 Downloading 9.437MB
 9404e0df6bd3 Extracting 1B
 49f467916923 Downloading 7.599MB
 c437c96e116d Downloading 4.194MB
 49f467916923 Download complete 0B
 c437c96e116d Downloading 4.194MB
 49f467916923 Extracting 1B
 c437c96e116d Downloading 4.194MB
 49f467916923 Extracting 1B
 c437c96e116d Downloading 4.194MB
 f9c0805c25ee Downloading 14.68MB
 1008deaf6ec4 Downloading 8.389MB
 1008deaf6ec4 Downloading 8.389MB
 f9c0805c25ee Downloading 14.68MB
 f9c0805c25ee Downloading 14.68MB
 1008deaf6ec4 Downloading 8.389MB
 b7c1efd1d2b4 Downloading 9.437MB
 9404e0df6bd3 Extracting 1B
 b7c1efd1d2b4 Downloading 9.437MB
 9404e0df6bd3 Extracting 1B
 b7c1efd1d2b4 Downloading 9.437MB
 9404e0df6bd3 Extracting 1B
 b7c1efd1d2b4 Downloading 9.437MB
 9404e0df6bd3 Extracting 1B
 b7c1efd1d2b4 Downloading 9.437MB
 9404e0df6bd3 Extracting 1B
 b7c1efd1d2b4 Downloading 9.437MB
 9404e0df6bd3 Extracting 1B
 b7c1efd1d2b4 Downloading 9.437MB
 9404e0df6bd3 Extracting 1B
 49f467916923 Extracting 1B
 c437c96e116d Downloading 5.243MB
 49f467916923 Extracting 1B
 c437c96e116d Downloading 5.243MB
 f9c0805c25ee Downloading 14.68MB
 1008deaf6ec4 Downloading 8.389MB
 b7c1efd1d2b4 Downloading 9.437MB
 9404e0df6bd3 Extracting 2B
 b7c1efd1d2b4 Downloading 9.437MB
 9404e0df6bd3 Extracting 2B
 b7c1efd1d2b4 Downloading 10.49MB
 1008deaf6ec4 Downloading 8.389MB
 f9c0805c25ee Downloading 14.68MB
 9404e0df6bd3 Extracting 2B
 b7c1efd1d2b4 Downloading 10.49MB
 9404e0df6bd3 Extracting 2B
 b7c1efd1d2b4 Downloading 10.49MB
 9404e0df6bd3 Extracting 2B
 b7c1efd1d2b4 Downloading 10.49MB
 f9c0805c25ee Downloading 14.68MB
 1008deaf6ec4 Downloading 9.437MB
 9404e0df6bd3 Extracting 2B
 b7c1efd1d2b4 Downloading 10.49MB
 9404e0df6bd3 Extracting 2B
 b7c1efd1d2b4 Downloading 10.49MB
 9404e0df6bd3 Extracting 2B
 1008deaf6ec4 Downloading 9.437MB
 f9c0805c25ee Downloading 14.68MB
 49f467916923 Extracting 2B
 c437c96e116d Downloading 5.243MB
 49f467916923 Extracting 2B
 c437c96e116d Downloading 5.243MB
 49f467916923 Extracting 3B
 c437c96e116d Downloading 5.243MB
 b7c1efd1d2b4 Downloading 10.49MB
 9404e0df6bd3 Extracting 3B
 b7c1efd1d2b4 Downloading 10.49MB
 9404e0df6bd3 Extracting 3B
 b7c1efd1d2b4 Downloading 10.49MB
 9404e0df6bd3 Extracting 3B
 b7c1efd1d2b4 Downloading 10.49MB
 9404e0df6bd3 Extracting 3B
 b7c1efd1d2b4 Downloading 10.49MB
 9404e0df6bd3 Extracting 3B
 b7c1efd1d2b4 Downloading 10.49MB
 f9c0805c25ee Downloading 14.68MB
 1008deaf6ec4 Downloading 9.437MB
 f9c0805c25ee Downloading 14.68MB
 1008deaf6ec4 Downloading 9.437MB
 49f467916923 Extracting 3B
 c437c96e116d Downloading 5.243MB
 9404e0df6bd3 Extracting 3B
 b7c1efd1d2b4 Downloading 10.49MB
 9404e0df6bd3 Extracting 3B
 b7c1efd1d2b4 Downloading 10.49MB
 9404e0df6bd3 Extracting 3B
 b7c1efd1d2b4 Downloading 10.49MB
 f9c0805c25ee Downloading 14.68MB
 1008deaf6ec4 Downloading 9.437MB
 9404e0df6bd3 Extracting 4B
 b7c1efd1d2b4 Downloading 11.19MB
 9404e0df6bd3 Extracting 4B
 b7c1efd1d2b4 Downloading 11.19MB
 9404e0df6bd3 Extracting 4B
 9404e0df6bd3 Extracting 4B
 f9c0805c25ee Downloading 15.73MB
 1008deaf6ec4 Downloading 9.437MB
 b7c1efd1d2b4 Download complete 0B
 9404e0df6bd3 Extracting 4B
 9404e0df6bd3 Extracting 4B
 49f467916923 Extracting 4B
 c437c96e116d Downloading 5.243MB
 49f467916923 Extracting 4B
 f9c0805c25ee Downloading 15.73MB
 1008deaf6ec4 Downloading 9.437MB
 9404e0df6bd3 Extracting 5B
 9404e0df6bd3 Extracting 5B
 1008deaf6ec4 Downloading 9.437MB
 f9c0805c25ee Downloading 15.73MB
 c437c96e116d Downloading 5.243MB
 49f467916923 Extracting 5B
 c437c96e116d Downloading 5.243MB
 9404e0df6bd3 Extracting 5B
 9404e0df6bd3 Extracting 5B
 9404e0df6bd3 Extracting 5B
 1008deaf6ec4 Downloading 9.437MB
 f9c0805c25ee Downloading 15.73MB
 1008deaf6ec4 Downloading 9.437MB
 f9c0805c25ee Downloading 15.73MB
 9404e0df6bd3 Extracting 5B
 9404e0df6bd3 Extracting 6B
 9404e0df6bd3 Extracting 6B
 49f467916923 Extracting 5B
 c437c96e116d Downloading 5.243MB
 f9c0805c25ee Downloading 15.73MB
 1008deaf6ec4 Downloading 9.437MB
 9404e0df6bd3 Extracting 6B
 9404e0df6bd3 Extracting 6B
 1008deaf6ec4 Downloading 9.437MB
 f9c0805c25ee Downloading 15.73MB
 1008deaf6ec4 Downloading 9.437MB
 f9c0805c25ee Downloading 16.78MB
 9404e0df6bd3 Extracting 6B
 9404e0df6bd3 Extracting 6B
 9404e0df6bd3 Extracting 7B
 49f467916923 Extracting 6B
 c437c96e116d Downloading 6.291MB
 49f467916923 Extracting 6B
 c437c96e116d Downloading 6.291MB
 9404e0df6bd3 Extracting 7B
 9404e0df6bd3 Extracting 7B
 9404e0df6bd3 Extracting 7B
 49f467916923 Extracting 7B
 c437c96e116d Downloading 6.291MB
 1008deaf6ec4 Downloading 10.49MB
 f9c0805c25ee Downloading 16.78MB
 1008deaf6ec4 Downloading 10.49MB
 f9c0805c25ee Downloading 16.78MB
 9404e0df6bd3 Extracting 7B
 9404e0df6bd3 Extracting 7B
 f9c0805c25ee Downloading 16.78MB
 1008deaf6ec4 Downloading 10.49MB
 9404e0df6bd3 Extracting 8B
 9404e0df6bd3 Extracting 8B
 f9c0805c25ee Downloading 16.78MB
 1008deaf6ec4 Downloading 10.49MB
 9404e0df6bd3 Extracting 8B
 49f467916923 Extracting 8B
 c437c96e116d Downloading 6.291MB
 9404e0df6bd3 Extracting 8B
 49f467916923 Extracting 8B
 c437c96e116d Downloading 6.291MB
 9404e0df6bd3 Extracting 8B
 f9c0805c25ee Downloading 17.83MB
 1008deaf6ec4 Downloading 10.49MB
 9404e0df6bd3 Extracting 9B
 9404e0df6bd3 Extracting 9B
 9404e0df6bd3 Extracting 9B
 f9c0805c25ee Downloading 17.83MB
 1008deaf6ec4 Downloading 11.19MB
 9404e0df6bd3 Extracting 9B
 9404e0df6bd3 Extracting 9B
 1008deaf6ec4 Download complete 0B
 f9c0805c25ee Downloading 17.83MB
 9404e0df6bd3 Extracting 9B
 9404e0df6bd3 Extracting 9B
 49f467916923 Extracting 9B
 c437c96e116d Downloading 6.291MB
 49f467916923 Extracting 9B
 c437c96e116d Downloading 6.291MB
 9404e0df6bd3 Extracting 9B
 f9c0805c25ee Downloading 17.83MB
 9404e0df6bd3 Extracting 10B
 49f467916923 Extracting 10B
 c437c96e116d Downloading 6.291MB
 9404e0df6bd3 Extracting 10B
 9404e0df6bd3 Extracting 10B
 f9c0805c25ee Downloading 17.83MB
 9404e0df6bd3 Extracting 10B
 49f467916923 Extracting 10B
 c437c96e116d Downloading 6.291MB
 f9c0805c25ee Downloading 17.83MB
 9404e0df6bd3 Extracting 11B
 49f467916923 Extracting 11B
 c437c96e116d Downloading 7.34MB
 9404e0df6bd3 Extracting 11B
 9404e0df6bd3 Extracting 11B
 f9c0805c25ee Downloading 18.87MB
 9404e0df6bd3 Extracting 11B
 9404e0df6bd3 Extracting 11B
 9404e0df6bd3 Extracting 11B
 49f467916923 Extracting 11B
 c437c96e116d Downloading 7.34MB
 f9c0805c25ee Downloading 18.87MB
 9404e0df6bd3 Pull complete 0B
 f9c0805c25ee Downloading 18.87MB
 f9c0805c25ee Downloading 18.87MB
 49f467916923 Extracting 12B
 c437c96e116d Downloading 7.34MB
 49f467916923 Extracting 12B
 c437c96e116d Downloading 7.34MB
 f9c0805c25ee Downloading 18.87MB
 b7c1efd1d2b4 Extracting 1B
 b7c1efd1d2b4 Extracting 1B
 b7c1efd1d2b4 Extracting 1B
 b7c1efd1d2b4 Extracting 1B
 f9c0805c25ee Downloading 18.87MB
 b7c1efd1d2b4 Extracting 1B
 b7c1efd1d2b4 Extracting 1B
 49f467916923 Extracting 13B
 c437c96e116d Downloading 7.34MB
 b7c1efd1d2b4 Extracting 1B
 b7c1efd1d2b4 Extracting 1B
 f9c0805c25ee Downloading 19.92MB
 b7c1efd1d2b4 Extracting 2B
 49f467916923 Extracting 13B
 c437c96e116d Downloading 8.389MB
 b7c1efd1d2b4 Extracting 2B
 f9c0805c25ee Downloading 19.92MB
 b7c1efd1d2b4 Extracting 2B
 b7c1efd1d2b4 Extracting 2B
 b7c1efd1d2b4 Extracting 2B
 49f467916923 Extracting 14B
 c437c96e116d Downloading 8.389MB
 b7c1efd1d2b4 Extracting 2B
 f9c0805c25ee Downloading 19.92MB
 b7c1efd1d2b4 Extracting 3B
 b7c1efd1d2b4 Extracting 3B
 b7c1efd1d2b4 Extracting 3B
 f9c0805c25ee Downloading 19.92MB
 b7c1efd1d2b4 Extracting 3B
 b7c1efd1d2b4 Extracting 3B
 b7c1efd1d2b4 Extracting 3B
 b7c1efd1d2b4 Extracting 3B
 49f467916923 Extracting 15B
 c437c96e116d Downloading 8.389MB
 f9c0805c25ee Downloading 19.92MB
 b7c1efd1d2b4 Extracting 3B
 b7c1efd1d2b4 Extracting 3B
 b7c1efd1d2b4 Extracting 4B
 49f467916923 Extracting 15B
 c437c96e116d Downloading 8.389MB
 f9c0805c25ee Downloading 19.92MB
 b7c1efd1d2b4 Extracting 4B
 b7c1efd1d2b4 Extracting 4B
 b7c1efd1d2b4 Extracting 4B
 49f467916923 Extracting 16B
 c437c96e116d Downloading 8.389MB
 f9c0805c25ee Downloading 19.92MB
 b7c1efd1d2b4 Extracting 4B
 b7c1efd1d2b4 Extracting 4B
 b7c1efd1d2b4 Extracting 4B
 b7c1efd1d2b4 Extracting 4B
 f9c0805c25ee Downloading 20.97MB
 49f467916923 Extracting 16B
 c437c96e116d Downloading 8.389MB
 b7c1efd1d2b4 Extracting 5B
 b7c1efd1d2b4 Extracting 5B
 b7c1efd1d2b4 Extracting 5B
 f9c0805c25ee Downloading 20.97MB
 b7c1efd1d2b4 Extracting 5B
 49f467916923 Extracting 17B
 c437c96e116d Downloading 8.389MB
 b7c1efd1d2b4 Extracting 5B
 b7c1efd1d2b4 Extracting 5B
 b7c1efd1d2b4 Extracting 5B
 f9c0805c25ee Downloading 20.97MB
 b7c1efd1d2b4 Extracting 6B
 b7c1efd1d2b4 Extracting 6B
 b7c1efd1d2b4 Extracting 6B
 f9c0805c25ee Downloading 20.97MB
 49f467916923 Pull complete 0B
 c437c96e116d Downloading 8.389MB
 c437c96e116d Downloading 8.389MB
 b7c1efd1d2b4 Extracting 6B
 b7c1efd1d2b4 Extracting 6B
 b7c1efd1d2b4 Extracting 6B
 b7c1efd1d2b4 Extracting 6B
 b7c1efd1d2b4 Extracting 6B
 b7c1efd1d2b4 Extracting 6B
 f9c0805c25ee Downloading 20.97MB
 b7c1efd1d2b4 Extracting 7B
 f9c0805c25ee Downloading 20.97MB
 b7c1efd1d2b4 Extracting 7B
 b7c1efd1d2b4 Extracting 7B
 b7c1efd1d2b4 Extracting 7B
 b7c1efd1d2b4 Extracting 7B
 b7c1efd1d2b4 Extracting 7B
 b7c1efd1d2b4 Extracting 7B
 f9c0805c25ee Downloading 20.97MB
 b7c1efd1d2b4 Extracting 7B
 f9c0805c25ee Downloading 22.02MB
 b7c1efd1d2b4 Extracting 7B
 b7c1efd1d2b4 Extracting 7B
 b7c1efd1d2b4 Extracting 8B
 f9c0805c25ee Downloading 22.02MB
 b7c1efd1d2b4 Extracting 8B
 b7c1efd1d2b4 Extracting 8B
 4f4fb700ef54 Extracting 1B
 c437c96e116d Downloading 8.389MB
 4f4fb700ef54 Pull complete 0B
 c437c96e116d Downloading 8.389MB
 c437c96e116d Downloading 9.437MB
 c437c96e116d Downloading 9.437MB
 c437c96e116d Downloading 9.437MB
 b7c1efd1d2b4 Extracting 8B
 f9c0805c25ee Downloading 22.02MB
 b7c1efd1d2b4 Extracting 8B
 b7c1efd1d2b4 Extracting 8B
 b7c1efd1d2b4 Extracting 8B
 c437c96e116d Downloading 9.437MB
 f9c0805c25ee Downloading 22.02MB
 b7c1efd1d2b4 Extracting 8B
 b7c1efd1d2b4 Extracting 8B
 b7c1efd1d2b4 Extracting 9B
 b7c1efd1d2b4 Extracting 9B
 c437c96e116d Downloading 9.437MB
 f9c0805c25ee Downloading 22.02MB
 b7c1efd1d2b4 Extracting 9B
 b7c1efd1d2b4 Extracting 9B
 b7c1efd1d2b4 Extracting 9B
 c437c96e116d Downloading 9.437MB
 c437c96e116d Downloading 9.437MB
 b7c1efd1d2b4 Extracting 9B
 b7c1efd1d2b4 Extracting 9B
 f9c0805c25ee Downloading 22.02MB
 b7c1efd1d2b4 Extracting 9B
 b7c1efd1d2b4 Extracting 9B
 b7c1efd1d2b4 Extracting 9B
 f9c0805c25ee Downloading 22.02MB
 c437c96e116d Downloading 9.437MB
 b7c1efd1d2b4 Extracting 10B
 f9c0805c25ee Downloading 23.07MB
 b7c1efd1d2b4 Extracting 10B
 c437c96e116d Downloading 9.437MB
 b7c1efd1d2b4 Extracting 10B
 b7c1efd1d2b4 Extracting 10B
 b7c1efd1d2b4 Extracting 10B
 c437c96e116d Downloading 9.437MB
 b7c1efd1d2b4 Extracting 10B
 b7c1efd1d2b4 Extracting 10B
 f9c0805c25ee Downloading 23.07MB
 c437c96e116d Downloading 9.437MB
 b7c1efd1d2b4 Extracting 10B
 b7c1efd1d2b4 Extracting 11B
 b7c1efd1d2b4 Extracting 11B
 f9c0805c25ee Downloading 23.07MB
 b7c1efd1d2b4 Extracting 11B
 c437c96e116d Downloading 10.49MB
 b7c1efd1d2b4 Extracting 11B
 b7c1efd1d2b4 Extracting 11B
 f9c0805c25ee Downloading 23.07MB
 b7c1efd1d2b4 Extracting 11B
 c437c96e116d Downloading 10.49MB
 b7c1efd1d2b4 Extracting 11B
 f9c0805c25ee Downloading 23.07MB
 b7c1efd1d2b4 Extracting 11B
 b7c1efd1d2b4 Extracting 11B
 c437c96e116d Downloading 10.49MB
 f9c0805c25ee Downloading 23.07MB
 b7c1efd1d2b4 Extracting 11B
 b7c1efd1d2b4 Extracting 12B
 b7c1efd1d2b4 Extracting 12B
 c437c96e116d Downloading 10.49MB
 f9c0805c25ee Downloading 23.07MB
 b7c1efd1d2b4 Extracting 12B
 b7c1efd1d2b4 Extracting 12B
 b7c1efd1d2b4 Extracting 12B
 b7c1efd1d2b4 Extracting 12B
 f9c0805c25ee Downloading 23.07MB
 c437c96e116d Downloading 10.49MB
 b7c1efd1d2b4 Extracting 12B
 b7c1efd1d2b4 Extracting 12B
 f9c0805c25ee Downloading 23.07MB
 b7c1efd1d2b4 Extracting 13B
 c437c96e116d Downloading 10.49MB
 b7c1efd1d2b4 Extracting 13B
 b7c1efd1d2b4 Extracting 13B
 b7c1efd1d2b4 Extracting 13B
 c437c96e116d Downloading 10.49MB
 b7c1efd1d2b4 Extracting 13B
 f9c0805c25ee Downloading 24.12MB
 c437c96e116d Downloading 10.49MB
 b7c1efd1d2b4 Pull complete 0B
 f9c0805c25ee Downloading 24.12MB
 c437c96e116d Downloading 10.49MB
 c437c96e116d Downloading 11.53MB
 f9c0805c25ee Downloading 24.12MB
 c437c96e116d Downloading 11.53MB
 f9c0805c25ee Downloading 24.12MB
 f9c0805c25ee Downloading 24.12MB
 Image quay.io/minio/mc:RELEASE.2025-08-13T08-35-41Z Pulled 
 c437c96e116d Downloading 11.53MB
 f9c0805c25ee Downloading 24.12MB
 c437c96e116d Downloading 11.53MB
 c437c96e116d Downloading 11.53MB
 f9c0805c25ee Downloading 24.12MB
 c437c96e116d Downloading 11.53MB
 f9c0805c25ee Downloading 24.12MB
 c437c96e116d Downloading 11.53MB
 f9c0805c25ee Downloading 25.17MB
 c437c96e116d Downloading 11.53MB
 c437c96e116d Downloading 11.53MB
 f9c0805c25ee Downloading 25.17MB
 c437c96e116d Downloading 11.53MB
 f9c0805c25ee Downloading 25.17MB
 c437c96e116d Downloading 11.53MB
 f9c0805c25ee Downloading 25.17MB
 c437c96e116d Downloading 11.53MB
 f9c0805c25ee Downloading 25.17MB
 c437c96e116d Downloading 12.58MB
 f9c0805c25ee Downloading 25.17MB
 c437c96e116d Downloading 12.58MB
 f9c0805c25ee Downloading 25.17MB
 c437c96e116d Downloading 12.58MB
 f9c0805c25ee Downloading 25.17MB
 c437c96e116d Downloading 12.58MB
 f9c0805c25ee Downloading 25.17MB
 c437c96e116d Downloading 12.58MB
 f9c0805c25ee Downloading 26.21MB
 c437c96e116d Downloading 12.58MB
 c437c96e116d Downloading 12.58MB
 f9c0805c25ee Downloading 26.21MB
 c437c96e116d Downloading 12.58MB
 c437c96e116d Downloading 12.58MB
 f9c0805c25ee Downloading 26.21MB
 f9c0805c25ee Downloading 26.21MB
 c437c96e116d Downloading 12.58MB
 c437c96e116d Downloading 12.58MB
 f9c0805c25ee Downloading 26.21MB
 c437c96e116d Downloading 13.63MB
 f9c0805c25ee Downloading 26.21MB
 c437c96e116d Downloading 13.63MB
 f9c0805c25ee Downloading 26.21MB
 c437c96e116d Downloading 13.63MB
 f9c0805c25ee Downloading 26.21MB
 c437c96e116d Downloading 13.63MB
 c437c96e116d Downloading 13.63MB
 f9c0805c25ee Downloading 26.21MB
 c437c96e116d Downloading 13.63MB
 f9c0805c25ee Downloading 27.26MB
 f9c0805c25ee Downloading 27.26MB
 c437c96e116d Downloading 13.63MB
 f9c0805c25ee Downloading 27.26MB
 c437c96e116d Downloading 13.63MB
 c437c96e116d Downloading 13.63MB
 f9c0805c25ee Downloading 27.26MB
 c437c96e116d Downloading 13.63MB
 f9c0805c25ee Downloading 27.26MB
 c437c96e116d Downloading 13.63MB
 f9c0805c25ee Downloading 27.26MB
 c437c96e116d Downloading 14.68MB
 f9c0805c25ee Downloading 27.26MB
 f9c0805c25ee Downloading 27.26MB
 c437c96e116d Downloading 14.68MB
 f9c0805c25ee Downloading 27.26MB
 c437c96e116d Downloading 14.68MB
 c437c96e116d Downloading 14.68MB
 f9c0805c25ee Downloading 27.26MB
 c437c96e116d Downloading 14.68MB
 f9c0805c25ee Downloading 27.26MB
 c437c96e116d Downloading 14.68MB
 f9c0805c25ee Downloading 27.26MB
 c437c96e116d Downloading 14.68MB
 c437c96e116d Downloading 14.68MB
 f9c0805c25ee Downloading 28.31MB
 c437c96e116d Downloading 14.68MB
 f9c0805c25ee Downloading 28.31MB
 c437c96e116d Downloading 15.73MB
 c437c96e116d Downloading 15.73MB
 f9c0805c25ee Downloading 28.31MB
 c437c96e116d Downloading 15.73MB
 f9c0805c25ee Downloading 28.31MB
 f9c0805c25ee Downloading 28.31MB
 c437c96e116d Downloading 15.73MB
 f9c0805c25ee Downloading 28.31MB
 c437c96e116d Downloading 15.73MB
 f9c0805c25ee Downloading 28.31MB
 c437c96e116d Downloading 15.73MB
 f9c0805c25ee Downloading 28.31MB
 c437c96e116d Downloading 15.73MB
 c437c96e116d Downloading 15.73MB
 f9c0805c25ee Downloading 28.31MB
 c437c96e116d Downloading 15.73MB
 c437c96e116d Downloading 16.78MB
 f9c0805c25ee Downloading 29.36MB
 f9c0805c25ee Downloading 29.36MB
 c437c96e116d Downloading 16.78MB
 f9c0805c25ee Downloading 29.36MB
 c437c96e116d Downloading 16.78MB
 c437c96e116d Downloading 16.78MB
 f9c0805c25ee Downloading 29.36MB
 c437c96e116d Downloading 16.78MB
 c437c96e116d Downloading 16.78MB
 f9c0805c25ee Downloading 29.36MB
 f9c0805c25ee Downloading 29.36MB
 c437c96e116d Downloading 16.78MB
 c437c96e116d Downloading 16.78MB
 f9c0805c25ee Downloading 29.36MB
 c437c96e116d Downloading 16.78MB
 f9c0805c25ee Downloading 29.36MB
 c437c96e116d Downloading 16.78MB
 f9c0805c25ee Downloading 30.41MB
 c437c96e116d Downloading 16.78MB
 c437c96e116d Downloading 16.78MB
 c437c96e116d Downloading 16.78MB
 f9c0805c25ee Downloading 30.41MB
 c437c96e116d Downloading 17.83MB
 f9c0805c25ee Downloading 30.41MB
 c437c96e116d Downloading 17.83MB
 f9c0805c25ee Downloading 30.41MB
 c437c96e116d Downloading 17.83MB
 f9c0805c25ee Downloading 30.41MB
 f9c0805c25ee Downloading 30.41MB
 c437c96e116d Downloading 17.83MB
 f9c0805c25ee Downloading 30.41MB
 c437c96e116d Downloading 17.83MB
 c437c96e116d Downloading 17.83MB
 f9c0805c25ee Downloading 30.41MB
 c437c96e116d Downloading 17.83MB
 f9c0805c25ee Downloading 30.41MB
 c437c96e116d Downloading 17.83MB
 f9c0805c25ee Downloading 30.41MB
 c437c96e116d Downloading 17.83MB
 f9c0805c25ee Downloading 30.41MB
 c437c96e116d Downloading 17.83MB
 f9c0805c25ee Downloading 30.41MB
 c437c96e116d Downloading 17.83MB
 c437c96e116d Downloading 17.83MB
 f9c0805c25ee Downloading 31.46MB
 f9c0805c25ee Downloading 31.46MB
 c437c96e116d Downloading 17.83MB
 c437c96e116d Downloading 18.87MB
 f9c0805c25ee Downloading 31.46MB
 c437c96e116d Downloading 18.87MB
 f9c0805c25ee Downloading 31.46MB
 c437c96e116d Downloading 18.87MB
 f9c0805c25ee Downloading 31.46MB
 c437c96e116d Downloading 18.87MB
 c437c96e116d Downloading 18.87MB
 f9c0805c25ee Downloading 31.46MB
 c437c96e116d Downloading 18.87MB
 f9c0805c25ee Downloading 31.46MB
 c437c96e116d Downloading 18.87MB
 f9c0805c25ee Downloading 32.51MB
 c437c96e116d Downloading 18.87MB
 f9c0805c25ee Downloading 32.51MB
 c437c96e116d Downloading 19.92MB
 f9c0805c25ee Downloading 32.51MB
 c437c96e116d Downloading 19.92MB
 f9c0805c25ee Downloading 32.51MB
 c437c96e116d Downloading 19.92MB
 f9c0805c25ee Downloading 32.51MB
 f9c0805c25ee Downloading 32.51MB
 c437c96e116d Downloading 19.92MB
 f9c0805c25ee Downloading 32.51MB
 c437c96e116d Downloading 19.92MB
 f9c0805c25ee Downloading 32.51MB
 c437c96e116d Downloading 19.92MB
 f9c0805c25ee Downloading 32.51MB
 c437c96e116d Downloading 19.92MB
 f9c0805c25ee Downloading 33.55MB
 c437c96e116d Downloading 19.92MB
 f9c0805c25ee Downloading 33.55MB
 c437c96e116d Downloading 19.92MB
 f9c0805c25ee Downloading 33.55MB
 c437c96e116d Downloading 19.92MB
 f9c0805c25ee Downloading 33.55MB
 c437c96e116d Downloading 20.97MB
 f9c0805c25ee Downloading 33.55MB
 c437c96e116d Downloading 20.97MB
 f9c0805c25ee Downloading 33.55MB
 f9c0805c25ee Downloading 33.55MB
 c437c96e116d Downloading 20.97MB
 c437c96e116d Downloading 20.97MB
 f9c0805c25ee Downloading 33.55MB
 c437c96e116d Downloading 20.97MB
 f9c0805c25ee Downloading 33.55MB
 c437c96e116d Downloading 20.97MB
 f9c0805c25ee Downloading 34.6MB
 c437c96e116d Downloading 20.97MB
 c437c96e116d Downloading 20.97MB
 f9c0805c25ee Downloading 34.6MB
 c437c96e116d Downloading 20.97MB
 f9c0805c25ee Downloading 34.6MB
 c437c96e116d Downloading 22.02MB
 f9c0805c25ee Downloading 34.6MB
 c437c96e116d Downloading 22.02MB
 f9c0805c25ee Downloading 34.6MB
 c437c96e116d Downloading 22.02MB
 c437c96e116d Downloading 22.02MB
 f9c0805c25ee Downloading 34.6MB
 c437c96e116d Downloading 22.02MB
 f9c0805c25ee Downloading 34.6MB
 c437c96e116d Downloading 22.02MB
 c437c96e116d Downloading 22.02MB
 f9c0805c25ee Downloading 34.6MB
 c437c96e116d Downloading 22.02MB
 f9c0805c25ee Downloading 34.6MB
 c437c96e116d Downloading 22.02MB
 f9c0805c25ee Downloading 34.6MB
 c437c96e116d Downloading 22.02MB
 c437c96e116d Downloading 22.02MB
 f9c0805c25ee Downloading 34.6MB
 f9c0805c25ee Downloading 34.6MB
 c437c96e116d Downloading 22.02MB
 f9c0805c25ee Downloading 35.65MB
 c437c96e116d Downloading 23.07MB
 f9c0805c25ee Downloading 35.65MB
 f9c0805c25ee Downloading 35.65MB
 c437c96e116d Downloading 23.07MB
 f9c0805c25ee Downloading 35.65MB
 c437c96e116d Downloading 23.07MB
 f9c0805c25ee Downloading 35.65MB
 c437c96e116d Downloading 23.07MB
 c437c96e116d Downloading 23.07MB
 f9c0805c25ee Downloading 35.65MB
 c437c96e116d Downloading 23.07MB
 c437c96e116d Downloading 23.07MB
 f9c0805c25ee Downloading 35.65MB
 c437c96e116d Downloading 23.07MB
 f9c0805c25ee Downloading 35.65MB
 c437c96e116d Downloading 23.07MB
 f9c0805c25ee Downloading 36.7MB
 c437c96e116d Downloading 24.12MB
 c437c96e116d Downloading 24.12MB
 f9c0805c25ee Downloading 36.7MB
 f9c0805c25ee Downloading 36.7MB
 c437c96e116d Downloading 24.12MB
 c437c96e116d Downloading 24.12MB
 f9c0805c25ee Downloading 36.7MB
 c437c96e116d Downloading 24.12MB
 f9c0805c25ee Downloading 36.7MB
 f9c0805c25ee Downloading 36.7MB
 c437c96e116d Downloading 24.12MB
 c437c96e116d Downloading 24.12MB
 f9c0805c25ee Downloading 36.7MB
 c437c96e116d Downloading 24.12MB
 f9c0805c25ee Downloading 36.7MB
 c437c96e116d Downloading 24.12MB
 f9c0805c25ee Downloading 36.7MB
 c437c96e116d Downloading 25.17MB
 f9c0805c25ee Downloading 37.75MB
 c437c96e116d Downloading 25.17MB
 f9c0805c25ee Downloading 37.75MB
 c437c96e116d Downloading 25.17MB
 f9c0805c25ee Downloading 37.75MB
 c437c96e116d Downloading 25.17MB
 f9c0805c25ee Downloading 37.75MB
 c437c96e116d Downloading 25.17MB
 f9c0805c25ee Downloading 37.75MB
 c437c96e116d Downloading 25.17MB
 f9c0805c25ee Downloading 37.75MB
 c437c96e116d Downloading 25.17MB
 f9c0805c25ee Downloading 37.75MB
 c437c96e116d Downloading 25.17MB
 c437c96e116d Downloading 25.17MB
 f9c0805c25ee Downloading 37.75MB
 f9c0805c25ee Downloading 37.75MB
 c437c96e116d Downloading 25.17MB
 c437c96e116d Downloading 25.17MB
 f9c0805c25ee Downloading 37.75MB
 c437c96e116d Downloading 25.17MB
 f9c0805c25ee Downloading 37.75MB
 c437c96e116d Downloading 25.17MB
 f9c0805c25ee Downloading 38.8MB
 c437c96e116d Downloading 26.21MB
 f9c0805c25ee Downloading 38.8MB
 c437c96e116d Downloading 26.21MB
 f9c0805c25ee Downloading 38.8MB
 c437c96e116d Downloading 26.21MB
 f9c0805c25ee Downloading 38.8MB
 c437c96e116d Downloading 26.21MB
 c437c96e116d Downloading 26.21MB
 f9c0805c25ee Download complete 0B
 c437c96e116d Downloading 27.26MB
 f9c0805c25ee Extracting 1B
 c437c96e116d Downloading 27.26MB
 c437c96e116d Downloading 27.26MB
 f9c0805c25ee Extracting 1B
 c437c96e116d Downloading 27.26MB
 f9c0805c25ee Extracting 1B
 c437c96e116d Downloading 27.26MB
 c437c96e116d Downloading 27.26MB
 f9c0805c25ee Extracting 2B
 c437c96e116d Downloading 27.26MB
 f9c0805c25ee Extracting 2B
 c437c96e116d Downloading 27.26MB
 c437c96e116d Downloading 27.26MB
 f9c0805c25ee Extracting 2B
 c437c96e116d Downloading 27.26MB
 f9c0805c25ee Extracting 3B
 c437c96e116d Downloading 28.31MB
 f9c0805c25ee Extracting 3B
 c437c96e116d Downloading 28.31MB
 f9c0805c25ee Extracting 3B
 c437c96e116d Downloading 28.31MB
 f9c0805c25ee Extracting 3B
 c437c96e116d Downloading 28.31MB
 c437c96e116d Downloading 28.31MB
 f9c0805c25ee Extracting 4B
 c437c96e116d Downloading 28.31MB
 f9c0805c25ee Extracting 4B
 c437c96e116d Downloading 28.31MB
 f9c0805c25ee Extracting 5B
 c437c96e116d Downloading 28.31MB
 c437c96e116d Downloading 28.31MB
 f9c0805c25ee Extracting 5B
 c437c96e116d Downloading 28.31MB
 f9c0805c25ee Extracting 6B
 c437c96e116d Downloading 29.36MB
 c437c96e116d Downloading 29.36MB
 f9c0805c25ee Extracting 6B
 c437c96e116d Downloading 29.36MB
 c437c96e116d Downloading 29.36MB
 f9c0805c25ee Extracting 6B
 c437c96e116d Downloading 29.36MB
 f9c0805c25ee Extracting 7B
 c437c96e116d Downloading 29.36MB
 f9c0805c25ee Extracting 7B
 c437c96e116d Downloading 29.36MB
 c437c96e116d Downloading 29.36MB
 f9c0805c25ee Extracting 7B
 c437c96e116d Downloading 29.36MB
 f9c0805c25ee Extracting 8B
 c437c96e116d Downloading 29.36MB
 c437c96e116d Downloading 30.41MB
 f9c0805c25ee Extracting 8B
 c437c96e116d Downloading 30.41MB
 c437c96e116d Downloading 30.41MB
 f9c0805c25ee Extracting 8B
 c437c96e116d Downloading 30.41MB
 f9c0805c25ee Extracting 9B
 c437c96e116d Downloading 30.41MB
 c437c96e116d Downloading 30.41MB
 f9c0805c25ee Extracting 9B
 c437c96e116d Downloading 30.41MB
 f9c0805c25ee Extracting 9B
 c437c96e116d Downloading 30.41MB
 f9c0805c25ee Extracting 10B
 c437c96e116d Downloading 30.41MB
 f9c0805c25ee Extracting 10B
 c437c96e116d Downloading 31.46MB
 f9c0805c25ee Extracting 10B
 c437c96e116d Downloading 31.46MB
 f9c0805c25ee Extracting 10B
 c437c96e116d Downloading 31.46MB
 f9c0805c25ee Extracting 11B
 c437c96e116d Downloading 31.46MB
 c437c96e116d Downloading 31.46MB
 f9c0805c25ee Extracting 11B
 c437c96e116d Downloading 31.46MB
 c437c96e116d Downloading 31.46MB
 f9c0805c25ee Extracting 11B
 c437c96e116d Downloading 31.46MB
 c437c96e116d Downloading 32.51MB
 f9c0805c25ee Extracting 12B
 c437c96e116d Downloading 32.51MB
 f9c0805c25ee Extracting 12B
 f9c0805c25ee Extracting 13B
 c437c96e116d Downloading 32.51MB
 c437c96e116d Downloading 32.51MB
 c437c96e116d Downloading 32.51MB
 f9c0805c25ee Extracting 13B
 c437c96e116d Downloading 32.51MB
 f9c0805c25ee Extracting 13B
 c437c96e116d Downloading 32.51MB
 f9c0805c25ee Extracting 14B
 c437c96e116d Downloading 32.51MB
 c437c96e116d Downloading 32.51MB
 f9c0805c25ee Extracting 14B
 f9c0805c25ee Extracting 14B
 c437c96e116d Downloading 33.55MB
 c437c96e116d Downloading 33.55MB
 f9c0805c25ee Extracting 15B
 c437c96e116d Downloading 33.55MB
 f9c0805c25ee Extracting 15B
 c437c96e116d Downloading 33.55MB
 c437c96e116d Downloading 33.55MB
 f9c0805c25ee Extracting 16B
 c437c96e116d Downloading 33.55MB
 f9c0805c25ee Extracting 16B
 c437c96e116d Downloading 33.55MB
 f9c0805c25ee Extracting 16B
 c437c96e116d Downloading 33.55MB
 f9c0805c25ee Extracting 17B
 c437c96e116d Downloading 34.6MB
 c437c96e116d Downloading 34.6MB
 f9c0805c25ee Extracting 17B
 c437c96e116d Downloading 34.6MB
 f9c0805c25ee Extracting 17B
 c437c96e116d Downloading 34.6MB
 f9c0805c25ee Extracting 18B
 c437c96e116d Downloading 34.6MB
 c437c96e116d Downloading 34.6MB
 f9c0805c25ee Extracting 18B
 c437c96e116d Downloading 34.6MB
 f9c0805c25ee Extracting 18B
 c437c96e116d Downloading 34.6MB
 c437c96e116d Downloading 34.6MB
 f9c0805c25ee Extracting 19B
 c437c96e116d Downloading 34.6MB
 f9c0805c25ee Extracting 19B
 c437c96e116d Downloading 35.65MB
 f9c0805c25ee Extracting 19B
 c437c96e116d Downloading 35.65MB
 f9c0805c25ee Extracting 19B
 f9c0805c25ee Extracting 20B
 c437c96e116d Downloading 35.65MB
 c437c96e116d Downloading 35.65MB
 c437c96e116d Downloading 35.65MB
 f9c0805c25ee Extracting 20B
 c437c96e116d Downloading 36.7MB
 f9c0805c25ee Extracting 21B
 c437c96e116d Downloading 36.7MB
 f9c0805c25ee Extracting 21B
 c437c96e116d Downloading 36.7MB
 f9c0805c25ee Extracting 21B
 c437c96e116d Downloading 36.7MB
 c437c96e116d Downloading 36.7MB
 f9c0805c25ee Extracting 22B
 c437c96e116d Downloading 36.7MB
 c437c96e116d Downloading 36.7MB
 f9c0805c25ee Extracting 22B
 c437c96e116d Downloading 36.7MB
 c437c96e116d Downloading 36.7MB
 f9c0805c25ee Extracting 23B
 c437c96e116d Downloading 36.7MB
 f9c0805c25ee Extracting 23B
 c437c96e116d Downloading 37.75MB
 c437c96e116d Downloading 37.75MB
 f9c0805c25ee Extracting 23B
 c437c96e116d Downloading 37.75MB
 c437c96e116d Downloading 37.75MB
 f9c0805c25ee Extracting 24B
 c437c96e116d Downloading 37.75MB
 c437c96e116d Downloading 37.75MB
 f9c0805c25ee Extracting 24B
 c437c96e116d Downloading 37.75MB
 f9c0805c25ee Extracting 25B
 c437c96e116d Downloading 38.8MB
 f9c0805c25ee Extracting 25B
 c437c96e116d Downloading 38.8MB
 c437c96e116d Downloading 38.8MB
 f9c0805c25ee Extracting 25B
 c437c96e116d Downloading 38.8MB
 f9c0805c25ee Extracting 25B
 c437c96e116d Downloading 38.8MB
 c437c96e116d Downloading 38.8MB
 f9c0805c25ee Extracting 26B
 f9c0805c25ee Extracting 26B
 c437c96e116d Downloading 38.8MB
 c437c96e116d Downloading 38.8MB
 f9c0805c25ee Extracting 26B
 c437c96e116d Downloading 38.8MB
 f9c0805c25ee Extracting 26B
 c437c96e116d Downloading 39.85MB
 c437c96e116d Downloading 39.85MB
 f9c0805c25ee Extracting 27B
 c437c96e116d Downloading 39.85MB
 f9c0805c25ee Extracting 27B
 c437c96e116d Downloading 39.85MB
 c437c96e116d Downloading 39.85MB
 f9c0805c25ee Extracting 28B
 c437c96e116d Downloading 39.85MB
 f9c0805c25ee Extracting 28B
 c437c96e116d Downloading 39.85MB
 f9c0805c25ee Extracting 28B
 c437c96e116d Downloading 40.89MB
 c437c96e116d Downloading 40.89MB
 f9c0805c25ee Extracting 29B
 c437c96e116d Downloading 40.89MB
 c437c96e116d Downloading 40.89MB
 f9c0805c25ee Extracting 29B
 c437c96e116d Downloading 40.89MB
 f9c0805c25ee Extracting 30B
 c437c96e116d Downloading 40.89MB
 c437c96e116d Downloading 40.89MB
 f9c0805c25ee Extracting 30B
 c437c96e116d Downloading 40.89MB
 f9c0805c25ee Extracting 31B
 c437c96e116d Downloading 40.89MB
 c437c96e116d Downloading 41.94MB
 f9c0805c25ee Extracting 31B
 c437c96e116d Downloading 41.94MB
 f9c0805c25ee Extracting 31B
 c437c96e116d Downloading 41.94MB
 c437c96e116d Downloading 41.94MB
 f9c0805c25ee Extracting 32B
 c437c96e116d Downloading 41.94MB
 f9c0805c25ee Extracting 32B
 c437c96e116d Downloading 41.94MB
 c437c96e116d Downloading 41.94MB
 f9c0805c25ee Extracting 32B
 c437c96e116d Downloading 41.94MB
 f9c0805c25ee Extracting 33B
 c437c96e116d Downloading 42.99MB
 f9c0805c25ee Pull complete 0B
 c437c96e116d Downloading 42.99MB
 c437c96e116d Downloading 42.99MB
 1008deaf6ec4 Extracting 1B
 c437c96e116d Downloading 42.99MB
 1008deaf6ec4 Extracting 1B
 c437c96e116d Downloading 42.99MB
 c437c96e116d Downloading 42.99MB
 1008deaf6ec4 Extracting 1B
 c437c96e116d Downloading 42.99MB
 1008deaf6ec4 Extracting 2B
 c437c96e116d Downloading 42.99MB
 1008deaf6ec4 Extracting 2B
 c437c96e116d Downloading 42.99MB
 1008deaf6ec4 Extracting 2B
 c437c96e116d Downloading 44.04MB
 c437c96e116d Downloading 44.04MB
 1008deaf6ec4 Extracting 2B
 c437c96e116d Downloading 44.04MB
 1008deaf6ec4 Extracting 3B
 c437c96e116d Downloading 44.04MB
 1008deaf6ec4 Extracting 3B
 c437c96e116d Downloading 44.04MB
 1008deaf6ec4 Extracting 3B
 c437c96e116d Downloading 44.04MB
 1008deaf6ec4 Extracting 3B
 c437c96e116d Downloading 44.04MB
 c437c96e116d Downloading 44.04MB
 1008deaf6ec4 Extracting 4B
 c437c96e116d Downloading 44.04MB
 1008deaf6ec4 Extracting 4B
 c437c96e116d Downloading 45.09MB
 c437c96e116d Downloading 45.09MB
 1008deaf6ec4 Extracting 4B
 c437c96e116d Downloading 45.09MB
 1008deaf6ec4 Extracting 5B
 c437c96e116d Downloading 45.09MB
 1008deaf6ec4 Extracting 5B
 c437c96e116d Downloading 45.09MB
 1008deaf6ec4 Extracting 5B
 c437c96e116d Downloading 45.09MB
 1008deaf6ec4 Extracting 5B
 c437c96e116d Downloading 45.09MB
 1008deaf6ec4 Extracting 6B
 c437c96e116d Downloading 45.09MB
 1008deaf6ec4 Extracting 6B
 c437c96e116d Downloading 45.09MB
 c437c96e116d Downloading 45.09MB
 1008deaf6ec4 Extracting 6B
 c437c96e116d Downloading 45.09MB
 1008deaf6ec4 Extracting 6B
 c437c96e116d Downloading 46.14MB
 1008deaf6ec4 Extracting 7B
 c437c96e116d Downloading 46.14MB
 c437c96e116d Downloading 46.14MB
 1008deaf6ec4 Extracting 7B
 c437c96e116d Downloading 46.14MB
 1008deaf6ec4 Extracting 7B
 c437c96e116d Downloading 46.14MB
 1008deaf6ec4 Extracting 7B
 c437c96e116d Downloading 46.14MB
 1008deaf6ec4 Extracting 8B
 c437c96e116d Downloading 46.14MB
 c437c96e116d Downloading 46.14MB
 1008deaf6ec4 Extracting 8B
 c437c96e116d Downloading 46.14MB
 1008deaf6ec4 Extracting 8B
 1008deaf6ec4 Pull complete 0B
 c437c96e116d Downloading 46.14MB
 c437c96e116d Downloading 46.14MB
 71e9fc939447 Extracting 1B
 c437c96e116d Downloading 47.19MB
 71e9fc939447 Extracting 1B
 c437c96e116d Downloading 47.19MB
 71e9fc939447 Extracting 1B
 c437c96e116d Downloading 47.19MB
 71e9fc939447 Extracting 1B
 c437c96e116d Downloading 47.19MB
 71e9fc939447 Pull complete 0B
 c437c96e116d Downloading 47.19MB
 c1bc68842c41 Extracting 1B
 c437c96e116d Downloading 47.19MB
 c1bc68842c41 Extracting 1B
 c437c96e116d Downloading 47.19MB
 c1bc68842c41 Pull complete 0B
 c437c96e116d Downloading 47.19MB
 c437c96e116d Downloading 48.23MB
 0288b5a0d7e7 Pull complete 0B
 c437c96e116d Downloading 48.23MB
 34013573f278 Extracting 1B
 c437c96e116d Downloading 48.23MB
 34013573f278 Pull complete 0B
 c437c96e116d Downloading 48.23MB
 c437c96e116d Downloading 48.23MB
 c437c96e116d Downloading 48.23MB
 c437c96e116d Downloading 48.23MB
 Image quay.io/minio/minio:RELEASE.2025-09-07T16-13-09Z Pulled 
 c437c96e116d Downloading 48.23MB
 c437c96e116d Downloading 49.28MB
 c437c96e116d Downloading 49.28MB
 c437c96e116d Downloading 49.28MB
 c437c96e116d Downloading 49.28MB
 c437c96e116d Downloading 49.28MB
 c437c96e116d Downloading 49.28MB
 c437c96e116d Downloading 49.28MB
 c437c96e116d Downloading 49.28MB
 c437c96e116d Downloading 49.28MB
 c437c96e116d Downloading 49.28MB
 c437c96e116d Downloading 50.33MB
 c437c96e116d Downloading 50.33MB
 c437c96e116d Downloading 50.33MB
 c437c96e116d Downloading 50.33MB
 c437c96e116d Downloading 50.33MB
 c437c96e116d Downloading 50.33MB
 c437c96e116d Downloading 50.33MB
 c437c96e116d Downloading 50.33MB
 c437c96e116d Downloading 50.33MB
 c437c96e116d Downloading 50.33MB
 c437c96e116d Downloading 50.33MB
 c437c96e116d Downloading 50.33MB
 c437c96e116d Downloading 51.38MB
 c437c96e116d Downloading 51.38MB
 c437c96e116d Downloading 51.38MB
 c437c96e116d Downloading 51.38MB
 c437c96e116d Downloading 51.38MB
 c437c96e116d Downloading 51.38MB
 c437c96e116d Downloading 51.38MB
 c437c96e116d Downloading 51.38MB
 c437c96e116d Downloading 51.38MB
 c437c96e116d Downloading 51.38MB
 c437c96e116d Downloading 51.38MB
 c437c96e116d Downloading 52.43MB
 c437c96e116d Downloading 52.43MB
 c437c96e116d Downloading 52.43MB
 c437c96e116d Downloading 52.43MB
 c437c96e116d Downloading 52.43MB
 c437c96e116d Downloading 52.43MB
 c437c96e116d Downloading 52.43MB
 c437c96e116d Downloading 52.43MB
 c437c96e116d Downloading 52.43MB
 c437c96e116d Downloading 53.48MB
 c437c96e116d Downloading 53.48MB
 c437c96e116d Downloading 53.48MB
 c437c96e116d Downloading 53.48MB
 c437c96e116d Downloading 53.48MB
 c437c96e116d Downloading 53.48MB
 c437c96e116d Downloading 53.48MB
 c437c96e116d Downloading 53.48MB
 c437c96e116d Downloading 53.48MB
 c437c96e116d Downloading 53.48MB
 c437c96e116d Downloading 53.48MB
 c437c96e116d Downloading 53.48MB
 c437c96e116d Downloading 54.53MB
 c437c96e116d Downloading 54.53MB
 c437c96e116d Downloading 54.53MB
 c437c96e116d Downloading 54.53MB
 c437c96e116d Downloading 54.53MB
 c437c96e116d Downloading 54.53MB
 c437c96e116d Downloading 54.53MB
 c437c96e116d Downloading 54.53MB
 c437c96e116d Downloading 55.57MB
 c437c96e116d Downloading 55.57MB
 c437c96e116d Downloading 55.57MB
 c437c96e116d Downloading 55.57MB
 c437c96e116d Downloading 55.57MB
 c437c96e116d Downloading 55.57MB
 c437c96e116d Downloading 55.57MB
 c437c96e116d Downloading 55.57MB
 c437c96e116d Downloading 55.57MB
 c437c96e116d Downloading 55.57MB
 c437c96e116d Downloading 56.62MB
 c437c96e116d Downloading 56.62MB
 c437c96e116d Downloading 56.62MB
 c437c96e116d Downloading 56.62MB
 c437c96e116d Downloading 56.62MB
 c437c96e116d Downloading 56.62MB
 c437c96e116d Downloading 56.62MB
 c437c96e116d Downloading 56.62MB
 c437c96e116d Downloading 56.62MB
 c437c96e116d Downloading 57.67MB
 c437c96e116d Downloading 57.67MB
 c437c96e116d Downloading 57.67MB
 c437c96e116d Downloading 57.67MB
 c437c96e116d Downloading 57.67MB
 c437c96e116d Downloading 57.67MB
 c437c96e116d Downloading 57.67MB
 c437c96e116d Downloading 57.67MB
 c437c96e116d Downloading 57.67MB
 c437c96e116d Downloading 57.67MB
 c437c96e116d Downloading 57.67MB
 c437c96e116d Downloading 57.67MB
 c437c96e116d Downloading 58.72MB
 c437c96e116d Downloading 58.72MB
 c437c96e116d Downloading 58.72MB
 c437c96e116d Downloading 58.72MB
 c437c96e116d Downloading 58.72MB
 c437c96e116d Downloading 58.72MB
 c437c96e116d Downloading 58.72MB
 c437c96e116d Downloading 58.72MB
 c437c96e116d Downloading 58.72MB
 c437c96e116d Downloading 58.72MB
 c437c96e116d Downloading 59.77MB
 c437c96e116d Downloading 59.77MB
 c437c96e116d Downloading 59.77MB
 c437c96e116d Downloading 59.77MB
 c437c96e116d Downloading 59.77MB
 c437c96e116d Downloading 59.77MB
 c437c96e116d Downloading 59.77MB
 c437c96e116d Downloading 59.77MB
 c437c96e116d Downloading 59.77MB
 c437c96e116d Downloading 60.82MB
 c437c96e116d Downloading 60.82MB
 c437c96e116d Downloading 60.82MB
 c437c96e116d Downloading 60.82MB
 c437c96e116d Downloading 60.82MB
 c437c96e116d Downloading 60.82MB
 c437c96e116d Downloading 60.82MB
 c437c96e116d Downloading 60.82MB
 c437c96e116d Downloading 60.82MB
 c437c96e116d Downloading 60.82MB
 c437c96e116d Downloading 60.82MB
 c437c96e116d Downloading 60.82MB
 c437c96e116d Downloading 61.87MB
 c437c96e116d Downloading 61.87MB
 c437c96e116d Downloading 61.87MB
 c437c96e116d Downloading 61.87MB
 c437c96e116d Downloading 61.87MB
 c437c96e116d Downloading 61.87MB
 c437c96e116d Downloading 61.87MB
 c437c96e116d Downloading 61.87MB
 c437c96e116d Downloading 61.87MB
 c437c96e116d Downloading 61.87MB
 c437c96e116d Downloading 61.87MB
 c437c96e116d Downloading 61.87MB
 c437c96e116d Downloading 61.87MB
 c437c96e116d Downloading 62.91MB
 c437c96e116d Downloading 62.91MB
 c437c96e116d Downloading 62.91MB
 c437c96e116d Downloading 62.91MB
 c437c96e116d Downloading 62.91MB
 c437c96e116d Downloading 62.91MB
 c437c96e116d Downloading 62.91MB
 c437c96e116d Downloading 62.91MB
 c437c96e116d Downloading 63.96MB
 c437c96e116d Downloading 63.96MB
 c437c96e116d Downloading 63.96MB
 c437c96e116d Downloading 63.96MB
 c437c96e116d Downloading 63.96MB
 c437c96e116d Downloading 63.96MB
 c437c96e116d Downloading 63.96MB
 c437c96e116d Downloading 63.96MB
 c437c96e116d Downloading 63.96MB
 c437c96e116d Downloading 63.96MB
 c437c96e116d Downloading 63.96MB
 c437c96e116d Downloading 65.01MB
 c437c96e116d Downloading 65.01MB
 c437c96e116d Downloading 65.01MB
 c437c96e116d Downloading 65.01MB
 c437c96e116d Downloading 65.01MB
 c437c96e116d Downloading 65.01MB
 c437c96e116d Downloading 65.01MB
 c437c96e116d Downloading 65.01MB
 c437c96e116d Downloading 65.01MB
 c437c96e116d Downloading 66.06MB
 c437c96e116d Downloading 66.06MB
 c437c96e116d Downloading 66.06MB
 c437c96e116d Downloading 66.06MB
 c437c96e116d Downloading 66.06MB
 c437c96e116d Downloading 66.06MB
 c437c96e116d Downloading 66.06MB
 c437c96e116d Downloading 66.06MB
 c437c96e116d Downloading 66.06MB
 c437c96e116d Downloading 66.06MB
 c437c96e116d Downloading 67.11MB
 c437c96e116d Downloading 67.11MB
 c437c96e116d Downloading 67.11MB
 c437c96e116d Downloading 67.11MB
 c437c96e116d Downloading 67.11MB
 c437c96e116d Downloading 67.11MB
 c437c96e116d Downloading 67.11MB
 c437c96e116d Downloading 67.11MB
 c437c96e116d Downloading 68.16MB
 c437c96e116d Downloading 68.16MB
 c437c96e116d Downloading 68.16MB
 c437c96e116d Downloading 68.16MB
 c437c96e116d Downloading 68.16MB
 c437c96e116d Downloading 68.16MB
 c437c96e116d Downloading 68.16MB
 c437c96e116d Downloading 68.16MB
 c437c96e116d Downloading 68.16MB
 c437c96e116d Downloading 68.16MB
 c437c96e116d Downloading 68.16MB
 c437c96e116d Downloading 68.16MB
 c437c96e116d Downloading 68.16MB
 c437c96e116d Downloading 69.21MB
 c437c96e116d Downloading 69.21MB
 c437c96e116d Downloading 69.21MB
 c437c96e116d Downloading 69.21MB
 c437c96e116d Downloading 69.21MB
 c437c96e116d Downloading 69.21MB
 c437c96e116d Downloading 69.21MB
 c437c96e116d Downloading 69.21MB
 c437c96e116d Downloading 69.21MB
 c437c96e116d Downloading 69.21MB
 c437c96e116d Downloading 69.21MB
 c437c96e116d Downloading 69.21MB
 c437c96e116d Downloading 69.21MB
 c437c96e116d Downloading 69.21MB
 c437c96e116d Downloading 70.25MB
 c437c96e116d Downloading 70.25MB
 c437c96e116d Downloading 70.25MB
 c437c96e116d Downloading 70.25MB
 c437c96e116d Downloading 70.25MB
 c437c96e116d Downloading 70.25MB
 c437c96e116d Downloading 70.25MB
 c437c96e116d Downloading 70.25MB
 c437c96e116d Downloading 70.25MB
 c437c96e116d Downloading 71.3MB
 c437c96e116d Downloading 71.3MB
 c437c96e116d Downloading 71.3MB
 c437c96e116d Downloading 71.3MB
 c437c96e116d Downloading 71.3MB
 c437c96e116d Downloading 71.3MB
 c437c96e116d Downloading 71.3MB
 c437c96e116d Downloading 72.35MB
 c437c96e116d Downloading 72.35MB
 c437c96e116d Downloading 72.35MB
 c437c96e116d Downloading 72.35MB
 c437c96e116d Downloading 72.35MB
 c437c96e116d Downloading 72.35MB
 c437c96e116d Downloading 72.35MB
 c437c96e116d Downloading 72.35MB
 c437c96e116d Downloading 72.35MB
 c437c96e116d Downloading 72.35MB
 c437c96e116d Downloading 72.35MB
 c437c96e116d Downloading 72.35MB
 c437c96e116d Downloading 73.4MB
 c437c96e116d Downloading 73.4MB
 c437c96e116d Downloading 73.4MB
 c437c96e116d Downloading 73.4MB
 c437c96e116d Downloading 73.4MB
 c437c96e116d Downloading 73.4MB
 c437c96e116d Downloading 73.4MB
 c437c96e116d Downloading 73.4MB
 c437c96e116d Downloading 73.4MB
 c437c96e116d Downloading 73.4MB
 c437c96e116d Downloading 74.45MB
 c437c96e116d Downloading 74.45MB
 c437c96e116d Downloading 74.45MB
 c437c96e116d Downloading 74.45MB
 c437c96e116d Downloading 74.45MB
 c437c96e116d Downloading 74.45MB
 c437c96e116d Downloading 74.45MB
 c437c96e116d Downloading 74.45MB
 c437c96e116d Downloading 74.45MB
 c437c96e116d Downloading 75.5MB
 c437c96e116d Downloading 75.5MB
 c437c96e116d Downloading 75.5MB
 c437c96e116d Downloading 75.5MB
 c437c96e116d Downloading 75.5MB
 c437c96e116d Downloading 75.5MB
 c437c96e116d Downloading 75.5MB
 c437c96e116d Downloading 75.5MB
 c437c96e116d Downloading 75.5MB
 c437c96e116d Downloading 75.5MB
 c437c96e116d Downloading 75.5MB
 c437c96e116d Downloading 76.55MB
 c437c96e116d Downloading 76.55MB
 c437c96e116d Downloading 76.55MB
 c437c96e116d Downloading 76.55MB
 c437c96e116d Downloading 76.55MB
 c437c96e116d Downloading 76.55MB
 c437c96e116d Downloading 76.55MB
 c437c96e116d Downloading 76.55MB
 c437c96e116d Downloading 76.55MB
 c437c96e116d Downloading 77.59MB
 c437c96e116d Downloading 77.59MB
 c437c96e116d Downloading 77.59MB
 c437c96e116d Downloading 77.59MB
 c437c96e116d Downloading 77.59MB
 c437c96e116d Downloading 77.59MB
 c437c96e116d Downloading 77.59MB
 c437c96e116d Downloading 77.59MB
 c437c96e116d Downloading 77.59MB
 c437c96e116d Downloading 78.64MB
 c437c96e116d Downloading 78.64MB
 c437c96e116d Downloading 78.64MB
 c437c96e116d Downloading 78.64MB
 c437c96e116d Downloading 78.64MB
 c437c96e116d Downloading 78.64MB
 c437c96e116d Downloading 78.64MB
 c437c96e116d Downloading 78.64MB
 c437c96e116d Downloading 78.64MB
 c437c96e116d Downloading 78.64MB
 c437c96e116d Downloading 79.69MB
 c437c96e116d Downloading 79.69MB
 c437c96e116d Downloading 79.69MB
 c437c96e116d Downloading 79.69MB
 c437c96e116d Downloading 79.69MB
 c437c96e116d Downloading 79.69MB
 c437c96e116d Downloading 79.69MB
 c437c96e116d Downloading 79.69MB
 c437c96e116d Downloading 79.69MB
 c437c96e116d Downloading 79.69MB
 c437c96e116d Downloading 79.69MB
 c437c96e116d Downloading 79.69MB
 c437c96e116d Downloading 79.69MB
 c437c96e116d Downloading 80.74MB
 c437c96e116d Downloading 80.74MB
 c437c96e116d Downloading 80.74MB
 c437c96e116d Downloading 80.74MB
 c437c96e116d Downloading 80.74MB
 c437c96e116d Downloading 80.74MB
 c437c96e116d Downloading 80.74MB
 c437c96e116d Downloading 80.74MB
 c437c96e116d Downloading 80.74MB
 c437c96e116d Downloading 80.74MB
 c437c96e116d Downloading 80.74MB
 c437c96e116d Downloading 80.74MB
 c437c96e116d Downloading 81.79MB
 c437c96e116d Downloading 81.79MB
 c437c96e116d Downloading 81.79MB
 c437c96e116d Downloading 81.79MB
 c437c96e116d Downloading 81.79MB
 c437c96e116d Downloading 81.79MB
 c437c96e116d Downloading 81.79MB
 c437c96e116d Downloading 81.79MB
 c437c96e116d Downloading 82.84MB
 c437c96e116d Downloading 82.84MB
 c437c96e116d Downloading 82.84MB
 c437c96e116d Downloading 82.84MB
 c437c96e116d Downloading 82.84MB
 c437c96e116d Downloading 82.84MB
 c437c96e116d Downloading 82.84MB
 c437c96e116d Downloading 82.84MB
 c437c96e116d Downloading 82.84MB
 c437c96e116d Downloading 82.84MB
 c437c96e116d Downloading 83.89MB
 c437c96e116d Downloading 83.89MB
 c437c96e116d Downloading 83.89MB
 c437c96e116d Downloading 83.89MB
 c437c96e116d Downloading 83.89MB
 c437c96e116d Downloading 83.89MB
 c437c96e116d Downloading 83.89MB
 c437c96e116d Downloading 83.89MB
 c437c96e116d Downloading 84.93MB
 c437c96e116d Downloading 84.93MB
 c437c96e116d Downloading 84.93MB
 c437c96e116d Downloading 84.93MB
 c437c96e116d Downloading 84.93MB
 c437c96e116d Downloading 84.93MB
 c437c96e116d Downloading 84.93MB
 c437c96e116d Downloading 84.93MB
 c437c96e116d Downloading 84.93MB
 c437c96e116d Downloading 85.98MB
 c437c96e116d Downloading 85.98MB
 c437c96e116d Downloading 85.98MB
 c437c96e116d Downloading 85.98MB
 c437c96e116d Downloading 85.98MB
 c437c96e116d Downloading 85.98MB
 c437c96e116d Downloading 85.98MB
 c437c96e116d Downloading 85.98MB
 c437c96e116d Downloading 85.98MB
 c437c96e116d Downloading 85.98MB
 c437c96e116d Downloading 85.98MB
 c437c96e116d Downloading 87.03MB
 c437c96e116d Downloading 87.03MB
 c437c96e116d Downloading 87.03MB
 c437c96e116d Downloading 87.03MB
 c437c96e116d Downloading 87.03MB
 c437c96e116d Downloading 87.03MB
 c437c96e116d Downloading 87.03MB
 c437c96e116d Downloading 87.03MB
 c437c96e116d Downloading 87.03MB
 c437c96e116d Downloading 87.03MB
 c437c96e116d Downloading 87.03MB
 c437c96e116d Downloading 88.08MB
 c437c96e116d Downloading 88.08MB
 c437c96e116d Downloading 88.08MB
 c437c96e116d Downloading 88.08MB
 c437c96e116d Downloading 88.08MB
 c437c96e116d Downloading 88.08MB
 c437c96e116d Downloading 88.08MB
 c437c96e116d Downloading 88.08MB
 c437c96e116d Downloading 88.08MB
 c437c96e116d Downloading 88.08MB
 c437c96e116d Downloading 88.08MB
 c437c96e116d Downloading 89.13MB
 c437c96e116d Downloading 89.13MB
 c437c96e116d Downloading 89.13MB
 c437c96e116d Downloading 89.13MB
 c437c96e116d Downloading 89.13MB
 c437c96e116d Downloading 89.13MB
 c437c96e116d Downloading 89.13MB
 c437c96e116d Downloading 89.13MB
 c437c96e116d Downloading 89.13MB
 c437c96e116d Downloading 89.13MB
 c437c96e116d Downloading 89.13MB
 c437c96e116d Downloading 89.13MB
 c437c96e116d Downloading 89.13MB
 c437c96e116d Downloading 89.13MB
 c437c96e116d Downloading 89.13MB
 c437c96e116d Downloading 89.13MB
 c437c96e116d Downloading 89.13MB
 c437c96e116d Downloading 89.13MB
 c437c96e116d Downloading 89.13MB
 c437c96e116d Downloading 89.13MB
 c437c96e116d Downloading 89.13MB
 c437c96e116d Downloading 89.13MB
 c437c96e116d Downloading 89.13MB
 c437c96e116d Downloading 89.13MB
 c437c96e116d Downloading 89.13MB
 c437c96e116d Downloading 89.13MB
 c437c96e116d Downloading 90.18MB
 c437c96e116d Downloading 90.18MB
 c437c96e116d Downloading 90.18MB
 c437c96e116d Downloading 90.18MB
 c437c96e116d Downloading 90.18MB
 c437c96e116d Downloading 90.18MB
 c437c96e116d Downloading 90.18MB
 c437c96e116d Downloading 90.18MB
 c437c96e116d Downloading 90.18MB
 c437c96e116d Downloading 90.18MB
 c437c96e116d Downloading 90.18MB
 c437c96e116d Downloading 90.18MB
 c437c96e116d Downloading 90.18MB
 c437c96e116d Downloading 90.18MB
 c437c96e116d Downloading 90.18MB
 c437c96e116d Downloading 90.18MB
 c437c96e116d Downloading 90.18MB
 c437c96e116d Downloading 90.18MB
 c437c96e116d Downloading 90.18MB
 c437c96e116d Downloading 90.18MB
 c437c96e116d Downloading 90.18MB
 c437c96e116d Downloading 90.18MB
 c437c96e116d Downloading 90.18MB
 c437c96e116d Downloading 90.18MB
 c437c96e116d Downloading 90.18MB
 c437c96e116d Downloading 90.18MB
 c437c96e116d Downloading 90.18MB
 c437c96e116d Downloading 90.18MB
 c437c96e116d Downloading 90.18MB
 c437c96e116d Downloading 90.18MB
 c437c96e116d Downloading 90.18MB
 c437c96e116d Downloading 90.18MB
 c437c96e116d Downloading 90.18MB
 c437c96e116d Downloading 90.18MB
 c437c96e116d Downloading 90.18MB
 c437c96e116d Downloading 91.23MB
 c437c96e116d Downloading 91.23MB
 c437c96e116d Downloading 91.23MB
 c437c96e116d Downloading 91.23MB
 c437c96e116d Downloading 91.23MB
 c437c96e116d Downloading 91.23MB
 c437c96e116d Downloading 91.23MB
 c437c96e116d Downloading 91.23MB
 c437c96e116d Downloading 91.23MB
 c437c96e116d Downloading 91.23MB
 c437c96e116d Downloading 91.23MB
 c437c96e116d Downloading 91.23MB
 c437c96e116d Downloading 91.23MB
 c437c96e116d Downloading 91.23MB
 c437c96e116d Downloading 91.23MB
 c437c96e116d Downloading 91.23MB
 c437c96e116d Downloading 91.23MB
 c437c96e116d Downloading 91.23MB
 c437c96e116d Downloading 91.23MB
 c437c96e116d Downloading 91.23MB
 c437c96e116d Downloading 92.27MB
 c437c96e116d Downloading 92.27MB
 c437c96e116d Downloading 92.27MB
 c437c96e116d Downloading 92.27MB
 c437c96e116d Downloading 92.27MB
 c437c96e116d Downloading 92.27MB
 c437c96e116d Downloading 92.27MB
 c437c96e116d Downloading 92.27MB
 c437c96e116d Downloading 92.27MB
 c437c96e116d Downloading 92.27MB
 c437c96e116d Downloading 92.27MB
 c437c96e116d Downloading 93.32MB
 c437c96e116d Downloading 93.32MB
 c437c96e116d Downloading 93.32MB
 c437c96e116d Downloading 93.32MB
 c437c96e116d Downloading 93.32MB
 c437c96e116d Downloading 93.32MB
 c437c96e116d Downloading 93.32MB
 c437c96e116d Downloading 93.32MB
 c437c96e116d Downloading 93.32MB
 c437c96e116d Downloading 93.32MB
 c437c96e116d Downloading 93.32MB
 c437c96e116d Downloading 93.32MB
 c437c96e116d Downloading 94.37MB
 c437c96e116d Downloading 94.37MB
 c437c96e116d Downloading 94.37MB
 c437c96e116d Downloading 94.37MB
 c437c96e116d Downloading 94.37MB
 c437c96e116d Downloading 94.37MB
 c437c96e116d Downloading 94.37MB
 c437c96e116d Downloading 94.37MB
 c437c96e116d Downloading 94.37MB
 c437c96e116d Downloading 94.37MB
 c437c96e116d Downloading 95.42MB
 c437c96e116d Downloading 95.42MB
 c437c96e116d Downloading 95.42MB
 c437c96e116d Downloading 95.42MB
 c437c96e116d Downloading 95.42MB
 c437c96e116d Downloading 95.42MB
 c437c96e116d Downloading 95.42MB
 c437c96e116d Downloading 95.42MB
 c437c96e116d Downloading 95.42MB
 c437c96e116d Downloading 95.42MB
 c437c96e116d Downloading 95.42MB
 c437c96e116d Downloading 96.47MB
 c437c96e116d Downloading 96.47MB
 c437c96e116d Downloading 96.47MB
 c437c96e116d Downloading 96.47MB
 c437c96e116d Downloading 96.47MB
 c437c96e116d Downloading 96.47MB
 c437c96e116d Downloading 96.47MB
 c437c96e116d Downloading 96.47MB
 c437c96e116d Downloading 96.47MB
 c437c96e116d Downloading 96.47MB
 c437c96e116d Downloading 96.47MB
 c437c96e116d Downloading 96.47MB
 c437c96e116d Downloading 97.52MB
 c437c96e116d Downloading 97.52MB
 c437c96e116d Downloading 97.52MB
 c437c96e116d Downloading 97.52MB
 c437c96e116d Downloading 97.52MB
 c437c96e116d Downloading 97.52MB
 c437c96e116d Downloading 97.52MB
 c437c96e116d Downloading 97.52MB
 c437c96e116d Downloading 97.52MB
 c437c96e116d Downloading 97.52MB
 c437c96e116d Downloading 97.52MB
 c437c96e116d Downloading 98.57MB
 c437c96e116d Downloading 98.57MB
 c437c96e116d Downloading 98.57MB
 c437c96e116d Downloading 98.57MB
 c437c96e116d Downloading 98.57MB
 c437c96e116d Downloading 98.57MB
 c437c96e116d Downloading 98.57MB
 c437c96e116d Downloading 98.57MB
 c437c96e116d Downloading 98.57MB
 c437c96e116d Downloading 99.61MB
 c437c96e116d Downloading 99.61MB
 c437c96e116d Downloading 99.61MB
 c437c96e116d Downloading 99.61MB
 c437c96e116d Downloading 99.61MB
 c437c96e116d Downloading 99.61MB
 c437c96e116d Downloading 99.61MB
 c437c96e116d Downloading 99.61MB
 c437c96e116d Downloading 99.61MB
 c437c96e116d Downloading 99.61MB
 c437c96e116d Downloading 99.61MB
 c437c96e116d Downloading 100.7MB
 c437c96e116d Downloading 100.7MB
 c437c96e116d Downloading 100.7MB
 c437c96e116d Downloading 100.7MB
 c437c96e116d Downloading 100.7MB
 c437c96e116d Downloading 100.7MB
 c437c96e116d Downloading 100.7MB
 c437c96e116d Downloading 100.7MB
 c437c96e116d Downloading 100.7MB
 c437c96e116d Downloading 100.7MB
 c437c96e116d Downloading 100.7MB
 c437c96e116d Downloading 100.7MB
 c437c96e116d Downloading 100.7MB
 c437c96e116d Downloading 100.7MB
 c437c96e116d Downloading 100.7MB
 c437c96e116d Downloading 100.7MB
 c437c96e116d Downloading 100.7MB
 c437c96e116d Downloading 100.7MB
 c437c96e116d Downloading 101.7MB
 c437c96e116d Downloading 101.7MB
 c437c96e116d Downloading 101.7MB
 c437c96e116d Downloading 101.7MB
 c437c96e116d Downloading 101.7MB
 c437c96e116d Downloading 101.7MB
 c437c96e116d Downloading 101.7MB
 c437c96e116d Downloading 101.7MB
 c437c96e116d Downloading 101.7MB
 c437c96e116d Downloading 101.7MB
 c437c96e116d Downloading 101.7MB
 c437c96e116d Downloading 101.7MB
 c437c96e116d Downloading 102.8MB
 c437c96e116d Downloading 102.8MB
 c437c96e116d Downloading 102.8MB
 c437c96e116d Downloading 102.8MB
 c437c96e116d Downloading 102.8MB
 c437c96e116d Downloading 102.8MB
 c437c96e116d Downloading 102.8MB
 c437c96e116d Downloading 102.8MB
 c437c96e116d Downloading 102.8MB
 c437c96e116d Downloading 102.8MB
 c437c96e116d Downloading 102.8MB
 c437c96e116d Downloading 103.8MB
 c437c96e116d Downloading 103.8MB
 c437c96e116d Downloading 103.8MB
 c437c96e116d Downloading 103.8MB
 c437c96e116d Downloading 103.8MB
 c437c96e116d Downloading 103.8MB
 c437c96e116d Downloading 103.8MB
 c437c96e116d Downloading 103.8MB
 c437c96e116d Downloading 103.8MB
 c437c96e116d Downloading 104.9MB
 c437c96e116d Downloading 104.9MB
 c437c96e116d Downloading 104.9MB
 c437c96e116d Downloading 104.9MB
 c437c96e116d Downloading 104.9MB
 c437c96e116d Downloading 104.9MB
 c437c96e116d Downloading 104.9MB
 c437c96e116d Downloading 104.9MB
 c437c96e116d Downloading 104.9MB
 c437c96e116d Downloading 105.9MB
 c437c96e116d Downloading 105.9MB
 c437c96e116d Downloading 105.9MB
 c437c96e116d Downloading 105.9MB
 c437c96e116d Downloading 105.9MB
 c437c96e116d Downloading 105.9MB
 c437c96e116d Downloading 105.9MB
 c437c96e116d Downloading 105.9MB
 c437c96e116d Downloading 105.9MB
 c437c96e116d Downloading 105.9MB
 c437c96e116d Downloading 105.9MB
 c437c96e116d Downloading 105.9MB
 c437c96e116d Downloading 105.9MB
 c437c96e116d Downloading 107MB
 c437c96e116d Downloading 107MB
 c437c96e116d Downloading 107MB
 c437c96e116d Downloading 107MB
 c437c96e116d Downloading 107MB
 c437c96e116d Downloading 107MB
 c437c96e116d Downloading 107MB
 c437c96e116d Downloading 107MB
 c437c96e116d Downloading 107MB
 c437c96e116d Downloading 108MB
 c437c96e116d Downloading 108MB
 c437c96e116d Downloading 108MB
 c437c96e116d Downloading 108MB
 c437c96e116d Downloading 108MB
 c437c96e116d Downloading 108MB
 c437c96e116d Downloading 108MB
 c437c96e116d Downloading 108MB
 c437c96e116d Downloading 108MB
 c437c96e116d Downloading 108MB
 c437c96e116d Downloading 108MB
 c437c96e116d Downloading 108MB
 c437c96e116d Downloading 108MB
 c437c96e116d Downloading 108MB
 c437c96e116d Downloading 108MB
 c437c96e116d Downloading 108MB
 c437c96e116d Downloading 109.1MB
 c437c96e116d Downloading 109.1MB
 c437c96e116d Downloading 109.1MB
 c437c96e116d Downloading 109.1MB
 c437c96e116d Downloading 109.1MB
 c437c96e116d Downloading 109.1MB
 c437c96e116d Downloading 110.1MB
 c437c96e116d Downloading 110.1MB
 c437c96e116d Downloading 110.1MB
 c437c96e116d Downloading 110.1MB
 c437c96e116d Downloading 110.1MB
 c437c96e116d Downloading 110.1MB
 c437c96e116d Downloading 110.1MB
 c437c96e116d Downloading 110.1MB
 c437c96e116d Downloading 110.1MB
 c437c96e116d Downloading 110.1MB
 c437c96e116d Downloading 110.1MB
 c437c96e116d Downloading 110.1MB
 c437c96e116d Downloading 111.1MB
 c437c96e116d Downloading 111.1MB
 c437c96e116d Downloading 111.1MB
 c437c96e116d Downloading 111.1MB
 c437c96e116d Downloading 111.1MB
 c437c96e116d Downloading 111.1MB
 c437c96e116d Downloading 111.1MB
 c437c96e116d Downloading 111.1MB
 c437c96e116d Downloading 111.1MB
 c437c96e116d Downloading 111.1MB
 c437c96e116d Downloading 111.1MB
 c437c96e116d Downloading 111.1MB
 c437c96e116d Downloading 111.1MB
 c437c96e116d Downloading 111.1MB
 c437c96e116d Downloading 111.1MB
 c437c96e116d Downloading 111.1MB
 c437c96e116d Downloading 112.2MB
 c437c96e116d Downloading 112.2MB
 c437c96e116d Downloading 112.2MB
 c437c96e116d Downloading 112.2MB
 c437c96e116d Downloading 112.2MB
 c437c96e116d Downloading 112.2MB
 c437c96e116d Downloading 112.2MB
 c437c96e116d Downloading 113.2MB
 c437c96e116d Downloading 113.2MB
 c437c96e116d Downloading 113.2MB
 c437c96e116d Downloading 113.2MB
 c437c96e116d Downloading 113.2MB
 c437c96e116d Downloading 113.2MB
 c437c96e116d Downloading 113.2MB
 c437c96e116d Downloading 113.2MB
 c437c96e116d Downloading 113.2MB
 c437c96e116d Downloading 113.2MB
 c437c96e116d Downloading 113.2MB
 c437c96e116d Downloading 113.2MB
 c437c96e116d Downloading 113.2MB
 c437c96e116d Downloading 114.3MB
 c437c96e116d Downloading 114.3MB
 c437c96e116d Downloading 114.3MB
 c437c96e116d Downloading 114.3MB
 c437c96e116d Downloading 114.3MB
 c437c96e116d Downloading 114.3MB
 c437c96e116d Downloading 114.3MB
 c437c96e116d Downloading 114.3MB
 c437c96e116d Downloading 114.3MB
 c437c96e116d Downloading 114.3MB
 c437c96e116d Downloading 115.3MB
 c437c96e116d Downloading 115.3MB
 c437c96e116d Downloading 115.3MB
 c437c96e116d Downloading 115.3MB
 c437c96e116d Downloading 115.3MB
 c437c96e116d Downloading 115.3MB
 c437c96e116d Downloading 115.3MB
 c437c96e116d Downloading 115.3MB
 c437c96e116d Downloading 115.3MB
 c437c96e116d Downloading 116.4MB
 c437c96e116d Downloading 116.4MB
 c437c96e116d Downloading 116.4MB
 c437c96e116d Downloading 116.4MB
 c437c96e116d Downloading 116.4MB
 c437c96e116d Downloading 116.4MB
 c437c96e116d Downloading 116.4MB
 c437c96e116d Downloading 116.4MB
 c437c96e116d Downloading 116.4MB
 c437c96e116d Downloading 116.4MB
 c437c96e116d Downloading 116.4MB
 c437c96e116d Downloading 116.4MB
 c437c96e116d Downloading 117.4MB
 c437c96e116d Downloading 117.4MB
 c437c96e116d Downloading 117.4MB
 c437c96e116d Downloading 117.4MB
 c437c96e116d Downloading 117.4MB
 c437c96e116d Downloading 117.4MB
 c437c96e116d Downloading 117.4MB
 c437c96e116d Downloading 117.4MB
 c437c96e116d Downloading 117.4MB
 c437c96e116d Downloading 117.4MB
 c437c96e116d Downloading 117.4MB
 c437c96e116d Downloading 118.5MB
 c437c96e116d Downloading 118.5MB
 c437c96e116d Downloading 118.5MB
 c437c96e116d Downloading 118.5MB
 c437c96e116d Downloading 118.5MB
 c437c96e116d Downloading 118.5MB
 c437c96e116d Downloading 118.5MB
 c437c96e116d Downloading 118.5MB
 c437c96e116d Downloading 118.5MB
 c437c96e116d Downloading 119.5MB
 c437c96e116d Downloading 119.5MB
 c437c96e116d Downloading 119.5MB
 c437c96e116d Downloading 119.5MB
 c437c96e116d Downloading 119.5MB
 c437c96e116d Downloading 119.5MB
 c437c96e116d Downloading 119.5MB
 c437c96e116d Downloading 119.5MB
 c437c96e116d Downloading 119.5MB
 c437c96e116d Downloading 119.5MB
 c437c96e116d Downloading 119.5MB
 c437c96e116d Downloading 120.6MB
 c437c96e116d Downloading 120.6MB
 c437c96e116d Downloading 120.6MB
 c437c96e116d Downloading 120.6MB
 c437c96e116d Downloading 120.6MB
 c437c96e116d Downloading 120.6MB
 c437c96e116d Downloading 120.6MB
 c437c96e116d Downloading 120.6MB
 c437c96e116d Downloading 120.6MB
 c437c96e116d Downloading 121.6MB
 c437c96e116d Downloading 121.6MB
 c437c96e116d Downloading 121.6MB
 c437c96e116d Downloading 121.6MB
 c437c96e116d Downloading 121.6MB
 c437c96e116d Downloading 121.6MB
 c437c96e116d Downloading 122.7MB
 c437c96e116d Downloading 122.7MB
 c437c96e116d Downloading 122.7MB
 c437c96e116d Downloading 122.7MB
 c437c96e116d Downloading 122.7MB
 c437c96e116d Downloading 122.7MB
 c437c96e116d Downloading 122.7MB
 c437c96e116d Downloading 122.7MB
 c437c96e116d Downloading 122.7MB
 c437c96e116d Downloading 123.7MB
 c437c96e116d Downloading 123.7MB
 c437c96e116d Downloading 123.7MB
 c437c96e116d Downloading 123.7MB
 c437c96e116d Downloading 123.7MB
 c437c96e116d Downloading 123.7MB
 c437c96e116d Downloading 123.7MB
 c437c96e116d Downloading 123.7MB
 c437c96e116d Downloading 123.7MB
 c437c96e116d Downloading 123.7MB
 c437c96e116d Downloading 123.7MB
 c437c96e116d Downloading 123.7MB
 c437c96e116d Downloading 123.7MB
 c437c96e116d Downloading 123.7MB
 c437c96e116d Downloading 123.7MB
 c437c96e116d Downloading 123.7MB
 c437c96e116d Downloading 124.8MB
 c437c96e116d Downloading 124.8MB
 c437c96e116d Downloading 124.8MB
 c437c96e116d Downloading 124.8MB
 c437c96e116d Downloading 124.8MB
 c437c96e116d Downloading 124.8MB
 c437c96e116d Downloading 124.8MB
 c437c96e116d Downloading 124.8MB
 c437c96e116d Downloading 124.8MB
 c437c96e116d Downloading 124.8MB
 c437c96e116d Downloading 124.8MB
 c437c96e116d Downloading 125.8MB
 c437c96e116d Downloading 125.8MB
 c437c96e116d Downloading 125.8MB
 c437c96e116d Downloading 125.8MB
 c437c96e116d Downloading 125.8MB
 c437c96e116d Downloading 125.8MB
 c437c96e116d Downloading 125.8MB
 c437c96e116d Downloading 125.8MB
 c437c96e116d Downloading 125.8MB
 c437c96e116d Downloading 125.8MB
 c437c96e116d Downloading 126.9MB
 c437c96e116d Downloading 126.9MB
 c437c96e116d Downloading 126.9MB
 c437c96e116d Downloading 126.9MB
 c437c96e116d Downloading 126.9MB
 c437c96e116d Downloading 126.9MB
 c437c96e116d Downloading 126.9MB
 c437c96e116d Downloading 126.9MB
 c437c96e116d Downloading 127.9MB
 c437c96e116d Downloading 127.9MB
 c437c96e116d Downloading 127.9MB
 c437c96e116d Downloading 127.9MB
 c437c96e116d Downloading 127.9MB
 c437c96e116d Downloading 127.9MB
 c437c96e116d Downloading 127.9MB
 c437c96e116d Downloading 127.9MB
 c437c96e116d Downloading 127.9MB
 c437c96e116d Downloading 127.9MB
 c437c96e116d Downloading 129MB
 c437c96e116d Downloading 129MB
 c437c96e116d Downloading 129MB
 c437c96e116d Downloading 129MB
 c437c96e116d Downloading 129MB
 c437c96e116d Downloading 129MB
 c437c96e116d Downloading 129MB
 c437c96e116d Downloading 129MB
 c437c96e116d Downloading 129MB
 c437c96e116d Downloading 129MB
 c437c96e116d Downloading 129MB
 c437c96e116d Downloading 129MB
 c437c96e116d Downloading 129MB
 c437c96e116d Downloading 130MB
 c437c96e116d Downloading 130MB
 c437c96e116d Downloading 130MB
 c437c96e116d Downloading 130MB
 c437c96e116d Downloading 130MB
 c437c96e116d Downloading 130MB
 c437c96e116d Downloading 130MB
 c437c96e116d Downloading 130MB
 c437c96e116d Downloading 130MB
 c437c96e116d Downloading 130MB
 c437c96e116d Downloading 130MB
 c437c96e116d Downloading 130MB
 c437c96e116d Downloading 131.1MB
 c437c96e116d Downloading 131.1MB
 c437c96e116d Downloading 131.1MB
 c437c96e116d Downloading 131.1MB
 c437c96e116d Downloading 131.1MB
 c437c96e116d Downloading 131.1MB
 c437c96e116d Downloading 131.1MB
 c437c96e116d Downloading 131.1MB
 c437c96e116d Downloading 131.1MB
 c437c96e116d Downloading 131.1MB
 c437c96e116d Downloading 132.1MB
 c437c96e116d Downloading 132.1MB
 c437c96e116d Downloading 132.1MB
 c437c96e116d Downloading 132.1MB
 c437c96e116d Downloading 132.1MB
 c437c96e116d Downloading 132.1MB
 c437c96e116d Downloading 132.1MB
 c437c96e116d Downloading 132.1MB
 c437c96e116d Downloading 132.1MB
 c437c96e116d Downloading 132.1MB
 c437c96e116d Downloading 132.1MB
 c437c96e116d Downloading 132.1MB
 c437c96e116d Downloading 132.1MB
 c437c96e116d Downloading 133.2MB
 c437c96e116d Downloading 133.2MB
 c437c96e116d Downloading 133.2MB
 c437c96e116d Downloading 133.2MB
 c437c96e116d Downloading 133.2MB
 c437c96e116d Downloading 133.2MB
 c437c96e116d Downloading 133.2MB
 c437c96e116d Downloading 133.2MB
 c437c96e116d Downloading 133.2MB
 c437c96e116d Downloading 133.2MB
 c437c96e116d Downloading 133.2MB
 c437c96e116d Downloading 134.2MB
 c437c96e116d Downloading 134.2MB
 c437c96e116d Downloading 134.2MB
 c437c96e116d Downloading 134.2MB
 c437c96e116d Downloading 134.2MB
 c437c96e116d Downloading 134.2MB
 c437c96e116d Downloading 134.2MB
 c437c96e116d Downloading 134.2MB
 c437c96e116d Downloading 134.2MB
 c437c96e116d Downloading 134.2MB
 c437c96e116d Downloading 134.2MB
 c437c96e116d Downloading 134.2MB
 c437c96e116d Downloading 134.2MB
 c437c96e116d Downloading 135.3MB
 c437c96e116d Downloading 135.3MB
 c437c96e116d Downloading 135.3MB
 c437c96e116d Downloading 135.3MB
 c437c96e116d Downloading 135.3MB
 c437c96e116d Downloading 135.3MB
 c437c96e116d Downloading 135.3MB
 c437c96e116d Downloading 135.3MB
 c437c96e116d Downloading 135.3MB
 c437c96e116d Downloading 135.3MB
 c437c96e116d Downloading 135.3MB
 c437c96e116d Downloading 135.3MB
 c437c96e116d Downloading 135.3MB
 c437c96e116d Downloading 136.3MB
 c437c96e116d Downloading 136.3MB
 c437c96e116d Downloading 136.3MB
 c437c96e116d Downloading 136.3MB
 c437c96e116d Downloading 136.3MB
 c437c96e116d Downloading 136.3MB
 c437c96e116d Downloading 136.3MB
 c437c96e116d Downloading 136.3MB
 c437c96e116d Downloading 137.4MB
 c437c96e116d Downloading 137.4MB
 c437c96e116d Downloading 137.4MB
 c437c96e116d Downloading 137.4MB
 c437c96e116d Downloading 137.4MB
 c437c96e116d Downloading 137.4MB
 c437c96e116d Downloading 138.4MB
 c437c96e116d Downloading 138.4MB
 c437c96e116d Downloading 138.4MB
 c437c96e116d Downloading 138.4MB
 c437c96e116d Downloading 138.4MB
 c437c96e116d Downloading 138.4MB
 c437c96e116d Downloading 138.4MB
 c437c96e116d Downloading 138.4MB
 c437c96e116d Downloading 138.4MB
 c437c96e116d Downloading 139.5MB
 c437c96e116d Downloading 139.5MB
 c437c96e116d Downloading 139.5MB
 c437c96e116d Downloading 139.5MB
 c437c96e116d Downloading 139.5MB
 c437c96e116d Downloading 139.5MB
 c437c96e116d Downloading 139.5MB
 c437c96e116d Downloading 139.5MB
 c437c96e116d Downloading 139.5MB
 c437c96e116d Downloading 139.5MB
 c437c96e116d Downloading 139.5MB
 c437c96e116d Downloading 139.5MB
 c437c96e116d Downloading 140.5MB
 c437c96e116d Downloading 140.5MB
 c437c96e116d Downloading 140.5MB
 c437c96e116d Downloading 140.5MB
 c437c96e116d Downloading 140.5MB
 c437c96e116d Downloading 140.5MB
 c437c96e116d Downloading 140.5MB
 c437c96e116d Downloading 140.5MB
 c437c96e116d Downloading 140.5MB
 c437c96e116d Downloading 141.6MB
 c437c96e116d Downloading 141.6MB
 c437c96e116d Downloading 141.6MB
 c437c96e116d Downloading 141.6MB
 c437c96e116d Downloading 141.6MB
 c437c96e116d Downloading 141.6MB
 c437c96e116d Downloading 141.6MB
 c437c96e116d Downloading 141.6MB
 c437c96e116d Downloading 141.6MB
 c437c96e116d Downloading 141.6MB
 c437c96e116d Downloading 141.6MB
 c437c96e116d Downloading 141.6MB
 c437c96e116d Downloading 141.6MB
 c437c96e116d Downloading 142.6MB
 c437c96e116d Downloading 142.6MB
 c437c96e116d Downloading 142.6MB
 c437c96e116d Downloading 142.6MB
 c437c96e116d Downloading 142.6MB
 c437c96e116d Downloading 142.6MB
 c437c96e116d Downloading 142.6MB
 c437c96e116d Downloading 142.6MB
 c437c96e116d Downloading 142.6MB
 c437c96e116d Downloading 142.6MB
 c437c96e116d Downloading 142.6MB
 c437c96e116d Downloading 143.7MB
 c437c96e116d Downloading 143.7MB
 c437c96e116d Downloading 143.7MB
 c437c96e116d Downloading 143.7MB
 c437c96e116d Downloading 143.7MB
 c437c96e116d Downloading 143.7MB
 c437c96e116d Downloading 143.7MB
 c437c96e116d Downloading 143.7MB
 c437c96e116d Downloading 144.7MB
 c437c96e116d Downloading 144.7MB
 c437c96e116d Downloading 144.7MB
 c437c96e116d Downloading 144.7MB
 c437c96e116d Downloading 144.7MB
 c437c96e116d Downloading 144.7MB
 c437c96e116d Downloading 144.7MB
 c437c96e116d Downloading 144.7MB
 c437c96e116d Downloading 144.7MB
 c437c96e116d Downloading 145.8MB
 c437c96e116d Downloading 145.8MB
 c437c96e116d Downloading 145.8MB
 c437c96e116d Downloading 145.8MB
 c437c96e116d Downloading 145.8MB
 c437c96e116d Downloading 145.8MB
 c437c96e116d Downloading 146.8MB
 c437c96e116d Downloading 146.8MB
 c437c96e116d Downloading 146.8MB
 c437c96e116d Downloading 146.8MB
 c437c96e116d Downloading 146.8MB
 c437c96e116d Downloading 146.8MB
 c437c96e116d Downloading 146.8MB
 c437c96e116d Downloading 146.8MB
 c437c96e116d Downloading 147.8MB
 c437c96e116d Downloading 147.8MB
 c437c96e116d Downloading 147.8MB
 c437c96e116d Downloading 147.8MB
 c437c96e116d Downloading 147.8MB
 c437c96e116d Downloading 148.9MB
 c437c96e116d Downloading 148.9MB
 c437c96e116d Downloading 148.9MB
 c437c96e116d Downloading 148.9MB
 c437c96e116d Downloading 148.9MB
 c437c96e116d Downloading 149.9MB
 c437c96e116d Downloading 149.9MB
 c437c96e116d Downloading 149.9MB
 c437c96e116d Downloading 149.9MB
 c437c96e116d Downloading 149.9MB
 c437c96e116d Downloading 149.9MB
 c437c96e116d Downloading 149.9MB
 c437c96e116d Downloading 151MB
 c437c96e116d Downloading 151MB
 c437c96e116d Downloading 151MB
 c437c96e116d Downloading 151MB
 c437c96e116d Downloading 151MB
 c437c96e116d Downloading 151MB
 c437c96e116d Downloading 151MB
 c437c96e116d Downloading 152MB
 c437c96e116d Downloading 152MB
 c437c96e116d Downloading 152MB
 c437c96e116d Downloading 152MB
 c437c96e116d Downloading 152MB
 c437c96e116d Downloading 152MB
 c437c96e116d Downloading 152MB
 c437c96e116d Downloading 152MB
 c437c96e116d Downloading 153.1MB
 c437c96e116d Downloading 153.1MB
 c437c96e116d Downloading 153.1MB
 c437c96e116d Downloading 153.1MB
 c437c96e116d Downloading 153.1MB
 c437c96e116d Downloading 153.1MB
 c437c96e116d Downloading 154.1MB
 c437c96e116d Downloading 154.1MB
 c437c96e116d Downloading 154.1MB
 c437c96e116d Downloading 154.1MB
 c437c96e116d Downloading 154.1MB
 c437c96e116d Downloading 155.2MB
 c437c96e116d Downloading 155.2MB
 c437c96e116d Downloading 155.2MB
 c437c96e116d Downloading 155.2MB
 c437c96e116d Downloading 155.2MB
 c437c96e116d Downloading 155.2MB
 c437c96e116d Downloading 156.2MB
 c437c96e116d Downloading 156.2MB
 c437c96e116d Downloading 156.2MB
 c437c96e116d Downloading 156.2MB
 c437c96e116d Downloading 156.2MB
 c437c96e116d Downloading 156.2MB
 c437c96e116d Downloading 156.2MB
 c437c96e116d Downloading 157.3MB
 c437c96e116d Downloading 157.3MB
 c437c96e116d Downloading 157.3MB
 c437c96e116d Downloading 157.3MB
 c437c96e116d Downloading 157.3MB
 c437c96e116d Downloading 157.3MB
 c437c96e116d Downloading 157.3MB
 c437c96e116d Downloading 157.3MB
 c437c96e116d Downloading 158.3MB
 c437c96e116d Downloading 158.3MB
 c437c96e116d Downloading 158.3MB
 c437c96e116d Downloading 158.3MB
 c437c96e116d Downloading 158.3MB
 c437c96e116d Downloading 158.3MB
 c437c96e116d Downloading 159.4MB
 c437c96e116d Downloading 159.4MB
 c437c96e116d Downloading 159.4MB
 c437c96e116d Downloading 159.4MB
 c437c96e116d Downloading 159.4MB
 c437c96e116d Downloading 159.4MB
 c437c96e116d Downloading 159.4MB
 c437c96e116d Downloading 160.4MB
 c437c96e116d Downloading 160.4MB
 c437c96e116d Downloading 160.4MB
 c437c96e116d Downloading 160.4MB
 c437c96e116d Downloading 160.4MB
 c437c96e116d Downloading 160.4MB
 c437c96e116d Downloading 160.4MB
 c437c96e116d Downloading 161.5MB
 c437c96e116d Downloading 161.5MB
 c437c96e116d Downloading 161.5MB
 c437c96e116d Downloading 161.5MB
 c437c96e116d Downloading 161.5MB
 c437c96e116d Downloading 161.5MB
 c437c96e116d Downloading 161.5MB
 c437c96e116d Downloading 161.5MB
 c437c96e116d Downloading 161.5MB
 c437c96e116d Downloading 161.5MB
 c437c96e116d Downloading 161.5MB
 c437c96e116d Downloading 162.5MB
 c437c96e116d Downloading 162.5MB
 c437c96e116d Downloading 162.5MB
 c437c96e116d Downloading 162.5MB
 c437c96e116d Downloading 162.5MB
 c437c96e116d Downloading 162.5MB
 c437c96e116d Downloading 162.5MB
 c437c96e116d Downloading 162.5MB
 c437c96e116d Downloading 162.5MB
 c437c96e116d Downloading 163.6MB
 c437c96e116d Downloading 163.6MB
 c437c96e116d Downloading 163.6MB
 c437c96e116d Downloading 163.6MB
 c437c96e116d Downloading 163.6MB
 c437c96e116d Downloading 163.6MB
 c437c96e116d Downloading 163.6MB
 c437c96e116d Downloading 163.6MB
 c437c96e116d Downloading 163.6MB
 c437c96e116d Downloading 163.6MB
 c437c96e116d Downloading 164.6MB
 c437c96e116d Downloading 164.6MB
 c437c96e116d Downloading 164.6MB
 c437c96e116d Downloading 164.6MB
 c437c96e116d Downloading 164.6MB
 c437c96e116d Downloading 164.6MB
 c437c96e116d Downloading 164.6MB
 c437c96e116d Downloading 164.6MB
 c437c96e116d Downloading 165.7MB
 c437c96e116d Downloading 165.7MB
 c437c96e116d Downloading 165.7MB
 c437c96e116d Downloading 165.7MB
 c437c96e116d Downloading 165.7MB
 c437c96e116d Downloading 165.7MB
 c437c96e116d Downloading 165.7MB
 c437c96e116d Downloading 165.7MB
 c437c96e116d Downloading 165.7MB
 c437c96e116d Downloading 165.7MB
 c437c96e116d Downloading 166.7MB
 c437c96e116d Downloading 166.7MB
 c437c96e116d Downloading 166.7MB
 c437c96e116d Downloading 166.7MB
 c437c96e116d Downloading 166.7MB
 c437c96e116d Downloading 166.7MB
 c437c96e116d Downloading 166.7MB
 c437c96e116d Downloading 166.7MB
 c437c96e116d Downloading 167.8MB
 c437c96e116d Downloading 167.8MB
 c437c96e116d Downloading 167.8MB
 c437c96e116d Downloading 167.8MB
 c437c96e116d Downloading 167.8MB
 c437c96e116d Downloading 167.8MB
 c437c96e116d Downloading 167.8MB
 c437c96e116d Downloading 167.8MB
 c437c96e116d Downloading 167.8MB
 c437c96e116d Downloading 167.8MB
 c437c96e116d Downloading 167.8MB
 c437c96e116d Downloading 168.8MB
 c437c96e116d Downloading 168.8MB
 c437c96e116d Downloading 168.8MB
 c437c96e116d Downloading 168.8MB
 c437c96e116d Downloading 168.8MB
 c437c96e116d Downloading 168.8MB
 c437c96e116d Downloading 168.8MB
 c437c96e116d Downloading 168.8MB
 c437c96e116d Downloading 168.8MB
 c437c96e116d Downloading 168.8MB
 c437c96e116d Downloading 168.8MB
 c437c96e116d Downloading 169.9MB
 c437c96e116d Downloading 169.9MB
 c437c96e116d Downloading 169.9MB
 c437c96e116d Downloading 169.9MB
 c437c96e116d Downloading 169.9MB
 c437c96e116d Downloading 169.9MB
 c437c96e116d Downloading 169.9MB
 c437c96e116d Downloading 169.9MB
 c437c96e116d Downloading 169.9MB
 c437c96e116d Downloading 169.9MB
 c437c96e116d Downloading 169.9MB
 c437c96e116d Downloading 169.9MB
 c437c96e116d Downloading 170.9MB
 c437c96e116d Downloading 170.9MB
 c437c96e116d Downloading 170.9MB
 c437c96e116d Downloading 170.9MB
 c437c96e116d Downloading 170.9MB
 c437c96e116d Downloading 170.9MB
 c437c96e116d Downloading 170.9MB
 c437c96e116d Downloading 170.9MB
 c437c96e116d Downloading 170.9MB
 c437c96e116d Downloading 172MB
 c437c96e116d Downloading 172MB
 c437c96e116d Downloading 172MB
 c437c96e116d Downloading 172MB
 c437c96e116d Downloading 172MB
 c437c96e116d Downloading 172MB
 c437c96e116d Downloading 172MB
 c437c96e116d Downloading 172MB
 c437c96e116d Downloading 172MB
 c437c96e116d Downloading 173MB
 c437c96e116d Downloading 173MB
 c437c96e116d Downloading 173MB
 c437c96e116d Downloading 173MB
 c437c96e116d Downloading 173MB
 c437c96e116d Downloading 173MB
 c437c96e116d Downloading 174.1MB
 c437c96e116d Downloading 174.1MB
 c437c96e116d Downloading 174.1MB
 c437c96e116d Downloading 174.1MB
 c437c96e116d Downloading 174.1MB
 c437c96e116d Downloading 174.1MB
 c437c96e116d Downloading 174.1MB
 c437c96e116d Downloading 174.1MB
 c437c96e116d Downloading 174.1MB
 c437c96e116d Downloading 174.1MB
 c437c96e116d Downloading 175.1MB
 c437c96e116d Downloading 175.1MB
 c437c96e116d Downloading 175.1MB
 c437c96e116d Downloading 175.1MB
 c437c96e116d Downloading 175.1MB
 c437c96e116d Downloading 175.1MB
 c437c96e116d Downloading 175.1MB
 c437c96e116d Downloading 175.1MB
 c437c96e116d Downloading 176.2MB
 c437c96e116d Downloading 176.2MB
 c437c96e116d Downloading 176.2MB
 c437c96e116d Downloading 176.2MB
 c437c96e116d Downloading 176.2MB
 c437c96e116d Downloading 176.2MB
 c437c96e116d Downloading 176.2MB
 c437c96e116d Downloading 176.2MB
 c437c96e116d Downloading 176.2MB
 c437c96e116d Downloading 176.2MB
 c437c96e116d Downloading 177.2MB
 c437c96e116d Downloading 177.2MB
 c437c96e116d Downloading 177.2MB
 c437c96e116d Downloading 177.2MB
 c437c96e116d Downloading 177.2MB
 c437c96e116d Downloading 177.2MB
 c437c96e116d Downloading 177.2MB
 c437c96e116d Downloading 177.2MB
 c437c96e116d Downloading 177.2MB
 c437c96e116d Downloading 178.3MB
 c437c96e116d Downloading 178.3MB
 c437c96e116d Downloading 178.3MB
 c437c96e116d Downloading 178.3MB
 c437c96e116d Downloading 178.3MB
 c437c96e116d Downloading 178.3MB
 c437c96e116d Downloading 178.3MB
 c437c96e116d Downloading 179.3MB
 c437c96e116d Downloading 179.3MB
 c437c96e116d Downloading 179.3MB
 c437c96e116d Downloading 179.3MB
 c437c96e116d Downloading 179.3MB
 c437c96e116d Downloading 179.3MB
 c437c96e116d Downloading 180.4MB
 c437c96e116d Downloading 180.4MB
 c437c96e116d Downloading 180.4MB
 c437c96e116d Downloading 180.4MB
 c437c96e116d Downloading 180.4MB
 c437c96e116d Downloading 180.4MB
 c437c96e116d Downloading 180.4MB
 c437c96e116d Downloading 180.4MB
 c437c96e116d Downloading 180.4MB
 c437c96e116d Downloading 181.4MB
 c437c96e116d Downloading 181.4MB
 c437c96e116d Downloading 181.4MB
 c437c96e116d Downloading 181.4MB
 c437c96e116d Downloading 181.4MB
 c437c96e116d Downloading 181.4MB
 c437c96e116d Downloading 181.4MB
 c437c96e116d Downloading 181.4MB
 c437c96e116d Downloading 181.4MB
 c437c96e116d Downloading 182.5MB
 c437c96e116d Downloading 182.5MB
 c437c96e116d Downloading 182.5MB
 c437c96e116d Downloading 182.5MB
 c437c96e116d Downloading 182.5MB
 c437c96e116d Downloading 182.5MB
 c437c96e116d Downloading 182.5MB
 c437c96e116d Downloading 182.5MB
 c437c96e116d Downloading 182.5MB
 c437c96e116d Downloading 182.5MB
 c437c96e116d Downloading 183.5MB
 c437c96e116d Downloading 183.5MB
 c437c96e116d Downloading 183.5MB
 c437c96e116d Downloading 183.5MB
 c437c96e116d Downloading 183.5MB
 c437c96e116d Downloading 183.5MB
 c437c96e116d Downloading 183.5MB
 c437c96e116d Downloading 183.5MB
 c437c96e116d Downloading 183.5MB
 c437c96e116d Downloading 183.5MB
 c437c96e116d Downloading 184.5MB
 c437c96e116d Downloading 184.5MB
 c437c96e116d Downloading 184.5MB
 c437c96e116d Downloading 184.5MB
 c437c96e116d Downloading 184.5MB
 c437c96e116d Downloading 184.5MB
 c437c96e116d Downloading 184.5MB
 c437c96e116d Downloading 184.5MB
 c437c96e116d Downloading 185.6MB
 c437c96e116d Downloading 185.6MB
 c437c96e116d Downloading 185.6MB
 c437c96e116d Downloading 185.6MB
 c437c96e116d Downloading 185.6MB
 c437c96e116d Downloading 185.6MB
 c437c96e116d Downloading 185.6MB
 c437c96e116d Downloading 185.6MB
 c437c96e116d Downloading 186.6MB
 c437c96e116d Downloading 186.6MB
 c437c96e116d Downloading 186.6MB
 c437c96e116d Downloading 186.6MB
 c437c96e116d Downloading 186.6MB
 c437c96e116d Downloading 186.6MB
 c437c96e116d Downloading 187.7MB
 c437c96e116d Downloading 187.7MB
 c437c96e116d Downloading 187.7MB
 c437c96e116d Downloading 187.7MB
 c437c96e116d Downloading 187.7MB
 c437c96e116d Downloading 187.7MB
 c437c96e116d Downloading 188.7MB
 c437c96e116d Downloading 188.7MB
 c437c96e116d Downloading 188.7MB
 c437c96e116d Downloading 188.7MB
 c437c96e116d Downloading 188.7MB
 c437c96e116d Downloading 188.7MB
 c437c96e116d Downloading 188.7MB
 c437c96e116d Downloading 188.7MB
 c437c96e116d Downloading 189.8MB
 c437c96e116d Downloading 189.8MB
 c437c96e116d Downloading 189.8MB
 c437c96e116d Downloading 189.8MB
 c437c96e116d Downloading 189.8MB
 c437c96e116d Downloading 189.8MB
 c437c96e116d Downloading 189.8MB
 c437c96e116d Downloading 189.8MB
 c437c96e116d Downloading 189.8MB
 c437c96e116d Downloading 189.8MB
 c437c96e116d Downloading 189.8MB
 c437c96e116d Downloading 189.8MB
 c437c96e116d Downloading 190.8MB
 c437c96e116d Downloading 190.8MB
 c437c96e116d Downloading 190.8MB
 c437c96e116d Downloading 190.8MB
 c437c96e116d Downloading 190.8MB
 c437c96e116d Downloading 190.8MB
 c437c96e116d Downloading 191.9MB
 c437c96e116d Downloading 191.9MB
 c437c96e116d Downloading 191.9MB
 c437c96e116d Downloading 191.9MB
 c437c96e116d Downloading 191.9MB
 c437c96e116d Downloading 191.9MB
 c437c96e116d Downloading 191.9MB
 c437c96e116d Downloading 191.9MB
 c437c96e116d Downloading 191.9MB
 c437c96e116d Downloading 191.9MB
 c437c96e116d Downloading 192.9MB
 c437c96e116d Downloading 192.9MB
 c437c96e116d Downloading 192.9MB
 c437c96e116d Downloading 192.9MB
 c437c96e116d Downloading 192.9MB
 c437c96e116d Downloading 192.9MB
 c437c96e116d Downloading 194MB
 c437c96e116d Downloading 194MB
 c437c96e116d Downloading 194MB
 c437c96e116d Downloading 194MB
 c437c96e116d Downloading 194MB
 c437c96e116d Downloading 194MB
 c437c96e116d Downloading 194MB
 c437c96e116d Downloading 194MB
 c437c96e116d Downloading 194MB
 c437c96e116d Downloading 194MB
 c437c96e116d Downloading 194MB
 c437c96e116d Downloading 194MB
 c437c96e116d Downloading 194MB
 c437c96e116d Downloading 195MB
 c437c96e116d Downloading 195MB
 c437c96e116d Downloading 195MB
 c437c96e116d Downloading 195MB
 c437c96e116d Downloading 195MB
 c437c96e116d Downloading 195MB
 c437c96e116d Downloading 195MB
 c437c96e116d Downloading 195MB
 c437c96e116d Downloading 195MB
 c437c96e116d Downloading 195MB
 c437c96e116d Downloading 196.1MB
 c437c96e116d Downloading 196.1MB
 c437c96e116d Downloading 196.1MB
 c437c96e116d Downloading 196.1MB
 c437c96e116d Downloading 196.1MB
 c437c96e116d Downloading 196.1MB
 c437c96e116d Downloading 196.1MB
 c437c96e116d Downloading 197.1MB
 c437c96e116d Downloading 197.1MB
 c437c96e116d Downloading 197.1MB
 c437c96e116d Downloading 197.1MB
 c437c96e116d Downloading 197.1MB
 c437c96e116d Downloading 198.2MB
 c437c96e116d Downloading 198.2MB
 c437c96e116d Downloading 198.2MB
 c437c96e116d Downloading 198.2MB
 c437c96e116d Downloading 198.2MB
 c437c96e116d Downloading 198.2MB
 c437c96e116d Downloading 198.2MB
 c437c96e116d Downloading 198.2MB
 c437c96e116d Downloading 199.2MB
 c437c96e116d Downloading 199.2MB
 c437c96e116d Downloading 199.2MB
 c437c96e116d Downloading 199.2MB
 c437c96e116d Downloading 199.2MB
 c437c96e116d Downloading 199.2MB
 c437c96e116d Downloading 199.2MB
 c437c96e116d Downloading 199.2MB
 c437c96e116d Downloading 199.2MB
 c437c96e116d Downloading 200.3MB
 c437c96e116d Downloading 200.3MB
 c437c96e116d Downloading 200.3MB
 c437c96e116d Downloading 200.3MB
 c437c96e116d Downloading 200.3MB
 c437c96e116d Downloading 200.3MB
 c437c96e116d Downloading 200.3MB
 c437c96e116d Downloading 200.3MB
 c437c96e116d Downloading 200.3MB
 c437c96e116d Downloading 200.3MB
 c437c96e116d Downloading 201.3MB
 c437c96e116d Downloading 201.3MB
 c437c96e116d Downloading 201.3MB
 c437c96e116d Downloading 201.3MB
 c437c96e116d Downloading 201.3MB
 c437c96e116d Downloading 201.3MB
 c437c96e116d Downloading 201.3MB
 c437c96e116d Downloading 201.3MB
 c437c96e116d Downloading 201.3MB
 c437c96e116d Downloading 202.4MB
 c437c96e116d Downloading 202.4MB
 c437c96e116d Downloading 202.4MB
 c437c96e116d Downloading 202.4MB
 c437c96e116d Downloading 202.4MB
 c437c96e116d Downloading 202.4MB
 c437c96e116d Downloading 202.4MB
 c437c96e116d Downloading 202.4MB
 c437c96e116d Downloading 202.4MB
 c437c96e116d Downloading 202.4MB
 c437c96e116d Downloading 202.4MB
 c437c96e116d Downloading 202.4MB
 c437c96e116d Downloading 203.4MB
 c437c96e116d Downloading 203.4MB
 c437c96e116d Downloading 203.4MB
 c437c96e116d Downloading 203.4MB
 c437c96e116d Downloading 203.4MB
 c437c96e116d Downloading 203.4MB
 c437c96e116d Downloading 203.4MB
 c437c96e116d Downloading 203.4MB
 c437c96e116d Downloading 203.4MB
 c437c96e116d Downloading 203.4MB
 c437c96e116d Downloading 203.4MB
 c437c96e116d Downloading 203.4MB
 c437c96e116d Downloading 203.4MB
 c437c96e116d Downloading 203.4MB
 c437c96e116d Downloading 203.4MB
 c437c96e116d Downloading 203.4MB
 c437c96e116d Downloading 203.4MB
 c437c96e116d Downloading 203.4MB
 c437c96e116d Downloading 203.4MB
 c437c96e116d Downloading 204.5MB
 c437c96e116d Downloading 204.5MB
 c437c96e116d Downloading 204.5MB
 c437c96e116d Downloading 204.5MB
 c437c96e116d Downloading 204.5MB
 c437c96e116d Downloading 204.5MB
 c437c96e116d Downloading 204.5MB
 c437c96e116d Downloading 204.5MB
 c437c96e116d Downloading 204.5MB
 c437c96e116d Downloading 205.5MB
 c437c96e116d Downloading 205.5MB
 c437c96e116d Downloading 205.5MB
 c437c96e116d Downloading 205.5MB
 c437c96e116d Downloading 205.5MB
 c437c96e116d Downloading 205.5MB
 c437c96e116d Downloading 205.5MB
 c437c96e116d Downloading 205.5MB
 c437c96e116d Downloading 205.5MB
 c437c96e116d Downloading 206.6MB
 c437c96e116d Downloading 206.6MB
 c437c96e116d Downloading 206.6MB
 c437c96e116d Downloading 206.6MB
 c437c96e116d Downloading 206.6MB
 c437c96e116d Downloading 206.6MB
 c437c96e116d Downloading 206.6MB
 c437c96e116d Downloading 206.6MB
 c437c96e116d Downloading 206.6MB
 c437c96e116d Downloading 207.6MB
 c437c96e116d Downloading 207.6MB
 c437c96e116d Downloading 207.6MB
 c437c96e116d Downloading 207.6MB
 c437c96e116d Downloading 207.6MB
 c437c96e116d Downloading 207.6MB
 c437c96e116d Downloading 207.6MB
 c437c96e116d Downloading 207.6MB
 c437c96e116d Downloading 207.6MB
 c437c96e116d Downloading 208.7MB
 c437c96e116d Downloading 208.7MB
 c437c96e116d Downloading 208.7MB
 c437c96e116d Downloading 208.7MB
 c437c96e116d Downloading 208.7MB
 c437c96e116d Downloading 208.7MB
 c437c96e116d Downloading 208.7MB
 c437c96e116d Downloading 209.7MB
 c437c96e116d Downloading 209.7MB
 c437c96e116d Downloading 209.7MB
 c437c96e116d Downloading 209.7MB
 c437c96e116d Downloading 209.7MB
 c437c96e116d Downloading 209.7MB
 c437c96e116d Downloading 209.7MB
 c437c96e116d Downloading 209.7MB
 c437c96e116d Downloading 209.7MB
 c437c96e116d Downloading 209.7MB
 c437c96e116d Downloading 209.7MB
 c437c96e116d Downloading 209.7MB
 c437c96e116d Downloading 210.8MB
 c437c96e116d Downloading 210.8MB
 c437c96e116d Downloading 210.8MB
 c437c96e116d Downloading 210.8MB
 c437c96e116d Downloading 210.8MB
 c437c96e116d Downloading 210.8MB
 c437c96e116d Downloading 210.8MB
 c437c96e116d Downloading 211.8MB
 c437c96e116d Downloading 211.8MB
 c437c96e116d Downloading 211.8MB
 c437c96e116d Downloading 211.8MB
 c437c96e116d Downloading 211.8MB
 c437c96e116d Downloading 211.8MB
 c437c96e116d Downloading 211.8MB
 c437c96e116d Downloading 211.8MB
 c437c96e116d Downloading 211.8MB
 c437c96e116d Downloading 211.8MB
 c437c96e116d Downloading 211.8MB
 c437c96e116d Downloading 212.9MB
 c437c96e116d Downloading 212.9MB
 c437c96e116d Downloading 212.9MB
 c437c96e116d Downloading 212.9MB
 c437c96e116d Downloading 212.9MB
 c437c96e116d Downloading 212.9MB
 c437c96e116d Downloading 212.9MB
 c437c96e116d Downloading 212.9MB
 c437c96e116d Downloading 212.9MB
 c437c96e116d Downloading 213.9MB
 c437c96e116d Downloading 213.9MB
 c437c96e116d Downloading 213.9MB
 c437c96e116d Downloading 213.9MB
 c437c96e116d Downloading 213.9MB
 c437c96e116d Downloading 213.9MB
 c437c96e116d Downloading 213.9MB
 c437c96e116d Downloading 213.9MB
 c437c96e116d Downloading 213.9MB
 c437c96e116d Downloading 213.9MB
 c437c96e116d Downloading 213.9MB
 c437c96e116d Downloading 213.9MB
 c437c96e116d Downloading 213.9MB
 c437c96e116d Downloading 215MB
 c437c96e116d Downloading 215MB
 c437c96e116d Downloading 215MB
 c437c96e116d Downloading 215MB
 c437c96e116d Downloading 215MB
 c437c96e116d Downloading 215MB
 c437c96e116d Downloading 215MB
 c437c96e116d Downloading 215MB
 c437c96e116d Downloading 216MB
 c437c96e116d Downloading 216MB
 c437c96e116d Downloading 216MB
 c437c96e116d Downloading 216MB
 c437c96e116d Downloading 216MB
 c437c96e116d Downloading 216MB
 c437c96e116d Downloading 216MB
 c437c96e116d Downloading 216MB
 c437c96e116d Downloading 217.1MB
 c437c96e116d Downloading 217.1MB
 c437c96e116d Downloading 217.1MB
 c437c96e116d Downloading 217.1MB
 c437c96e116d Downloading 217.1MB
 c437c96e116d Downloading 217.1MB
 c437c96e116d Downloading 217.1MB
 c437c96e116d Downloading 217.1MB
 c437c96e116d Downloading 217.1MB
 c437c96e116d Downloading 217.1MB
 c437c96e116d Downloading 217.1MB
 c437c96e116d Downloading 217.1MB
 c437c96e116d Downloading 218.1MB
 c437c96e116d Downloading 218.1MB
 c437c96e116d Downloading 218.1MB
 c437c96e116d Downloading 218.1MB
 c437c96e116d Downloading 218.1MB
 c437c96e116d Downloading 218.1MB
 c437c96e116d Downloading 218.1MB
 c437c96e116d Downloading 218.1MB
 c437c96e116d Downloading 218.1MB
 c437c96e116d Downloading 218.1MB
 c437c96e116d Downloading 218.1MB
 c437c96e116d Downloading 218.1MB
 c437c96e116d Downloading 218.1MB
 c437c96e116d Downloading 218.1MB
 c437c96e116d Downloading 218.1MB
 c437c96e116d Downloading 218.1MB
 c437c96e116d Downloading 219.2MB
 c437c96e116d Downloading 219.2MB
 c437c96e116d Downloading 219.2MB
 c437c96e116d Downloading 219.2MB
 c437c96e116d Downloading 219.2MB
 c437c96e116d Downloading 219.2MB
 c437c96e116d Downloading 219.2MB
 c437c96e116d Downloading 220.2MB
 c437c96e116d Downloading 220.2MB
 c437c96e116d Downloading 220.2MB
 c437c96e116d Downloading 220.2MB
 c437c96e116d Downloading 220.2MB
 c437c96e116d Downloading 220.2MB
 c437c96e116d Downloading 220.2MB
 c437c96e116d Downloading 220.2MB
 c437c96e116d Downloading 220.2MB
 c437c96e116d Downloading 220.2MB
 c437c96e116d Downloading 220.2MB
 c437c96e116d Downloading 220.2MB
 c437c96e116d Downloading 220.2MB
 c437c96e116d Downloading 220.2MB
 c437c96e116d Downloading 220.2MB
 c437c96e116d Downloading 220.2MB
 c437c96e116d Downloading 220.2MB
 c437c96e116d Downloading 221.2MB
 c437c96e116d Downloading 221.2MB
 c437c96e116d Downloading 221.2MB
 c437c96e116d Downloading 221.2MB
 c437c96e116d Downloading 221.2MB
 c437c96e116d Downloading 221.2MB
 c437c96e116d Downloading 221.2MB
 c437c96e116d Downloading 221.2MB
 c437c96e116d Downloading 221.2MB
 c437c96e116d Downloading 221.2MB
 c437c96e116d Downloading 222.3MB
 c437c96e116d Downloading 222.3MB
 c437c96e116d Downloading 222.3MB
 c437c96e116d Downloading 222.9MB
 c437c96e116d Download complete 0B
 c437c96e116d Extracting 1B
 c437c96e116d Extracting 1B
 c437c96e116d Extracting 1B
 c437c96e116d Extracting 1B
 c437c96e116d Extracting 2B
 c437c96e116d Extracting 2B
 c437c96e116d Extracting 2B
 c437c96e116d Extracting 2B
 c437c96e116d Extracting 2B
 c437c96e116d Extracting 3B
 c437c96e116d Extracting 3B
 c437c96e116d Extracting 3B
 c437c96e116d Extracting 3B
 c437c96e116d Extracting 3B
 c437c96e116d Extracting 3B
 c437c96e116d Extracting 3B
 c437c96e116d Extracting 4B
 c437c96e116d Extracting 4B
 c437c96e116d Extracting 4B
 c437c96e116d Extracting 4B
 c437c96e116d Extracting 4B
 c437c96e116d Extracting 4B
 c437c96e116d Extracting 4B
 c437c96e116d Extracting 5B
 c437c96e116d Extracting 5B
 c437c96e116d Extracting 5B
 c437c96e116d Extracting 5B
 c437c96e116d Extracting 5B
 c437c96e116d Extracting 5B
 c437c96e116d Extracting 6B
 c437c96e116d Extracting 6B
 c437c96e116d Extracting 6B
 c437c96e116d Extracting 6B
 c437c96e116d Extracting 7B
 c437c96e116d Extracting 7B
 c437c96e116d Extracting 7B
 c437c96e116d Extracting 8B
 c437c96e116d Extracting 8B
 c437c96e116d Extracting 8B
 c437c96e116d Extracting 8B
 c437c96e116d Extracting 8B
 c437c96e116d Extracting 8B
 c437c96e116d Extracting 9B
 c437c96e116d Extracting 9B
 c437c96e116d Extracting 9B
 c437c96e116d Extracting 9B
 c437c96e116d Extracting 9B
 c437c96e116d Extracting 10B
 c437c96e116d Extracting 10B
 c437c96e116d Extracting 10B
 c437c96e116d Extracting 10B
 c437c96e116d Extracting 10B
 c437c96e116d Extracting 11B
 c437c96e116d Extracting 11B
 c437c96e116d Extracting 11B
 c437c96e116d Extracting 11B
 c437c96e116d Extracting 12B
 c437c96e116d Extracting 12B
 c437c96e116d Extracting 12B
 c437c96e116d Extracting 12B
 c437c96e116d Extracting 12B
 c437c96e116d Extracting 12B
 c437c96e116d Extracting 12B
 c437c96e116d Extracting 13B
 c437c96e116d Extracting 13B
 c437c96e116d Extracting 13B
 c437c96e116d Extracting 13B
 c437c96e116d Extracting 13B
 c437c96e116d Extracting 13B
 c437c96e116d Extracting 13B
 c437c96e116d Extracting 13B
 c437c96e116d Extracting 14B
 c437c96e116d Extracting 14B
 c437c96e116d Extracting 14B
 c437c96e116d Extracting 14B
 c437c96e116d Extracting 14B
 c437c96e116d Extracting 14B
 c437c96e116d Extracting 15B
 c437c96e116d Extracting 15B
 c437c96e116d Extracting 15B
 c437c96e116d Extracting 15B
 c437c96e116d Extracting 15B
 c437c96e116d Extracting 15B
 c437c96e116d Extracting 16B
 c437c96e116d Extracting 16B
 c437c96e116d Extracting 16B
 c437c96e116d Extracting 16B
 c437c96e116d Extracting 16B
 c437c96e116d Extracting 16B
 c437c96e116d Extracting 17B
 c437c96e116d Extracting 17B
 c437c96e116d Extracting 17B
 c437c96e116d Extracting 17B
 c437c96e116d Extracting 17B
 c437c96e116d Extracting 17B
 c437c96e116d Extracting 17B
 c437c96e116d Extracting 18B
 c437c96e116d Extracting 18B
 c437c96e116d Extracting 18B
 c437c96e116d Extracting 18B
 c437c96e116d Extracting 18B
 c437c96e116d Extracting 18B
 c437c96e116d Extracting 19B
 c437c96e116d Extracting 19B
 c437c96e116d Extracting 19B
 c437c96e116d Extracting 19B
 c437c96e116d Extracting 19B
 c437c96e116d Extracting 19B
 c437c96e116d Extracting 20B
 c437c96e116d Extracting 20B
 c437c96e116d Extracting 20B
 c437c96e116d Extracting 20B
 c437c96e116d Extracting 20B
 c437c96e116d Extracting 20B
 c437c96e116d Extracting 21B
 c437c96e116d Extracting 21B
 c437c96e116d Extracting 21B
 c437c96e116d Extracting 21B
 c437c96e116d Extracting 22B
 c437c96e116d Extracting 22B
 c437c96e116d Extracting 22B
 c437c96e116d Extracting 22B
 c437c96e116d Extracting 22B
 c437c96e116d Extracting 23B
 c437c96e116d Extracting 23B
 c437c96e116d Extracting 23B
 c437c96e116d Extracting 23B
 c437c96e116d Extracting 23B
 c437c96e116d Extracting 24B
 c437c96e116d Extracting 24B
 c437c96e116d Extracting 24B
 c437c96e116d Extracting 24B
 c437c96e116d Extracting 24B
 c437c96e116d Extracting 25B
 c437c96e116d Extracting 25B
 c437c96e116d Extracting 25B
 c437c96e116d Extracting 25B
 c437c96e116d Extracting 25B
 c437c96e116d Extracting 25B
 c437c96e116d Extracting 25B
 c437c96e116d Extracting 26B
 c437c96e116d Extracting 26B
 c437c96e116d Extracting 26B
 c437c96e116d Extracting 26B
 c437c96e116d Extracting 26B
 c437c96e116d Extracting 26B
 c437c96e116d Extracting 26B
 c437c96e116d Extracting 26B
 c437c96e116d Extracting 27B
 c437c96e116d Extracting 27B
 c437c96e116d Extracting 27B
 c437c96e116d Extracting 27B
 c437c96e116d Extracting 27B
 c437c96e116d Extracting 27B
 c437c96e116d Extracting 27B
 c437c96e116d Extracting 27B
 c437c96e116d Extracting 28B
 c437c96e116d Extracting 28B
 c437c96e116d Extracting 28B
 c437c96e116d Extracting 28B
 c437c96e116d Extracting 28B
 c437c96e116d Extracting 28B
 c437c96e116d Extracting 28B
 c437c96e116d Extracting 28B
 c437c96e116d Extracting 29B
 c437c96e116d Extracting 29B
 c437c96e116d Extracting 29B
 c437c96e116d Extracting 29B
 c437c96e116d Extracting 29B
 c437c96e116d Extracting 29B
 c437c96e116d Extracting 30B
 c437c96e116d Extracting 30B
 c437c96e116d Extracting 30B
 c437c96e116d Extracting 30B
 c437c96e116d Extracting 30B
 c437c96e116d Extracting 30B
 c437c96e116d Extracting 30B
 c437c96e116d Extracting 31B
 c437c96e116d Extracting 31B
 c437c96e116d Extracting 31B
 c437c96e116d Extracting 31B
 c437c96e116d Extracting 31B
 c437c96e116d Extracting 32B
 c437c96e116d Extracting 32B
 c437c96e116d Extracting 32B
 c437c96e116d Extracting 32B
 c437c96e116d Extracting 32B
 c437c96e116d Extracting 32B
 c437c96e116d Extracting 32B
 c437c96e116d Extracting 33B
 c437c96e116d Extracting 33B
 c437c96e116d Extracting 33B
 c437c96e116d Extracting 33B
 c437c96e116d Extracting 33B
 c437c96e116d Extracting 33B
 c437c96e116d Extracting 33B
 c437c96e116d Extracting 33B
 c437c96e116d Extracting 34B
 c437c96e116d Extracting 34B
 c437c96e116d Extracting 34B
 c437c96e116d Extracting 34B
 c437c96e116d Extracting 34B
 c437c96e116d Extracting 34B
 c437c96e116d Extracting 34B
 c437c96e116d Extracting 34B
 c437c96e116d Extracting 35B
 c437c96e116d Extracting 35B
 c437c96e116d Extracting 35B
 c437c96e116d Extracting 35B
 c437c96e116d Extracting 35B
 c437c96e116d Extracting 35B
 c437c96e116d Extracting 35B
 c437c96e116d Extracting 35B
 c437c96e116d Extracting 35B
 c437c96e116d Extracting 36B
 c437c96e116d Extracting 36B
 c437c96e116d Extracting 36B
 c437c96e116d Extracting 36B
 c437c96e116d Extracting 36B
 c437c96e116d Extracting 37B
 c437c96e116d Extracting 37B
 c437c96e116d Extracting 37B
 c437c96e116d Extracting 37B
 c437c96e116d Extracting 37B
 c437c96e116d Extracting 38B
 c437c96e116d Extracting 38B
 c437c96e116d Extracting 38B
 c437c96e116d Extracting 38B
 c437c96e116d Extracting 38B
 c437c96e116d Extracting 39B
 c437c96e116d Extracting 39B
 c437c96e116d Extracting 39B
 c437c96e116d Extracting 39B
 c437c96e116d Extracting 39B
 c437c96e116d Extracting 40B
 c437c96e116d Extracting 40B
 c437c96e116d Extracting 40B
 c437c96e116d Extracting 40B
 c437c96e116d Extracting 40B
 c437c96e116d Extracting 40B
 c437c96e116d Extracting 40B
 c437c96e116d Extracting 40B
 c437c96e116d Extracting 41B
 c437c96e116d Extracting 41B
 c437c96e116d Extracting 41B
 c437c96e116d Extracting 41B
 c437c96e116d Extracting 41B
 c437c96e116d Extracting 41B
 c437c96e116d Extracting 41B
 c437c96e116d Extracting 41B
 c437c96e116d Extracting 41B
 c437c96e116d Extracting 41B
 c437c96e116d Extracting 42B
 c437c96e116d Extracting 42B
 c437c96e116d Extracting 42B
 c437c96e116d Extracting 42B
 c437c96e116d Extracting 42B
 c437c96e116d Extracting 42B
 c437c96e116d Extracting 42B
 c437c96e116d Extracting 42B
 c437c96e116d Extracting 42B
 c437c96e116d Extracting 43B
 c437c96e116d Extracting 43B
 c437c96e116d Extracting 43B
 c437c96e116d Extracting 43B
 c437c96e116d Extracting 43B
 c437c96e116d Extracting 43B
 c437c96e116d Extracting 44B
 c437c96e116d Extracting 44B
 c437c96e116d Extracting 44B
 c437c96e116d Extracting 44B
 c437c96e116d Extracting 44B
 c437c96e116d Extracting 44B
 c437c96e116d Extracting 44B
 c437c96e116d Extracting 45B
 c437c96e116d Extracting 45B
 c437c96e116d Extracting 45B
 c437c96e116d Extracting 45B
 c437c96e116d Extracting 45B
 c437c96e116d Extracting 45B
 c437c96e116d Extracting 45B
 c437c96e116d Extracting 45B
 c437c96e116d Extracting 46B
 c437c96e116d Extracting 46B
 c437c96e116d Extracting 46B
 c437c96e116d Extracting 46B
 c437c96e116d Extracting 46B
 c437c96e116d Extracting 46B
 c437c96e116d Extracting 46B
 c437c96e116d Extracting 47B
 c437c96e116d Extracting 47B
 c437c96e116d Extracting 47B
 c437c96e116d Extracting 47B
 c437c96e116d Extracting 47B
 c437c96e116d Extracting 47B
 c437c96e116d Extracting 47B
 c437c96e116d Extracting 48B
 c437c96e116d Extracting 48B
 c437c96e116d Extracting 48B
 c437c96e116d Extracting 48B
 c437c96e116d Extracting 48B
 c437c96e116d Extracting 48B
 c437c96e116d Extracting 48B
 c437c96e116d Extracting 49B
 c437c96e116d Extracting 49B
 c437c96e116d Extracting 49B
 c437c96e116d Extracting 49B
 c437c96e116d Extracting 49B
 c437c96e116d Extracting 49B
 c437c96e116d Extracting 50B
 c437c96e116d Extracting 50B
 c437c96e116d Extracting 50B
 c437c96e116d Extracting 50B
 c437c96e116d Extracting 50B
 c437c96e116d Extracting 50B
 c437c96e116d Extracting 51B
 c437c96e116d Extracting 51B
 c437c96e116d Extracting 51B
 c437c96e116d Extracting 51B
 c437c96e116d Extracting 51B
 c437c96e116d Extracting 51B
 c437c96e116d Extracting 52B
 c437c96e116d Extracting 52B
 c437c96e116d Extracting 52B
 c437c96e116d Extracting 52B
 c437c96e116d Extracting 52B
 c437c96e116d Extracting 53B
 c437c96e116d Extracting 53B
 c437c96e116d Extracting 53B
 c437c96e116d Extracting 53B
 c437c96e116d Extracting 53B
 c437c96e116d Extracting 53B
 c437c96e116d Extracting 54B
 c437c96e116d Extracting 54B
 c437c96e116d Extracting 54B
 c437c96e116d Extracting 54B
 c437c96e116d Extracting 54B
 c437c96e116d Extracting 54B
 c437c96e116d Extracting 54B
 c437c96e116d Extracting 55B
 c437c96e116d Extracting 55B
 c437c96e116d Extracting 55B
 c437c96e116d Extracting 55B
 c437c96e116d Extracting 55B
 c437c96e116d Extracting 55B
 c437c96e116d Extracting 55B
 c437c96e116d Extracting 55B
 c437c96e116d Extracting 56B
 c437c96e116d Extracting 56B
 c437c96e116d Extracting 56B
 c437c96e116d Extracting 56B
 c437c96e116d Extracting 56B
 c437c96e116d Extracting 57B
 c437c96e116d Extracting 57B
 c437c96e116d Extracting 57B
 c437c96e116d Extracting 57B
 c437c96e116d Extracting 57B
 c437c96e116d Extracting 58B
 c437c96e116d Extracting 58B
 c437c96e116d Extracting 58B
 c437c96e116d Extracting 58B
 c437c96e116d Extracting 58B
 c437c96e116d Extracting 58B
 c437c96e116d Extracting 59B
 c437c96e116d Extracting 59B
 c437c96e116d Extracting 59B
 c437c96e116d Extracting 59B
 c437c96e116d Extracting 59B
 c437c96e116d Extracting 59B
 c437c96e116d Extracting 59B
 c437c96e116d Extracting 60B
 c437c96e116d Extracting 60B
 c437c96e116d Extracting 60B
 c437c96e116d Extracting 60B
 c437c96e116d Extracting 60B
 c437c96e116d Extracting 61B
 c437c96e116d Extracting 61B
 c437c96e116d Extracting 61B
 c437c96e116d Extracting 61B
 c437c96e116d Extracting 61B
 c437c96e116d Extracting 62B
 c437c96e116d Extracting 62B
 c437c96e116d Extracting 62B
 c437c96e116d Extracting 62B
 c437c96e116d Extracting 62B
 c437c96e116d Extracting 62B
 c437c96e116d Extracting 63B
 c437c96e116d Extracting 63B
 c437c96e116d Extracting 63B
 c437c96e116d Extracting 63B
 c437c96e116d Extracting 63B
 c437c96e116d Extracting 63B
 c437c96e116d Extracting 63B
 c437c96e116d Extracting 63B
 c437c96e116d Extracting 64B
 c437c96e116d Extracting 64B
 c437c96e116d Extracting 64B
 c437c96e116d Extracting 64B
 c437c96e116d Extracting 64B
 c437c96e116d Extracting 64B
 c437c96e116d Extracting 65B
 c437c96e116d Extracting 65B
 c437c96e116d Extracting 65B
 c437c96e116d Extracting 65B
 c437c96e116d Extracting 65B
 c437c96e116d Extracting 65B
 c437c96e116d Extracting 65B
 c437c96e116d Extracting 66B
 c437c96e116d Extracting 66B
 c437c96e116d Extracting 66B
 c437c96e116d Extracting 66B
 c437c96e116d Extracting 66B
 c437c96e116d Extracting 67B
 c437c96e116d Extracting 67B
 c437c96e116d Extracting 67B
 c437c96e116d Extracting 67B
 c437c96e116d Extracting 67B
 c437c96e116d Extracting 68B
 c437c96e116d Extracting 68B
 c437c96e116d Extracting 68B
 c437c96e116d Extracting 68B
 c437c96e116d Extracting 68B
 c437c96e116d Extracting 69B
 c437c96e116d Extracting 69B
 c437c96e116d Extracting 69B
 c437c96e116d Extracting 69B
 c437c96e116d Extracting 69B
 c437c96e116d Extracting 69B
 c437c96e116d Extracting 69B
 c437c96e116d Extracting 69B
 c437c96e116d Extracting 70B
 c437c96e116d Extracting 70B
 c437c96e116d Extracting 70B
 c437c96e116d Extracting 70B
 c437c96e116d Extracting 70B
 c437c96e116d Extracting 70B
 c437c96e116d Extracting 70B
 c437c96e116d Extracting 71B
 c437c96e116d Extracting 71B
 c437c96e116d Extracting 71B
 c437c96e116d Extracting 71B
 c437c96e116d Extracting 71B
 c437c96e116d Extracting 71B
 c437c96e116d Extracting 72B
 c437c96e116d Extracting 72B
 c437c96e116d Extracting 72B
 c437c96e116d Extracting 72B
 c437c96e116d Extracting 72B
 c437c96e116d Extracting 72B
 c437c96e116d Extracting 72B
 c437c96e116d Extracting 72B
 c437c96e116d Extracting 73B
 c437c96e116d Extracting 73B
 c437c96e116d Extracting 73B
 c437c96e116d Extracting 73B
 c437c96e116d Extracting 73B
 c437c96e116d Extracting 73B
 c437c96e116d Extracting 73B
 c437c96e116d Extracting 74B
 c437c96e116d Extracting 74B
 c437c96e116d Extracting 74B
 c437c96e116d Extracting 74B
 c437c96e116d Extracting 74B
 c437c96e116d Extracting 74B
 c437c96e116d Extracting 74B
 c437c96e116d Extracting 74B
 c437c96e116d Extracting 75B
 c437c96e116d Extracting 75B
 c437c96e116d Extracting 75B
 c437c96e116d Extracting 75B
 c437c96e116d Extracting 75B
 c437c96e116d Extracting 75B
 c437c96e116d Extracting 75B
 c437c96e116d Extracting 76B
 c437c96e116d Extracting 76B
 c437c96e116d Extracting 76B
 c437c96e116d Extracting 76B
 c437c96e116d Extracting 76B
 c437c96e116d Extracting 76B
 c437c96e116d Extracting 76B
 c437c96e116d Extracting 76B
 c437c96e116d Extracting 77B
 c437c96e116d Extracting 77B
 c437c96e116d Extracting 77B
 c437c96e116d Extracting 77B
 c437c96e116d Extracting 77B
 c437c96e116d Extracting 77B
 c437c96e116d Extracting 77B
 c437c96e116d Extracting 77B
 c437c96e116d Extracting 78B
 c437c96e116d Extracting 78B
 c437c96e116d Extracting 78B
 c437c96e116d Extracting 78B
 c437c96e116d Extracting 78B
 c437c96e116d Extracting 78B
 c437c96e116d Extracting 78B
 c437c96e116d Extracting 78B
 c437c96e116d Extracting 79B
 c437c96e116d Extracting 79B
 c437c96e116d Extracting 79B
 c437c96e116d Extracting 79B
 c437c96e116d Extracting 79B
 c437c96e116d Extracting 79B
 c437c96e116d Extracting 79B
 c437c96e116d Extracting 79B
 c437c96e116d Extracting 80B
 c437c96e116d Extracting 80B
 c437c96e116d Extracting 80B
 c437c96e116d Extracting 80B
 c437c96e116d Extracting 80B
 c437c96e116d Extracting 80B
 c437c96e116d Extracting 80B
 c437c96e116d Extracting 81B
 c437c96e116d Extracting 81B
 c437c96e116d Extracting 81B
 c437c96e116d Extracting 81B
 c437c96e116d Extracting 81B
 c437c96e116d Extracting 82B
 c437c96e116d Extracting 82B
 c437c96e116d Extracting 82B
 c437c96e116d Extracting 82B
 c437c96e116d Extracting 82B
 c437c96e116d Extracting 83B
 c437c96e116d Extracting 83B
 c437c96e116d Extracting 83B
 c437c96e116d Extracting 83B
 c437c96e116d Extracting 83B
 c437c96e116d Extracting 83B
 c437c96e116d Extracting 83B
 c437c96e116d Extracting 83B
 c437c96e116d Extracting 83B
 c437c96e116d Extracting 84B
 c437c96e116d Extracting 84B
 c437c96e116d Extracting 84B
 c437c96e116d Extracting 84B
 c437c96e116d Extracting 84B
 c437c96e116d Extracting 84B
 c437c96e116d Extracting 84B
 c437c96e116d Extracting 85B
 c437c96e116d Extracting 85B
 c437c96e116d Extracting 85B
 c437c96e116d Extracting 85B
 c437c96e116d Extracting 85B
 c437c96e116d Extracting 85B
 c437c96e116d Extracting 85B
 c437c96e116d Extracting 85B
 c437c96e116d Extracting 85B
 c437c96e116d Extracting 86B
 c437c96e116d Extracting 86B
 c437c96e116d Extracting 86B
 c437c96e116d Extracting 86B
 c437c96e116d Extracting 86B
 c437c96e116d Extracting 86B
 c437c96e116d Extracting 87B
 c437c96e116d Extracting 87B
 c437c96e116d Extracting 87B
 c437c96e116d Extracting 87B
 c437c96e116d Extracting 87B
 c437c96e116d Extracting 87B
 c437c96e116d Extracting 87B
 c437c96e116d Extracting 88B
 c437c96e116d Extracting 88B
 c437c96e116d Extracting 88B
 c437c96e116d Extracting 88B
 c437c96e116d Extracting 88B
 c437c96e116d Extracting 88B
 c437c96e116d Extracting 88B
 c437c96e116d Extracting 89B
 c437c96e116d Extracting 89B
 c437c96e116d Extracting 89B
 c437c96e116d Extracting 89B
 c437c96e116d Extracting 89B
 c437c96e116d Extracting 89B
 c437c96e116d Extracting 89B
 c437c96e116d Extracting 89B
 c437c96e116d Extracting 90B
 c437c96e116d Extracting 90B
 c437c96e116d Extracting 90B
 c437c96e116d Extracting 90B
 c437c96e116d Extracting 90B
 c437c96e116d Extracting 90B
 c437c96e116d Extracting 90B
 c437c96e116d Extracting 90B
 c437c96e116d Extracting 91B
 c437c96e116d Extracting 91B
 c437c96e116d Extracting 91B
 c437c96e116d Extracting 91B
 c437c96e116d Extracting 91B
 c437c96e116d Extracting 91B
 c437c96e116d Extracting 92B
 c437c96e116d Extracting 92B
 c437c96e116d Extracting 92B
 c437c96e116d Extracting 92B
 c437c96e116d Extracting 92B
 c437c96e116d Extracting 92B
 c437c96e116d Extracting 93B
 c437c96e116d Extracting 93B
 c437c96e116d Extracting 93B
 c437c96e116d Extracting 93B
 c437c96e116d Extracting 93B
 c437c96e116d Extracting 93B
 c437c96e116d Extracting 93B
 c437c96e116d Extracting 94B
 c437c96e116d Extracting 94B
 c437c96e116d Extracting 94B
 c437c96e116d Extracting 94B
 c437c96e116d Extracting 94B
 c437c96e116d Extracting 94B
 c437c96e116d Extracting 94B
 c437c96e116d Extracting 95B
 c437c96e116d Extracting 95B
 c437c96e116d Extracting 95B
 c437c96e116d Extracting 95B
 c437c96e116d Extracting 95B
 c437c96e116d Extracting 95B
 c437c96e116d Extracting 95B
 c437c96e116d Extracting 95B
 c437c96e116d Extracting 96B
 c437c96e116d Extracting 96B
 c437c96e116d Extracting 96B
 c437c96e116d Extracting 96B
 c437c96e116d Extracting 96B
 c437c96e116d Extracting 96B
 c437c96e116d Extracting 96B
 c437c96e116d Extracting 97B
 c437c96e116d Extracting 97B
 c437c96e116d Extracting 97B
 c437c96e116d Extracting 97B
 c437c96e116d Extracting 97B
 c437c96e116d Extracting 97B
 c437c96e116d Extracting 98B
 c437c96e116d Extracting 98B
 c437c96e116d Extracting 98B
 c437c96e116d Extracting 98B
 c437c96e116d Extracting 98B
 c437c96e116d Extracting 98B
 c437c96e116d Extracting 98B
 c437c96e116d Extracting 98B
 c437c96e116d Extracting 99B
 c437c96e116d Extracting 99B
 c437c96e116d Extracting 99B
 c437c96e116d Extracting 99B
 c437c96e116d Extracting 99B
 c437c96e116d Extracting 99B
 c437c96e116d Extracting 99B
 c437c96e116d Extracting 100B
 c437c96e116d Extracting 100B
 c437c96e116d Extracting 100B
 c437c96e116d Extracting 100B
 c437c96e116d Extracting 100B
 c437c96e116d Extracting 100B
 c437c96e116d Extracting 100B
 c437c96e116d Extracting 101B
 c437c96e116d Extracting 101B
 c437c96e116d Extracting 101B
 c437c96e116d Extracting 101B
 c437c96e116d Extracting 102B
 c437c96e116d Extracting 102B
 c437c96e116d Extracting 102B
 c437c96e116d Extracting 102B
 c437c96e116d Extracting 102B
 c437c96e116d Extracting 103B
 c437c96e116d Extracting 103B
 c437c96e116d Extracting 103B
 c437c96e116d Extracting 103B
 c437c96e116d Extracting 103B
 c437c96e116d Extracting 103B
 c437c96e116d Extracting 104B
 c437c96e116d Extracting 104B
 c437c96e116d Extracting 104B
 c437c96e116d Extracting 104B
 c437c96e116d Extracting 104B
 c437c96e116d Extracting 104B
 c437c96e116d Extracting 105B
 c437c96e116d Extracting 105B
 c437c96e116d Extracting 105B
 c437c96e116d Extracting 105B
 c437c96e116d Extracting 105B
 c437c96e116d Extracting 105B
 c437c96e116d Extracting 105B
 c437c96e116d Extracting 105B
 c437c96e116d Extracting 106B
 c437c96e116d Extracting 106B
 c437c96e116d Extracting 106B
 c437c96e116d Extracting 106B
 c437c96e116d Extracting 106B
 c437c96e116d Extracting 106B
 c437c96e116d Extracting 106B
 c437c96e116d Extracting 106B
 c437c96e116d Extracting 107B
 c437c96e116d Extracting 107B
 c437c96e116d Extracting 107B
 c437c96e116d Extracting 107B
 c437c96e116d Extracting 107B
 c437c96e116d Extracting 107B
 c437c96e116d Extracting 107B
 c437c96e116d Extracting 107B
 c437c96e116d Extracting 108B
 c437c96e116d Extracting 108B
 c437c96e116d Extracting 108B
 c437c96e116d Extracting 108B
 c437c96e116d Extracting 108B
 c437c96e116d Extracting 108B
 c437c96e116d Extracting 108B
 c437c96e116d Extracting 108B
 c437c96e116d Extracting 108B
 c437c96e116d Extracting 109B
 c437c96e116d Extracting 109B
 c437c96e116d Extracting 109B
 c437c96e116d Extracting 109B
 c437c96e116d Extracting 109B
 c437c96e116d Extracting 109B
 c437c96e116d Extracting 109B
 c437c96e116d Extracting 109B
 c437c96e116d Extracting 110B
 c437c96e116d Extracting 110B
 c437c96e116d Extracting 110B
 c437c96e116d Extracting 110B
 c437c96e116d Extracting 110B
 c437c96e116d Extracting 110B
 c437c96e116d Extracting 110B
 c437c96e116d Extracting 110B
 c437c96e116d Extracting 111B
 c437c96e116d Extracting 111B
 c437c96e116d Extracting 111B
 c437c96e116d Extracting 111B
 c437c96e116d Extracting 111B
 c437c96e116d Extracting 111B
 c437c96e116d Extracting 111B
 c437c96e116d Extracting 112B
 c437c96e116d Extracting 112B
 c437c96e116d Extracting 112B
 c437c96e116d Extracting 112B
 c437c96e116d Extracting 112B
 c437c96e116d Extracting 112B
 c437c96e116d Extracting 112B
 c437c96e116d Extracting 113B
 c437c96e116d Extracting 113B
 c437c96e116d Extracting 113B
 c437c96e116d Extracting 113B
 c437c96e116d Extracting 113B
 c437c96e116d Extracting 113B
 c437c96e116d Extracting 113B
 c437c96e116d Extracting 113B
 c437c96e116d Extracting 114B
 c437c96e116d Extracting 114B
 c437c96e116d Extracting 114B
 c437c96e116d Extracting 114B
 c437c96e116d Extracting 114B
 c437c96e116d Extracting 114B
 c437c96e116d Extracting 114B
 c437c96e116d Extracting 114B
 c437c96e116d Extracting 114B
 c437c96e116d Extracting 115B
 c437c96e116d Extracting 115B
 c437c96e116d Extracting 115B
 c437c96e116d Extracting 115B
 c437c96e116d Extracting 115B
 c437c96e116d Extracting 115B
 c437c96e116d Extracting 115B
 c437c96e116d Extracting 115B
 c437c96e116d Extracting 116B
 c437c96e116d Extracting 116B
 c437c96e116d Extracting 116B
 c437c96e116d Extracting 116B
 c437c96e116d Extracting 116B
 c437c96e116d Extracting 116B
 c437c96e116d Extracting 117B
 c437c96e116d Extracting 117B
 c437c96e116d Extracting 117B
 c437c96e116d Extracting 117B
 c437c96e116d Extracting 117B
 c437c96e116d Extracting 118B
 c437c96e116d Extracting 118B
 c437c96e116d Extracting 118B
 c437c96e116d Extracting 118B
 c437c96e116d Extracting 118B
 c437c96e116d Extracting 118B
 c437c96e116d Extracting 118B
 c437c96e116d Extracting 119B
 c437c96e116d Extracting 119B
 c437c96e116d Extracting 119B
 c437c96e116d Extracting 119B
 c437c96e116d Extracting 119B
 c437c96e116d Extracting 119B
 c437c96e116d Extracting 119B
 c437c96e116d Extracting 119B
 c437c96e116d Extracting 120B
 c437c96e116d Extracting 120B
 c437c96e116d Extracting 120B
 c437c96e116d Extracting 120B
 c437c96e116d Extracting 120B
 c437c96e116d Extracting 120B
 c437c96e116d Extracting 120B
 c437c96e116d Extracting 121B
 c437c96e116d Extracting 121B
 c437c96e116d Extracting 121B
 c437c96e116d Extracting 121B
 c437c96e116d Extracting 121B
 c437c96e116d Extracting 121B
 c437c96e116d Extracting 121B
 c437c96e116d Extracting 122B
 c437c96e116d Extracting 122B
 c437c96e116d Extracting 122B
 c437c96e116d Extracting 122B
 c437c96e116d Extracting 122B
 c437c96e116d Extracting 122B
 c437c96e116d Extracting 122B
 c437c96e116d Extracting 122B
 c437c96e116d Extracting 123B
 c437c96e116d Extracting 123B
 c437c96e116d Extracting 123B
 c437c96e116d Extracting 123B
 c437c96e116d Extracting 123B
 c437c96e116d Extracting 123B
 c437c96e116d Extracting 123B
 c437c96e116d Extracting 123B
 c437c96e116d Extracting 124B
 c437c96e116d Extracting 124B
 c437c96e116d Extracting 124B
 c437c96e116d Extracting 124B
 c437c96e116d Extracting 124B
 c437c96e116d Extracting 124B
 c437c96e116d Extracting 124B
 c437c96e116d Extracting 124B
 c437c96e116d Extracting 125B
 c437c96e116d Extracting 125B
 c437c96e116d Extracting 125B
 c437c96e116d Extracting 125B
 c437c96e116d Extracting 125B
 c437c96e116d Extracting 125B
 c437c96e116d Extracting 125B
 c437c96e116d Extracting 126B
 c437c96e116d Extracting 126B
 c437c96e116d Extracting 126B
 c437c96e116d Extracting 126B
 c437c96e116d Extracting 126B
 c437c96e116d Extracting 126B
 c437c96e116d Extracting 126B
 c437c96e116d Extracting 127B
 c437c96e116d Extracting 127B
 c437c96e116d Extracting 127B
 c437c96e116d Extracting 127B
 c437c96e116d Extracting 127B
 c437c96e116d Extracting 127B
 c437c96e116d Extracting 127B
 c437c96e116d Extracting 127B
 c437c96e116d Extracting 128B
 c437c96e116d Extracting 128B
 c437c96e116d Extracting 128B
 c437c96e116d Extracting 128B
 c437c96e116d Extracting 128B
 c437c96e116d Extracting 128B
 c437c96e116d Extracting 128B
 c437c96e116d Extracting 128B
 c437c96e116d Extracting 129B
 c437c96e116d Extracting 129B
 c437c96e116d Extracting 129B
 c437c96e116d Extracting 129B
 c437c96e116d Extracting 129B
 c437c96e116d Extracting 129B
 c437c96e116d Extracting 129B
 c437c96e116d Extracting 129B
 c437c96e116d Extracting 130B
 c437c96e116d Extracting 130B
 c437c96e116d Extracting 130B
 c437c96e116d Extracting 130B
 c437c96e116d Extracting 130B
 c437c96e116d Extracting 130B
 c437c96e116d Extracting 130B
 c437c96e116d Extracting 130B
 c437c96e116d Extracting 130B
 c437c96e116d Extracting 131B
 c437c96e116d Extracting 131B
 c437c96e116d Extracting 131B
 c437c96e116d Extracting 131B
 c437c96e116d Extracting 131B
 c437c96e116d Extracting 131B
 c437c96e116d Extracting 131B
 c437c96e116d Extracting 132B
 c437c96e116d Extracting 132B
 c437c96e116d Extracting 132B
 c437c96e116d Extracting 132B
 c437c96e116d Extracting 132B
 c437c96e116d Extracting 132B
 c437c96e116d Extracting 133B
 c437c96e116d Extracting 133B
 c437c96e116d Extracting 133B
 c437c96e116d Extracting 133B
 c437c96e116d Extracting 133B
 c437c96e116d Extracting 133B
 c437c96e116d Extracting 133B
 c437c96e116d Extracting 133B
 c437c96e116d Extracting 133B
 c437c96e116d Extracting 134B
 c437c96e116d Extracting 134B
 c437c96e116d Extracting 134B
 c437c96e116d Extracting 134B
 c437c96e116d Extracting 134B
 c437c96e116d Extracting 134B
 c437c96e116d Extracting 134B
 c437c96e116d Pull complete 0B
 ba329dc88746 Extracting 1B
 ba329dc88746 Pull complete 0B
 cc6545d15674 Extracting 1B
 cc6545d15674 Extracting 1B
 cc6545d15674 Extracting 1B
 cc6545d15674 Extracting 1B
 cc6545d15674 Extracting 1B
 cc6545d15674 Pull complete 0B
 03d85b425b1f Extracting 1B
 03d85b425b1f Pull complete 0B
 101067e53c34 Extracting 1B
 101067e53c34 Extracting 1B
 101067e53c34 Pull complete 0B
 9acd69886aea Extracting 1B
 9acd69886aea Extracting 1B
 9acd69886aea Pull complete 0B
 Image clickhouse/clickhouse-server:26.5.1 Pulled 
 Network apex-autonomous_default Creating 
 Network apex-autonomous_default Created 
 Volume apex-autonomous_apex_autonomous_spark_event_logs Creating 
 Volume apex-autonomous_apex_autonomous_spark_event_logs Created 
 Volume apex-autonomous_apex_autonomous_clickhouse_data Creating 
 Volume apex-autonomous_apex_autonomous_clickhouse_data Created 
 Volume apex-autonomous_apex_autonomous_minio_data Creating 
 Volume apex-autonomous_apex_autonomous_minio_data Created 
 Container apex-autonomous-clickhouse Creating 
 Container apex-autonomous-minio Creating 
 Container apex-autonomous-minio Created 
 Container apex-autonomous-minio-init Creating 
 Container apex-autonomous-clickhouse Created 
 Container apex-autonomous-minio-init Created 
 Container apex-autonomous-spark-master Creating 
 Container apex-autonomous-spark-master Created 
 Container apex-autonomous-spark-worker Creating 
 Container apex-autonomous-spark-worker Created 
 Container apex-autonomous-clickhouse Starting 
 Container apex-autonomous-minio Starting 
 Container apex-autonomous-minio Started 
 Container apex-autonomous-minio Waiting 
 Container apex-autonomous-clickhouse Started 
 Container apex-autonomous-minio Healthy 
 Container apex-autonomous-minio-init Starting 
 Container apex-autonomous-minio-init Started 
 Container apex-autonomous-minio-init Waiting 
 Container apex-autonomous-minio-init Exited 
 Container apex-autonomous-spark-master Starting 
 Container apex-autonomous-spark-master Started 
 Container apex-autonomous-spark-worker Starting 
