[info] welcome to sbt 1.10.7 (Eclipse Adoptium Java 17.0.10)
[info] [launcher] getting org.scala-sbt sbt 1.10.7  (this may take some time)...
[info] loading settings for project jar-build from plugins.sbt...
[info] loading project definition from /workspace/jar/project
[info] loading settings for project jar from build.sbt...
[info] set current project to jar (in build file:/workspace/jar/)
[info] AqeTransitionSpec:
Using Spark's default log4j profile: org/apache/spark/log4j2-defaults.properties
26/07/26 05:08:56 INFO SparkContext: Running Spark version 4.1.2
26/07/26 05:08:57 INFO SparkContext: OS info Linux, 6.18.33.2-microsoft-standard-WSL2, amd64
26/07/26 05:08:57 INFO SparkContext: Java version 17.0.10+7
26/07/26 05:09:04 WARN NativeCodeLoader: Unable to load native-hadoop library for your platform... using builtin-java classes where applicable
26/07/26 05:09:05 INFO ResourceUtils: ==============================================================
26/07/26 05:09:05 INFO ResourceUtils: No custom resources configured for spark.driver.
26/07/26 05:09:05 INFO ResourceUtils: ==============================================================
26/07/26 05:09:05 INFO SparkContext: Submitted application: apex-aqe
26/07/26 05:09:07 INFO SecurityManager: Changing view acls to: root
26/07/26 05:09:07 INFO SecurityManager: Changing modify acls to: root
26/07/26 05:09:07 INFO SecurityManager: Changing view acls groups to: root
26/07/26 05:09:07 INFO SecurityManager: Changing modify acls groups to: root
26/07/26 05:09:07 INFO SecurityManager: SecurityManager: authentication disabled; ui acls disabled; users with view permissions: root groups with view permissions: EMPTY; users with modify permissions: root; groups with modify permissions: EMPTY; RPC SSL disabled
26/07/26 05:09:13 INFO Utils: Successfully started service 'sparkDriver' on port 41653.
26/07/26 05:09:13 INFO SparkEnv: Registering MapOutputTracker
26/07/26 05:09:13 INFO SparkEnv: Registering BlockManagerMaster
26/07/26 05:09:13 INFO BlockManagerMasterEndpoint: Using org.apache.spark.storage.DefaultTopologyMapper for getting topology information
26/07/26 05:09:13 INFO BlockManagerMasterEndpoint: BlockManagerMasterEndpoint up
26/07/26 05:09:13 INFO SparkEnv: Registering BlockManagerMasterHeartbeat
26/07/26 05:09:14 INFO DiskBlockManager: Created local directory at /tmp/blockmgr-7cd64b21-26f2-464a-ace7-ec002799003c
26/07/26 05:09:15 INFO SparkEnv: Registering OutputCommitCoordinator
26/07/26 05:09:15 INFO DriverPluginContainer: Initialized driver component for plugin apex.ApexPlugin.
26/07/26 05:09:15 INFO ResourceProfile: Default ResourceProfile created, executor resources: Map(cores -> name: cores, amount: 1, script: , vendor: , memory -> name: memory, amount: 1024, script: , vendor: , offHeap -> name: offHeap, amount: 0, script: , vendor: ), task resources: Map(cpus -> name: cpus, amount: 1.0)
26/07/26 05:09:15 INFO ResourceProfile: Limiting resource is cpu
26/07/26 05:09:15 INFO ResourceProfileManager: Added ResourceProfile id: 0
26/07/26 05:09:16 INFO SecurityManager: Changing view acls to: root
26/07/26 05:09:16 INFO SecurityManager: Changing modify acls to: root
26/07/26 05:09:16 INFO SecurityManager: Changing view acls groups to: root
26/07/26 05:09:16 INFO SecurityManager: Changing modify acls groups to: root
26/07/26 05:09:16 INFO SecurityManager: SecurityManager: authentication disabled; ui acls disabled; users with view permissions: root groups with view permissions: EMPTY; users with modify permissions: root; groups with modify permissions: EMPTY; RPC SSL disabled
26/07/26 05:09:18 INFO Executor: Starting executor ID driver on host ab93cff004a3
26/07/26 05:09:18 INFO Executor: OS info Linux, 6.18.33.2-microsoft-standard-WSL2, amd64
26/07/26 05:09:18 INFO Executor: Java version 17.0.10+7
26/07/26 05:09:18 INFO Executor: Starting executor with user classpath (userClassPathFirst = false): ''
26/07/26 05:09:18 INFO Executor: Created or updated repl class loader org.apache.spark.util.MutableURLClassLoader@79b39e for default.
26/07/26 05:09:19 INFO Utils: Successfully started service 'org.apache.spark.network.netty.NettyBlockTransferService' on port 33083.
26/07/26 05:09:19 INFO NettyBlockTransferService: Server created on ab93cff004a3:33083
26/07/26 05:09:19 INFO BlockManager: Using org.apache.spark.storage.RandomBlockReplicationPolicy for block replication policy
26/07/26 05:09:19 INFO BlockManagerMaster: Registering BlockManager BlockManagerId(driver, ab93cff004a3, 33083, None)
26/07/26 05:09:20 INFO BlockManagerMasterEndpoint: Registering block manager ab93cff004a3:33083 with 1003.2 MiB RAM, BlockManagerId(driver, ab93cff004a3, 33083, None)
26/07/26 05:09:20 INFO BlockManagerMaster: Registered BlockManager BlockManagerId(driver, ab93cff004a3, 33083, None)
26/07/26 05:09:20 INFO BlockManager: Initialized BlockManager: BlockManagerId(driver, ab93cff004a3, 33083, None)
26/07/26 05:09:27 INFO SharedState: Setting hive.metastore.warehouse.dir ('null') to the value of spark.sql.warehouse.dir.
26/07/26 05:09:27 INFO SharedState: Warehouse path is 'file:/workspace/jar/.sbt/matrix/apex_41/spark-warehouse'.
26/07/26 05:11:02 INFO CodeGenerator: Code generated in 5157.835187 ms
26/07/26 05:11:03 INFO CodeGenerator: Code generated in 5165.348856 ms
26/07/26 05:11:04 INFO DAGScheduler: Registering RDD 6 ($anonfun$withThreadLocalCaptured$2 at CompletableFuture.java:1768) as input to shuffle 1
26/07/26 05:11:04 INFO DAGScheduler: Got map stage job 0 ($anonfun$withThreadLocalCaptured$2 at CompletableFuture.java:1768) with 2 output partitions
26/07/26 05:11:04 INFO DAGScheduler: Final stage: ShuffleMapStage 0 ($anonfun$withThreadLocalCaptured$2 at CompletableFuture.java:1768)
26/07/26 05:11:04 INFO DAGScheduler: Parents of final stage: List()
26/07/26 05:11:04 INFO DAGScheduler: Missing parents: List()
26/07/26 05:11:04 INFO DAGScheduler: Missing parents found for ShuffleMapStage 0: List()
26/07/26 05:11:04 INFO DAGScheduler: Submitting ShuffleMapStage 0 (MapPartitionsRDD[6] at $anonfun$withThreadLocalCaptured$2 at CompletableFuture.java:1768), which has no missing parents
26/07/26 05:11:04 INFO MemoryStore: MemoryStore started with capacity 1003.2 MiB
26/07/26 05:11:04 INFO MemoryStore: Block broadcast_0 stored as values in memory (estimated size 14.3 KiB, free 1003.2 MiB)
26/07/26 05:11:05 INFO MemoryStore: Block broadcast_0_piece0 stored as bytes in memory (estimated size 6.9 KiB, free 1003.2 MiB)
26/07/26 05:11:05 INFO SparkContext: Created broadcast 0 from broadcast at DAGScheduler.scala:1686
26/07/26 05:11:05 INFO DAGScheduler: Submitting 2 missing tasks from ShuffleMapStage 0 (MapPartitionsRDD[6] at $anonfun$withThreadLocalCaptured$2 at CompletableFuture.java:1768) (first 15 tasks are for partitions Vector(0, 1))
26/07/26 05:11:05 INFO TaskSchedulerImpl: Adding task set 0.0 with 2 tasks resource profile 0
26/07/26 05:11:05 INFO DAGScheduler: Registering RDD 7 ($anonfun$withThreadLocalCaptured$2 at CompletableFuture.java:1768) as input to shuffle 0
26/07/26 05:11:05 INFO DAGScheduler: Got map stage job 1 ($anonfun$withThreadLocalCaptured$2 at CompletableFuture.java:1768) with 2 output partitions
26/07/26 05:11:05 INFO DAGScheduler: Final stage: ShuffleMapStage 1 ($anonfun$withThreadLocalCaptured$2 at CompletableFuture.java:1768)
26/07/26 05:11:05 INFO DAGScheduler: Parents of final stage: List()
26/07/26 05:11:05 INFO DAGScheduler: Missing parents: List()
26/07/26 05:11:05 INFO DAGScheduler: Missing parents found for ShuffleMapStage 1: List()
26/07/26 05:11:05 INFO DAGScheduler: Submitting ShuffleMapStage 1 (MapPartitionsRDD[7] at $anonfun$withThreadLocalCaptured$2 at CompletableFuture.java:1768), which has no missing parents
26/07/26 05:11:05 INFO MemoryStore: Block broadcast_1 stored as values in memory (estimated size 14.9 KiB, free 1003.2 MiB)
26/07/26 05:11:05 INFO MemoryStore: Block broadcast_1_piece0 stored as bytes in memory (estimated size 7.1 KiB, free 1003.2 MiB)
26/07/26 05:11:05 INFO SparkContext: Created broadcast 1 from broadcast at DAGScheduler.scala:1686
26/07/26 05:11:05 INFO DAGScheduler: Submitting 2 missing tasks from ShuffleMapStage 1 (MapPartitionsRDD[7] at $anonfun$withThreadLocalCaptured$2 at CompletableFuture.java:1768) (first 15 tasks are for partitions Vector(0, 1))
26/07/26 05:11:05 INFO TaskSchedulerImpl: Adding task set 1.0 with 2 tasks resource profile 0
26/07/26 05:11:05 INFO TaskSetManager: Starting task 0.0 in stage 0.0 (TID 0) (ab93cff004a3,executor driver, partition 0, PROCESS_LOCAL, 9971 bytes)
26/07/26 05:11:05 INFO TaskSetManager: Starting task 1.0 in stage 0.0 (TID 1) (ab93cff004a3,executor driver, partition 1, PROCESS_LOCAL, 9971 bytes)
26/07/26 05:11:05 INFO Executor: Starting executor with user classpath (userClassPathFirst = false): ''
26/07/26 05:11:06 INFO Executor: Using REPL class URI: spark://ab93cff004a3:41653/artifacts/7f0fed4d-bf98-4432-81ac-83919ce2b6bb/classes/
26/07/26 05:11:06 INFO Executor: Created or updated repl class loader org.apache.spark.executor.ExecutorClassLoader@390a4d36 for 7f0fed4d-bf98-4432-81ac-83919ce2b6bb.
26/07/26 05:11:06 INFO Executor: Running task 1.0 in stage 0.0 (TID 1)
26/07/26 05:11:06 INFO Executor: Running task 0.0 in stage 0.0 (TID 0)
26/07/26 05:11:08 INFO TransportClientFactory: Successfully created connection to ab93cff004a3/172.17.0.2:41653 after 944 ms (0 ms spent in bootstraps)
26/07/26 05:11:10 INFO CodeGenerator: Code generated in 3466.158349 ms
26/07/26 05:11:11 INFO CodeGenerator: Code generated in 423.456756 ms
26/07/26 05:11:11 INFO SecurityManager: Changing view acls to: root
26/07/26 05:11:11 INFO SecurityManager: Changing modify acls to: root
26/07/26 05:11:11 INFO SecurityManager: Changing view acls groups to: root
26/07/26 05:11:11 INFO SecurityManager: Changing modify acls groups to: root
26/07/26 05:11:11 INFO SecurityManager: SecurityManager: authentication disabled; ui acls disabled; users with view permissions: root groups with view permissions: EMPTY; users with modify permissions: root; groups with modify permissions: EMPTY; RPC SSL disabled
26/07/26 05:11:12 INFO Executor: Finished task 1.0 in stage 0.0 (TID 1). 1897 bytes result sent to driver
26/07/26 05:11:12 INFO Executor: Finished task 0.0 in stage 0.0 (TID 0). 1897 bytes result sent to driver
26/07/26 05:11:12 INFO TaskSetManager: Starting task 0.0 in stage 1.0 (TID 2) (ab93cff004a3,executor driver, partition 0, PROCESS_LOCAL, 9971 bytes)
26/07/26 05:11:12 INFO Executor: Running task 0.0 in stage 1.0 (TID 2)
26/07/26 05:11:12 INFO TaskSetManager: Starting task 1.0 in stage 1.0 (TID 3) (ab93cff004a3,executor driver, partition 1, PROCESS_LOCAL, 9971 bytes)
26/07/26 05:11:12 INFO Executor: Running task 1.0 in stage 1.0 (TID 3)
26/07/26 05:11:12 INFO TaskSetManager: Finished task 1.0 in stage 0.0 (TID 1) in 6460 ms on ab93cff004a3 (executor driver) (1/2)
26/07/26 05:11:12 INFO TaskSetManager: Finished task 0.0 in stage 0.0 (TID 0) in 6558 ms on ab93cff004a3 (executor driver) (2/2)
26/07/26 05:11:12 INFO TaskSchedulerImpl: Removed TaskSet 0.0 whose tasks have all completed, from pool
26/07/26 05:11:12 INFO DAGScheduler: ShuffleMapStage 0 ($anonfun$withThreadLocalCaptured$2 at CompletableFuture.java:1768) finished in 8474 ms
26/07/26 05:11:12 INFO DAGScheduler: looking for newly runnable stages
26/07/26 05:11:12 INFO DAGScheduler: running: HashSet(ShuffleMapStage 1)
26/07/26 05:11:12 INFO DAGScheduler: waiting: HashSet()
26/07/26 05:11:12 INFO DAGScheduler: failed: HashSet()
26/07/26 05:11:12 INFO CodeGenerator: Code generated in 489.249258 ms
26/07/26 05:11:13 INFO Executor: Finished task 0.0 in stage 1.0 (TID 2). 1854 bytes result sent to driver
26/07/26 05:11:13 INFO Executor: Finished task 1.0 in stage 1.0 (TID 3). 1854 bytes result sent to driver
26/07/26 05:11:13 INFO TaskSetManager: Finished task 0.0 in stage 1.0 (TID 2) in 1184 ms on ab93cff004a3 (executor driver) (1/2)
26/07/26 05:11:13 INFO TaskSetManager: Finished task 1.0 in stage 1.0 (TID 3) in 1201 ms on ab93cff004a3 (executor driver) (2/2)
26/07/26 05:11:13 INFO TaskSchedulerImpl: Removed TaskSet 1.0 whose tasks have all completed, from pool
26/07/26 05:11:13 INFO DAGScheduler: ShuffleMapStage 1 ($anonfun$withThreadLocalCaptured$2 at CompletableFuture.java:1768) finished in 7682 ms
26/07/26 05:11:13 INFO DAGScheduler: looking for newly runnable stages
26/07/26 05:11:13 INFO DAGScheduler: running: HashSet()
26/07/26 05:11:13 INFO DAGScheduler: waiting: HashSet()
26/07/26 05:11:13 INFO DAGScheduler: failed: HashSet()
26/07/26 05:11:13 INFO ShufflePartitionsUtil: For shuffle(0, 1, advisory target size: 64, actual target size 1048576, minimum partition size: 1048576
26/07/26 05:11:14 INFO CodeGenerator: Code generated in 486.763471 ms
26/07/26 05:11:15 INFO CodeGenerator: Code generated in 349.443079 ms
26/07/26 05:11:16 INFO CodeGenerator: Code generated in 218.366235 ms
26/07/26 05:11:17 INFO DAGScheduler: Registering RDD 14 ($anonfun$withThreadLocalCaptured$2 at CompletableFuture.java:1768) as input to shuffle 2
26/07/26 05:11:17 INFO DAGScheduler: Got map stage job 2 ($anonfun$withThreadLocalCaptured$2 at CompletableFuture.java:1768) with 4 output partitions
26/07/26 05:11:17 INFO DAGScheduler: Final stage: ShuffleMapStage 4 ($anonfun$withThreadLocalCaptured$2 at CompletableFuture.java:1768)
26/07/26 05:11:17 INFO DAGScheduler: Parents of final stage: List(ShuffleMapStage 2, ShuffleMapStage 3)
26/07/26 05:11:17 INFO DAGScheduler: Missing parents: List()
26/07/26 05:11:17 INFO DAGScheduler: Missing parents found for ShuffleMapStage 4: List()
26/07/26 05:11:17 INFO DAGScheduler: Submitting ShuffleMapStage 4 (MapPartitionsRDD[14] at $anonfun$withThreadLocalCaptured$2 at CompletableFuture.java:1768), which has no missing parents
26/07/26 05:11:17 INFO MemoryStore: Block broadcast_2 stored as values in memory (estimated size 43.1 KiB, free 1003.1 MiB)
26/07/26 05:11:17 INFO MemoryStore: Block broadcast_2_piece0 stored as bytes in memory (estimated size 18.2 KiB, free 1003.1 MiB)
26/07/26 05:11:17 INFO SparkContext: Created broadcast 2 from broadcast at DAGScheduler.scala:1686
26/07/26 05:11:17 INFO DAGScheduler: Submitting 4 missing tasks from ShuffleMapStage 4 (MapPartitionsRDD[14] at $anonfun$withThreadLocalCaptured$2 at CompletableFuture.java:1768) (first 15 tasks are for partitions Vector(0, 1, 2, 3))
26/07/26 05:11:17 INFO TaskSchedulerImpl: Adding task set 4.0 with 4 tasks resource profile 0
26/07/26 05:11:17 INFO TaskSetManager: Starting task 0.0 in stage 4.0 (TID 4) (ab93cff004a3,executor driver, partition 0, NODE_LOCAL, 10334 bytes)
26/07/26 05:11:17 INFO TaskSetManager: Starting task 1.0 in stage 4.0 (TID 5) (ab93cff004a3,executor driver, partition 1, NODE_LOCAL, 10452 bytes)
26/07/26 05:11:17 INFO Executor: Running task 1.0 in stage 4.0 (TID 5)
26/07/26 05:11:17 INFO Executor: Running task 0.0 in stage 4.0 (TID 4)
26/07/26 05:11:17 INFO ShuffleBlockFetcherIterator: Getting 1 (42.2 KiB) non-empty blocks including 1 (42.2 KiB) local and 0 (0.0 B) host-local and 0 (0.0 B) push-merged-local and 0 (0.0 B) remote blocks
26/07/26 05:11:17 INFO ShuffleBlockFetcherIterator: Getting 1 (5.2 KiB) non-empty blocks including 1 (5.2 KiB) local and 0 (0.0 B) host-local and 0 (0.0 B) push-merged-local and 0 (0.0 B) remote blocks
26/07/26 05:11:17 INFO ShuffleBlockFetcherIterator: Started 0 remote fetches in 95 ms
26/07/26 05:11:17 INFO ShuffleBlockFetcherIterator: Started 0 remote fetches in 95 ms
26/07/26 05:11:18 INFO CodeGenerator: Code generated in 482.939801 ms
26/07/26 05:11:19 INFO CodeGenerator: Code generated in 990.034509 ms
26/07/26 05:11:20 INFO CodeGenerator: Code generated in 348.078353 ms
26/07/26 05:11:20 INFO ShuffleBlockFetcherIterator: Getting 2 (438.0 KiB) non-empty blocks including 2 (438.0 KiB) local and 0 (0.0 B) host-local and 0 (0.0 B) push-merged-local and 0 (0.0 B) remote blocks
26/07/26 05:11:20 INFO ShuffleBlockFetcherIterator: Started 0 remote fetches in 2 ms
26/07/26 05:11:20 INFO ShuffleBlockFetcherIterator: Getting 2 (32.6 KiB) non-empty blocks including 2 (32.6 KiB) local and 0 (0.0 B) host-local and 0 (0.0 B) push-merged-local and 0 (0.0 B) remote blocks
26/07/26 05:11:20 INFO ShuffleBlockFetcherIterator: Started 0 remote fetches in 34 ms
26/07/26 05:11:21 INFO CodeGenerator: Code generated in 935.83796 ms
26/07/26 05:11:23 INFO CodeGenerator: Code generated in 1240.307604 ms
26/07/26 05:11:26 INFO Executor: Finished task 0.0 in stage 4.0 (TID 4). 6243 bytes result sent to driver
26/07/26 05:11:26 INFO TaskSetManager: Starting task 2.0 in stage 4.0 (TID 6) (ab93cff004a3,executor driver, partition 2, NODE_LOCAL, 10452 bytes)
26/07/26 05:11:26 INFO TaskSetManager: Finished task 0.0 in stage 4.0 (TID 4) in 9077 ms on ab93cff004a3 (executor driver) (1/4)
26/07/26 05:11:26 INFO Executor: Running task 2.0 in stage 4.0 (TID 6)
26/07/26 05:11:26 INFO Executor: Finished task 1.0 in stage 4.0 (TID 5). 6286 bytes result sent to driver
26/07/26 05:11:26 INFO TaskSetManager: Starting task 3.0 in stage 4.0 (TID 7) (ab93cff004a3,executor driver, partition 3, NODE_LOCAL, 10334 bytes)
26/07/26 05:11:26 INFO Executor: Running task 3.0 in stage 4.0 (TID 7)
26/07/26 05:11:26 INFO TaskSetManager: Finished task 1.0 in stage 4.0 (TID 5) in 9203 ms on ab93cff004a3 (executor driver) (2/4)
26/07/26 05:11:26 INFO ShuffleBlockFetcherIterator: Getting 1 (7.6 KiB) non-empty blocks including 1 (7.6 KiB) local and 0 (0.0 B) host-local and 0 (0.0 B) push-merged-local and 0 (0.0 B) remote blocks
26/07/26 05:11:26 INFO ShuffleBlockFetcherIterator: Started 0 remote fetches in 3 ms
26/07/26 05:11:26 INFO ShuffleBlockFetcherIterator: Getting 2 (32.6 KiB) non-empty blocks including 2 (32.6 KiB) local and 0 (0.0 B) host-local and 0 (0.0 B) push-merged-local and 0 (0.0 B) remote blocks
26/07/26 05:11:26 INFO ShuffleBlockFetcherIterator: Started 0 remote fetches in 47 ms
26/07/26 05:11:26 INFO ShuffleBlockFetcherIterator: Getting 1 (6.4 KiB) non-empty blocks including 1 (6.4 KiB) local and 0 (0.0 B) host-local and 0 (0.0 B) push-merged-local and 0 (0.0 B) remote blocks
26/07/26 05:11:26 INFO ShuffleBlockFetcherIterator: Started 0 remote fetches in 55 ms
26/07/26 05:11:27 INFO ShuffleBlockFetcherIterator: Getting 2 (65.1 KiB) non-empty blocks including 2 (65.1 KiB) local and 0 (0.0 B) host-local and 0 (0.0 B) push-merged-local and 0 (0.0 B) remote blocks
26/07/26 05:11:27 INFO ShuffleBlockFetcherIterator: Started 0 remote fetches in 7 ms
26/07/26 05:11:27 INFO Executor: Finished task 3.0 in stage 4.0 (TID 7). 6243 bytes result sent to driver
26/07/26 05:11:27 INFO TaskSetManager: Finished task 3.0 in stage 4.0 (TID 7) in 653 ms on ab93cff004a3 (executor driver) (3/4)
26/07/26 05:11:27 INFO Executor: Finished task 2.0 in stage 4.0 (TID 6). 6286 bytes result sent to driver
26/07/26 05:11:27 INFO TaskSetManager: Finished task 2.0 in stage 4.0 (TID 6) in 1163 ms on ab93cff004a3 (executor driver) (4/4)
26/07/26 05:11:27 INFO TaskSchedulerImpl: Removed TaskSet 4.0 whose tasks have all completed, from pool
26/07/26 05:11:27 INFO DAGScheduler: ShuffleMapStage 4 ($anonfun$withThreadLocalCaptured$2 at CompletableFuture.java:1768) finished in 10289 ms
26/07/26 05:11:27 INFO DAGScheduler: looking for newly runnable stages
26/07/26 05:11:27 INFO DAGScheduler: running: HashSet()
26/07/26 05:11:27 INFO DAGScheduler: waiting: HashSet()
26/07/26 05:11:27 INFO DAGScheduler: failed: HashSet()
26/07/26 05:11:28 INFO CodeGenerator: Code generated in 273.739061 ms
26/07/26 05:11:28 INFO SparkContext: Starting job: $anonfun$withThreadLocalCaptured$2 at CompletableFuture.java:1768
26/07/26 05:11:28 INFO DAGScheduler: Got job 3 ($anonfun$withThreadLocalCaptured$2 at CompletableFuture.java:1768) with 1 output partitions
26/07/26 05:11:28 INFO DAGScheduler: Final stage: ResultStage 8 ($anonfun$withThreadLocalCaptured$2 at CompletableFuture.java:1768)
26/07/26 05:11:28 INFO DAGScheduler: Parents of final stage: List(ShuffleMapStage 7)
26/07/26 05:11:29 INFO DAGScheduler: Missing parents: List()
26/07/26 05:11:29 INFO DAGScheduler: Missing parents found for ResultStage 8: List()
26/07/26 05:11:29 INFO DAGScheduler: Submitting ResultStage 8 (MapPartitionsRDD[17] at $anonfun$withThreadLocalCaptured$2 at CompletableFuture.java:1768), which has no missing parents
26/07/26 05:11:29 INFO MemoryStore: Block broadcast_3 stored as values in memory (estimated size 13.8 KiB, free 1003.1 MiB)
26/07/26 05:11:29 INFO MemoryStore: Block broadcast_3_piece0 stored as bytes in memory (estimated size 6.6 KiB, free 1003.1 MiB)
26/07/26 05:11:29 INFO SparkContext: Created broadcast 3 from broadcast at DAGScheduler.scala:1686
26/07/26 05:11:29 INFO DAGScheduler: Submitting 1 missing tasks from ResultStage 8 (MapPartitionsRDD[17] at $anonfun$withThreadLocalCaptured$2 at CompletableFuture.java:1768) (first 15 tasks are for partitions Vector(0))
26/07/26 05:11:29 INFO TaskSchedulerImpl: Adding task set 8.0 with 1 tasks resource profile 0
26/07/26 05:11:29 INFO TaskSetManager: Starting task 0.0 in stage 8.0 (TID 8) (ab93cff004a3,executor driver, partition 0, NODE_LOCAL, 9847 bytes)
26/07/26 05:11:29 INFO Executor: Running task 0.0 in stage 8.0 (TID 8)
26/07/26 05:11:29 INFO ShuffleBlockFetcherIterator: Getting 4 (240.0 B) non-empty blocks including 4 (240.0 B) local and 0 (0.0 B) host-local and 0 (0.0 B) push-merged-local and 0 (0.0 B) remote blocks
26/07/26 05:11:29 INFO ShuffleBlockFetcherIterator: Started 0 remote fetches in 8 ms
26/07/26 05:11:30 INFO CodeGenerator: Code generated in 628.305962 ms
26/07/26 05:11:30 INFO Executor: Finished task 0.0 in stage 8.0 (TID 8). 3981 bytes result sent to driver
26/07/26 05:11:30 INFO TaskSetManager: Finished task 0.0 in stage 8.0 (TID 8) in 1337 ms on ab93cff004a3 (executor driver) (1/1)
26/07/26 05:11:30 INFO TaskSchedulerImpl: Removed TaskSet 8.0 whose tasks have all completed, from pool
26/07/26 05:11:30 INFO DAGScheduler: ResultStage 8 ($anonfun$withThreadLocalCaptured$2 at CompletableFuture.java:1768) finished in 1502 ms
26/07/26 05:11:30 INFO DAGScheduler: Job 3 is finished. Cancelling potential speculative or zombie tasks for this job
26/07/26 05:11:30 INFO TaskSchedulerImpl: Canceling stage 8
26/07/26 05:11:30 INFO TaskSchedulerImpl: Killing all running tasks in stage 8: Stage finished
26/07/26 05:11:30 INFO DAGScheduler: Job 3 finished: $anonfun$withThreadLocalCaptured$2 at CompletableFuture.java:1768, took 1755.936535 ms
26/07/26 05:11:31 INFO SparkContext: SparkContext is stopping with exitCode 0 from stop at AqeTransitionSpec.scala:51.
26/07/26 05:11:31 INFO MapOutputTrackerMasterEndpoint: MapOutputTrackerMasterEndpoint stopped!
26/07/26 05:11:32 INFO MemoryStore: MemoryStore cleared
26/07/26 05:11:32 INFO BlockManager: BlockManager stopped
26/07/26 05:11:32 INFO BlockManagerMaster: BlockManagerMaster stopped
26/07/26 05:11:32 INFO OutputCommitCoordinator$OutputCommitCoordinatorEndpoint: OutputCommitCoordinator stopped!
26/07/26 05:11:32 INFO SparkContext: Successfully stopped SparkContext (Uptime: 159084 ms)
[info] - T-AQE: a skewed join with AQE ON emits a plan_transition; stages carry a 64-hex fingerprint
[info]   + captured 2 plan_transition(s):
[info]   +   seq=0 type=skew_split detail='AQEShuffleRead skewed x1' before='0 skewed' after='1 skewed' conf=HIGH exec=0
[info]   +   seq=1 type=coalesce detail='AQEShuffleRead coalesced x2' before='0 coalesced' after='2 coalesced' conf=HIGH exec=0
[info]   +   stage=0 fp=46197808282307ba…
[info]   +   stage=1 fp=46197808282307ba…
[info]   +   stage=4 fp=46197808282307ba…
[info]   +   stage=8 fp=46197808282307ba…
26/07/26 05:11:32 INFO SparkContext: Running Spark version 4.1.2
26/07/26 05:11:32 INFO SparkContext: OS info Linux, 6.18.33.2-microsoft-standard-WSL2, amd64
26/07/26 05:11:32 INFO SparkContext: Java version 17.0.10+7
26/07/26 05:11:32 INFO ResourceUtils: ==============================================================
26/07/26 05:11:32 INFO ResourceUtils: No custom resources configured for spark.driver.
26/07/26 05:11:32 INFO ResourceUtils: ==============================================================
26/07/26 05:11:32 INFO SparkContext: Submitted application: apex-fp-test
26/07/26 05:11:32 INFO SecurityManager: Changing view acls to: root
26/07/26 05:11:32 INFO SecurityManager: Changing modify acls to: root
26/07/26 05:11:32 INFO SecurityManager: Changing view acls groups to: root
26/07/26 05:11:32 INFO SecurityManager: Changing modify acls groups to: root
26/07/26 05:11:32 INFO SecurityManager: SecurityManager: authentication disabled; ui acls disabled; users with view permissions: root groups with view permissions: EMPTY; users with modify permissions: root; groups with modify permissions: EMPTY; RPC SSL disabled
26/07/26 05:11:33 INFO Utils: Successfully started service 'sparkDriver' on port 36819.
26/07/26 05:11:33 INFO SparkEnv: Registering MapOutputTracker
26/07/26 05:11:33 INFO SparkEnv: Registering BlockManagerMaster
26/07/26 05:11:33 INFO BlockManagerMasterEndpoint: Using org.apache.spark.storage.DefaultTopologyMapper for getting topology information
26/07/26 05:11:33 INFO BlockManagerMasterEndpoint: BlockManagerMasterEndpoint up
26/07/26 05:11:33 INFO SparkEnv: Registering BlockManagerMasterHeartbeat
26/07/26 05:11:33 INFO DiskBlockManager: Created local directory at /tmp/blockmgr-dcb58c7d-9728-4d79-8a96-02e86ecca68a
26/07/26 05:11:33 INFO SparkEnv: Registering OutputCommitCoordinator
[info] ApexPlanFingerprintSpec:
26/07/26 05:11:33 INFO ResourceProfile: Default ResourceProfile created, executor resources: Map(cores -> name: cores, amount: 1, script: , vendor: , memory -> name: memory, amount: 1024, script: , vendor: , offHeap -> name: offHeap, amount: 0, script: , vendor: ), task resources: Map(cpus -> name: cpus, amount: 1.0)
26/07/26 05:11:33 INFO ResourceProfile: Limiting resource is cpu
26/07/26 05:11:33 INFO ResourceProfileManager: Added ResourceProfile id: 0
26/07/26 05:11:33 INFO SecurityManager: Changing view acls to: root
26/07/26 05:11:33 INFO SecurityManager: Changing modify acls to: root
26/07/26 05:11:33 INFO SecurityManager: Changing view acls groups to: root
26/07/26 05:11:33 INFO SecurityManager: Changing modify acls groups to: root
26/07/26 05:11:33 INFO SecurityManager: SecurityManager: authentication disabled; ui acls disabled; users with view permissions: root groups with view permissions: EMPTY; users with modify permissions: root; groups with modify permissions: EMPTY; RPC SSL disabled
26/07/26 05:11:33 INFO Executor: Starting executor ID driver on host ab93cff004a3
26/07/26 05:11:33 INFO Executor: OS info Linux, 6.18.33.2-microsoft-standard-WSL2, amd64
26/07/26 05:11:33 INFO Executor: Java version 17.0.10+7
26/07/26 05:11:33 INFO Executor: Starting executor with user classpath (userClassPathFirst = false): ''
26/07/26 05:11:33 INFO Executor: Created or updated repl class loader org.apache.spark.util.MutableURLClassLoader@3471c581 for default.
26/07/26 05:11:33 INFO Utils: Successfully started service 'org.apache.spark.network.netty.NettyBlockTransferService' on port 43953.
26/07/26 05:11:33 INFO NettyBlockTransferService: Server created on ab93cff004a3:43953
26/07/26 05:11:33 INFO BlockManager: Using org.apache.spark.storage.RandomBlockReplicationPolicy for block replication policy
26/07/26 05:11:33 INFO BlockManagerMaster: Registering BlockManager BlockManagerId(driver, ab93cff004a3, 43953, None)
26/07/26 05:11:33 INFO BlockManagerMasterEndpoint: Registering block manager ab93cff004a3:43953 with 1003.2 MiB RAM, BlockManagerId(driver, ab93cff004a3, 43953, None)
26/07/26 05:11:33 INFO BlockManagerMaster: Registered BlockManager BlockManagerId(driver, ab93cff004a3, 43953, None)
26/07/26 05:11:33 INFO BlockManager: Initialized BlockManager: BlockManagerId(driver, ab93cff004a3, 43953, None)
26/07/26 05:11:33 INFO SharedState: Setting hive.metastore.warehouse.dir ('null') to the value of spark.sql.warehouse.dir.
26/07/26 05:11:33 INFO SharedState: Warehouse path is 'file:/workspace/jar/.sbt/matrix/apex_41/spark-warehouse'.
26/07/26 05:11:36 INFO SparkContext: SparkContext is stopping with exitCode 0 from stop at ApexPlanFingerprintSpec.scala:23.
26/07/26 05:11:36 INFO MapOutputTrackerMasterEndpoint: MapOutputTrackerMasterEndpoint stopped!
26/07/26 05:11:37 INFO MemoryStore: MemoryStore started with capacity 1003.2 MiB
26/07/26 05:11:37 INFO MemoryStore: MemoryStore cleared
26/07/26 05:11:37 INFO BlockManager: BlockManager stopped
26/07/26 05:11:37 INFO BlockManagerMaster: BlockManagerMaster stopped
26/07/26 05:11:37 INFO OutputCommitCoordinator$OutputCommitCoordinatorEndpoint: OutputCommitCoordinator stopped!
[info] - same query, different literals, AQE on -> identical 64-hex fingerprint
26/07/26 05:11:37 INFO SparkContext: Successfully stopped SparkContext (Uptime: 4256 ms)
[info]   + normalized  fp1 == fp2 : true   fp=e1bf443fe9a8cee28f00a8b6d3a7ea9d9fedf83916b5b2349c85ef2778809ea7
[info]   + raw-canon   raw1 == raw2: false  (raw1=c4ad2ab8ef5d0164… raw2=8f657f8192bc95ec…)
26/07/26 05:11:37 INFO SparkContext: Running Spark version 4.1.2
26/07/26 05:11:37 INFO SparkContext: OS info Linux, 6.18.33.2-microsoft-standard-WSL2, amd64
26/07/26 05:11:37 INFO SparkContext: Java version 17.0.10+7
[info] StageDurationStatsSpec:
26/07/26 05:11:37 INFO ResourceUtils: ==============================================================
26/07/26 05:11:37 INFO ResourceUtils: No custom resources configured for spark.driver.
26/07/26 05:11:37 INFO ResourceUtils: ==============================================================
26/07/26 05:11:37 INFO SparkContext: Submitted application: apex-activation
[info] - nearest-rank p99 stops representing a single maximum at 100 tasks
26/07/26 05:11:37 INFO SecurityManager: Changing view acls to: root
26/07/26 05:11:37 INFO SecurityManager: Changing modify acls to: root
26/07/26 05:11:37 INFO SecurityManager: Changing view acls groups to: root
26/07/26 05:11:37 INFO SecurityManager: Changing modify acls groups to: root
26/07/26 05:11:37 INFO SecurityManager: SecurityManager: authentication disabled; ui acls disabled; users with view permissions: root groups with view permissions: EMPTY; users with modify permissions: root; groups with modify permissions: EMPTY; RPC SSL disabled
[info] - two outliers remain invisible to p99 at 200 and 400 tasks
[info] - healthy stages keep p50 p99 and max aligned
[info] - empty stages emit zero duration metrics
[info] DriverActivationSpec:
26/07/26 05:11:37 INFO Utils: Successfully started service 'sparkDriver' on port 33697.
26/07/26 05:11:37 INFO SparkEnv: Registering MapOutputTracker
26/07/26 05:11:37 INFO SparkEnv: Registering BlockManagerMaster
26/07/26 05:11:37 INFO BlockManagerMasterEndpoint: Using org.apache.spark.storage.DefaultTopologyMapper for getting topology information
26/07/26 05:11:37 INFO BlockManagerMasterEndpoint: BlockManagerMasterEndpoint up
26/07/26 05:11:37 INFO SparkEnv: Registering BlockManagerMasterHeartbeat
26/07/26 05:11:37 INFO DiskBlockManager: Created local directory at /tmp/blockmgr-1ae394de-3ec3-4f25-ad4f-7af3a9b279d5
26/07/26 05:11:37 INFO SparkEnv: Registering OutputCommitCoordinator
26/07/26 05:11:37 INFO DriverPluginContainer: Initialized driver component for plugin apex.ApexPlugin.
26/07/26 05:11:37 INFO ResourceProfile: Default ResourceProfile created, executor resources: Map(cores -> name: cores, amount: 1, script: , vendor: , memory -> name: memory, amount: 1024, script: , vendor: , offHeap -> name: offHeap, amount: 0, script: , vendor: ), task resources: Map(cpus -> name: cpus, amount: 1.0)
26/07/26 05:11:37 INFO ResourceProfile: Limiting resource is cpu
26/07/26 05:11:37 INFO ResourceProfileManager: Added ResourceProfile id: 0
26/07/26 05:11:37 INFO SecurityManager: Changing view acls to: root
26/07/26 05:11:37 INFO SecurityManager: Changing modify acls to: root
26/07/26 05:11:37 INFO SecurityManager: Changing view acls groups to: root
26/07/26 05:11:37 INFO SecurityManager: Changing modify acls groups to: root
26/07/26 05:11:37 INFO SecurityManager: SecurityManager: authentication disabled; ui acls disabled; users with view permissions: root groups with view permissions: EMPTY; users with modify permissions: root; groups with modify permissions: EMPTY; RPC SSL disabled
26/07/26 05:11:38 INFO Executor: Starting executor ID driver on host ab93cff004a3
26/07/26 05:11:38 INFO Executor: OS info Linux, 6.18.33.2-microsoft-standard-WSL2, amd64
26/07/26 05:11:38 INFO Executor: Java version 17.0.10+7
26/07/26 05:11:38 INFO Executor: Starting executor with user classpath (userClassPathFirst = false): ''
26/07/26 05:11:38 INFO Executor: Created or updated repl class loader org.apache.spark.util.MutableURLClassLoader@28d8d28a for default.
26/07/26 05:11:38 INFO Utils: Successfully started service 'org.apache.spark.network.netty.NettyBlockTransferService' on port 34827.
26/07/26 05:11:38 INFO NettyBlockTransferService: Server created on ab93cff004a3:34827
26/07/26 05:11:38 INFO BlockManager: Using org.apache.spark.storage.RandomBlockReplicationPolicy for block replication policy
26/07/26 05:11:38 INFO BlockManagerMaster: Registering BlockManager BlockManagerId(driver, ab93cff004a3, 34827, None)
26/07/26 05:11:38 INFO BlockManagerMasterEndpoint: Registering block manager ab93cff004a3:34827 with 1003.2 MiB RAM, BlockManagerId(driver, ab93cff004a3, 34827, None)
26/07/26 05:11:38 INFO BlockManagerMaster: Registered BlockManager BlockManagerId(driver, ab93cff004a3, 34827, None)
26/07/26 05:11:38 INFO BlockManager: Initialized BlockManager: BlockManagerId(driver, ab93cff004a3, 34827, None)
26/07/26 05:11:38 INFO SharedState: Setting hive.metastore.warehouse.dir ('null') to the value of spark.sql.warehouse.dir.
26/07/26 05:11:38 INFO SharedState: Warehouse path is 'file:/workspace/jar/.sbt/matrix/apex_41/spark-warehouse'.
26/07/26 05:11:38 INFO HashAggregateExec: spark.sql.codegen.aggregate.map.twolevel.enabled is set to true, but current version of codegened fast hashmap does not support this aggregate.
26/07/26 05:11:38 INFO CodeGenerator: Code generated in 150.167373 ms
26/07/26 05:11:40 INFO CodeGenerator: Code generated in 1033.602319 ms
26/07/26 05:11:43 INFO SparkContext: Starting job: collect at DriverActivationSpec.scala:37
26/07/26 05:11:43 INFO DAGScheduler: Registering RDD 3 (collect at DriverActivationSpec.scala:37) as input to shuffle 0
26/07/26 05:11:43 INFO DAGScheduler: Got job 0 (collect at DriverActivationSpec.scala:37) with 4 output partitions
26/07/26 05:11:43 INFO DAGScheduler: Final stage: ResultStage 1 (collect at DriverActivationSpec.scala:37)
26/07/26 05:11:43 INFO DAGScheduler: Parents of final stage: List(ShuffleMapStage 0)
26/07/26 05:11:43 INFO DAGScheduler: Missing parents: List(ShuffleMapStage 0)
26/07/26 05:11:43 INFO DAGScheduler: Missing parents found for ResultStage 1: List(ShuffleMapStage 0)
26/07/26 05:11:43 INFO DAGScheduler: Missing parents found for ShuffleMapStage 0: List()
26/07/26 05:11:43 INFO DAGScheduler: Submitting ShuffleMapStage 0 (MapPartitionsRDD[3] at collect at DriverActivationSpec.scala:37), which has no missing parents
26/07/26 05:11:43 INFO MemoryStore: MemoryStore started with capacity 1003.2 MiB
26/07/26 05:11:43 INFO MemoryStore: Block broadcast_0 stored as values in memory (estimated size 31.6 KiB, free 1003.2 MiB)
26/07/26 05:11:43 INFO MemoryStore: Block broadcast_0_piece0 stored as bytes in memory (estimated size 13.9 KiB, free 1003.2 MiB)
26/07/26 05:11:43 INFO SparkContext: Created broadcast 0 from broadcast at DAGScheduler.scala:1686
26/07/26 05:11:43 INFO DAGScheduler: Submitting 2 missing tasks from ShuffleMapStage 0 (MapPartitionsRDD[3] at collect at DriverActivationSpec.scala:37) (first 15 tasks are for partitions Vector(0, 1))
26/07/26 05:11:43 INFO TaskSchedulerImpl: Adding task set 0.0 with 2 tasks resource profile 0
26/07/26 05:11:43 INFO TaskSetManager: Starting task 0.0 in stage 0.0 (TID 0) (ab93cff004a3,executor driver, partition 0, PROCESS_LOCAL, 9971 bytes)
26/07/26 05:11:43 INFO TaskSetManager: Starting task 1.0 in stage 0.0 (TID 1) (ab93cff004a3,executor driver, partition 1, PROCESS_LOCAL, 9971 bytes)
26/07/26 05:11:43 INFO Executor: Starting executor with user classpath (userClassPathFirst = false): ''
26/07/26 05:11:43 INFO Executor: Using REPL class URI: spark://ab93cff004a3:33697/artifacts/46cc256a-2c1c-46c5-8268-f6c6bf1c2432/classes/
26/07/26 05:11:43 INFO Executor: Created or updated repl class loader org.apache.spark.executor.ExecutorClassLoader@2ea1062c for 46cc256a-2c1c-46c5-8268-f6c6bf1c2432.
26/07/26 05:11:43 INFO Executor: Running task 1.0 in stage 0.0 (TID 1)
26/07/26 05:11:43 INFO Executor: Running task 0.0 in stage 0.0 (TID 0)
26/07/26 05:11:44 INFO TransportClientFactory: Successfully created connection to ab93cff004a3/172.17.0.2:33697 after 28 ms (0 ms spent in bootstraps)
26/07/26 05:11:48 INFO CodeGenerator: Code generated in 4270.699008 ms
26/07/26 05:11:49 INFO CodeGenerator: Code generated in 615.011543 ms
26/07/26 05:11:49 INFO SecurityManager: Changing view acls to: root
26/07/26 05:11:49 INFO SecurityManager: Changing modify acls to: root
26/07/26 05:11:49 INFO SecurityManager: Changing view acls groups to: root
26/07/26 05:11:49 INFO SecurityManager: Changing modify acls groups to: root
26/07/26 05:11:49 INFO SecurityManager: SecurityManager: authentication disabled; ui acls disabled; users with view permissions: root groups with view permissions: EMPTY; users with modify permissions: root; groups with modify permissions: EMPTY; RPC SSL disabled
26/07/26 05:11:49 INFO CodeGenerator: Code generated in 74.282414 ms
26/07/26 05:11:49 INFO CodeGenerator: Code generated in 24.727352 ms
26/07/26 05:11:49 INFO Executor: Finished task 0.0 in stage 0.0 (TID 0). 2339 bytes result sent to driver
26/07/26 05:11:49 INFO Executor: Finished task 1.0 in stage 0.0 (TID 1). 2339 bytes result sent to driver
26/07/26 05:11:49 INFO TaskSetManager: Finished task 0.0 in stage 0.0 (TID 0) in 6210 ms on ab93cff004a3 (executor driver) (1/2)
26/07/26 05:11:49 INFO TaskSetManager: Finished task 1.0 in stage 0.0 (TID 1) in 6197 ms on ab93cff004a3 (executor driver) (2/2)
26/07/26 05:11:49 INFO DAGScheduler: ShuffleMapStage 0 (collect at DriverActivationSpec.scala:37) finished in 6612 ms
26/07/26 05:11:49 INFO DAGScheduler: looking for newly runnable stages
26/07/26 05:11:49 INFO DAGScheduler: running: HashSet()
26/07/26 05:11:49 INFO DAGScheduler: waiting: HashSet(ResultStage 1)
26/07/26 05:11:49 INFO DAGScheduler: failed: HashSet()
26/07/26 05:11:49 INFO TaskSchedulerImpl: Removed TaskSet 0.0 whose tasks have all completed, from pool
26/07/26 05:11:49 INFO DAGScheduler: Missing parents found for ResultStage 1: List()
26/07/26 05:11:49 INFO DAGScheduler: Submitting ResultStage 1 (MapPartitionsRDD[6] at collect at DriverActivationSpec.scala:37), which has no missing parents
26/07/26 05:11:49 INFO MemoryStore: Block broadcast_1 stored as values in memory (estimated size 29.3 KiB, free 1003.1 MiB)
26/07/26 05:11:49 INFO MemoryStore: Block broadcast_1_piece0 stored as bytes in memory (estimated size 13.0 KiB, free 1003.1 MiB)
26/07/26 05:11:49 INFO SparkContext: Created broadcast 1 from broadcast at DAGScheduler.scala:1686
26/07/26 05:11:49 INFO DAGScheduler: Submitting 4 missing tasks from ResultStage 1 (MapPartitionsRDD[6] at collect at DriverActivationSpec.scala:37) (first 15 tasks are for partitions Vector(0, 1, 2, 3))
26/07/26 05:11:49 INFO TaskSchedulerImpl: Adding task set 1.0 with 4 tasks resource profile 0
26/07/26 05:11:49 INFO TaskSetManager: Starting task 0.0 in stage 1.0 (TID 2) (ab93cff004a3,executor driver, partition 0, NODE_LOCAL, 9847 bytes)
26/07/26 05:11:49 INFO TaskSetManager: Starting task 1.0 in stage 1.0 (TID 3) (ab93cff004a3,executor driver, partition 1, NODE_LOCAL, 9847 bytes)
26/07/26 05:11:49 INFO Executor: Running task 0.0 in stage 1.0 (TID 2)
26/07/26 05:11:49 INFO Executor: Running task 1.0 in stage 1.0 (TID 3)
26/07/26 05:11:49 INFO ShuffleBlockFetcherIterator: Getting 2 (378.0 B) non-empty blocks including 2 (378.0 B) local and 0 (0.0 B) host-local and 0 (0.0 B) push-merged-local and 0 (0.0 B) remote blocks
26/07/26 05:11:49 INFO ShuffleBlockFetcherIterator: Getting 2 (608.0 B) non-empty blocks including 2 (608.0 B) local and 0 (0.0 B) host-local and 0 (0.0 B) push-merged-local and 0 (0.0 B) remote blocks
26/07/26 05:11:49 INFO ShuffleBlockFetcherIterator: Started 0 remote fetches in 3 ms
26/07/26 05:11:49 INFO ShuffleBlockFetcherIterator: Started 0 remote fetches in 6 ms
26/07/26 05:11:50 INFO CodeGenerator: Code generated in 130.745612 ms
26/07/26 05:11:50 INFO Executor: Finished task 1.0 in stage 1.0 (TID 3). 4883 bytes result sent to driver
26/07/26 05:11:50 INFO TaskSetManager: Starting task 2.0 in stage 1.0 (TID 4) (ab93cff004a3,executor driver, partition 2, NODE_LOCAL, 9847 bytes)
26/07/26 05:11:50 INFO Executor: Running task 2.0 in stage 1.0 (TID 4)
26/07/26 05:11:50 INFO TaskSetManager: Finished task 1.0 in stage 1.0 (TID 3) in 225 ms on ab93cff004a3 (executor driver) (1/4)
26/07/26 05:11:50 INFO Executor: Finished task 0.0 in stage 1.0 (TID 2). 4988 bytes result sent to driver
26/07/26 05:11:50 INFO TaskSetManager: Starting task 3.0 in stage 1.0 (TID 5) (ab93cff004a3,executor driver, partition 3, NODE_LOCAL, 9847 bytes)
26/07/26 05:11:50 INFO Executor: Running task 3.0 in stage 1.0 (TID 5)
26/07/26 05:11:50 INFO TaskSetManager: Finished task 0.0 in stage 1.0 (TID 2) in 252 ms on ab93cff004a3 (executor driver) (2/4)
26/07/26 05:11:50 INFO ShuffleBlockFetcherIterator: Getting 2 (552.0 B) non-empty blocks including 2 (552.0 B) local and 0 (0.0 B) host-local and 0 (0.0 B) push-merged-local and 0 (0.0 B) remote blocks
26/07/26 05:11:50 INFO ShuffleBlockFetcherIterator: Started 0 remote fetches in 1 ms
26/07/26 05:11:50 INFO ShuffleBlockFetcherIterator: Getting 2 (552.0 B) non-empty blocks including 2 (552.0 B) local and 0 (0.0 B) host-local and 0 (0.0 B) push-merged-local and 0 (0.0 B) remote blocks
26/07/26 05:11:50 INFO ShuffleBlockFetcherIterator: Started 0 remote fetches in 2 ms
26/07/26 05:11:50 INFO Executor: Finished task 2.0 in stage 1.0 (TID 4). 4955 bytes result sent to driver
26/07/26 05:11:50 INFO TaskSetManager: Finished task 2.0 in stage 1.0 (TID 4) in 93 ms on ab93cff004a3 (executor driver) (3/4)
26/07/26 05:11:50 INFO Executor: Finished task 3.0 in stage 1.0 (TID 5). 4956 bytes result sent to driver
26/07/26 05:11:50 INFO TaskSetManager: Finished task 3.0 in stage 1.0 (TID 5) in 115 ms on ab93cff004a3 (executor driver) (4/4)
26/07/26 05:11:50 INFO TaskSchedulerImpl: Removed TaskSet 1.0 whose tasks have all completed, from pool
26/07/26 05:11:50 INFO DAGScheduler: ResultStage 1 (collect at DriverActivationSpec.scala:37) finished in 412 ms
26/07/26 05:11:50 INFO DAGScheduler: Job 0 is finished. Cancelling potential speculative or zombie tasks for this job
26/07/26 05:11:50 INFO TaskSchedulerImpl: Canceling stage 1
26/07/26 05:11:50 INFO TaskSchedulerImpl: Killing all running tasks in stage 1: Stage finished
26/07/26 05:11:50 INFO DAGScheduler: Job 0 finished: collect at DriverActivationSpec.scala:37, took 7184.24683 ms
26/07/26 05:11:50 INFO CodeGenerator: Code generated in 62.903964 ms
26/07/26 05:11:50 INFO SparkContext: SparkContext is stopping with exitCode 0 from stop at DriverActivationSpec.scala:39.
26/07/26 05:11:50 INFO MapOutputTrackerMasterEndpoint: MapOutputTrackerMasterEndpoint stopped!
26/07/26 05:11:50 INFO MemoryStore: MemoryStore cleared
26/07/26 05:11:50 INFO BlockManager: BlockManager stopped
26/07/26 05:11:50 INFO BlockManagerMaster: BlockManagerMaster stopped
26/07/26 05:11:50 INFO OutputCommitCoordinator$OutputCommitCoordinatorEndpoint: OutputCommitCoordinator stopped!
26/07/26 05:11:50 INFO SparkContext: Successfully stopped SparkContext (Uptime: 13603 ms)
26/07/26 05:11:50 INFO SparkContext: Running Spark version 4.1.2
26/07/26 05:11:50 INFO SparkContext: OS info Linux, 6.18.33.2-microsoft-standard-WSL2, amd64
26/07/26 05:11:50 INFO SparkContext: Java version 17.0.10+7
26/07/26 05:11:51 INFO ResourceUtils: ==============================================================
26/07/26 05:11:51 INFO ResourceUtils: No custom resources configured for spark.driver.
26/07/26 05:11:51 INFO ResourceUtils: ==============================================================
26/07/26 05:11:51 INFO SparkContext: Submitted application: apex-activation
26/07/26 05:11:51 INFO SecurityManager: Changing view acls to: root
26/07/26 05:11:51 INFO SecurityManager: Changing modify acls to: root
26/07/26 05:11:51 INFO SecurityManager: Changing view acls groups to: root
26/07/26 05:11:51 INFO SecurityManager: Changing modify acls groups to: root
26/07/26 05:11:51 INFO SecurityManager: SecurityManager: authentication disabled; ui acls disabled; users with view permissions: root groups with view permissions: EMPTY; users with modify permissions: root; groups with modify permissions: EMPTY; RPC SSL disabled
26/07/26 05:11:51 INFO Utils: Successfully started service 'sparkDriver' on port 39687.
26/07/26 05:11:51 INFO SparkEnv: Registering MapOutputTracker
26/07/26 05:11:51 INFO SparkEnv: Registering BlockManagerMaster
26/07/26 05:11:51 INFO BlockManagerMasterEndpoint: Using org.apache.spark.storage.DefaultTopologyMapper for getting topology information
26/07/26 05:11:51 INFO BlockManagerMasterEndpoint: BlockManagerMasterEndpoint up
26/07/26 05:11:51 INFO SparkEnv: Registering BlockManagerMasterHeartbeat
26/07/26 05:11:51 INFO DiskBlockManager: Created local directory at /tmp/blockmgr-578535a1-7eb5-48be-9257-fd78fb85134d
26/07/26 05:11:51 INFO SparkEnv: Registering OutputCommitCoordinator
26/07/26 05:11:52 INFO ResourceProfile: Default ResourceProfile created, executor resources: Map(cores -> name: cores, amount: 1, script: , vendor: , memory -> name: memory, amount: 1024, script: , vendor: , offHeap -> name: offHeap, amount: 0, script: , vendor: ), task resources: Map(cpus -> name: cpus, amount: 1.0)
26/07/26 05:11:52 INFO ResourceProfile: Limiting resource is cpu
26/07/26 05:11:52 INFO ResourceProfileManager: Added ResourceProfile id: 0
26/07/26 05:11:52 INFO SecurityManager: Changing view acls to: root
26/07/26 05:11:52 INFO SecurityManager: Changing modify acls to: root
26/07/26 05:11:52 INFO SecurityManager: Changing view acls groups to: root
26/07/26 05:11:52 INFO SecurityManager: Changing modify acls groups to: root
26/07/26 05:11:52 INFO SecurityManager: SecurityManager: authentication disabled; ui acls disabled; users with view permissions: root groups with view permissions: EMPTY; users with modify permissions: root; groups with modify permissions: EMPTY; RPC SSL disabled
26/07/26 05:11:52 INFO Executor: Starting executor ID driver on host ab93cff004a3
26/07/26 05:11:52 INFO Executor: OS info Linux, 6.18.33.2-microsoft-standard-WSL2, amd64
26/07/26 05:11:52 INFO Executor: Java version 17.0.10+7
26/07/26 05:11:52 INFO Executor: Starting executor with user classpath (userClassPathFirst = false): ''
26/07/26 05:11:52 INFO Executor: Created or updated repl class loader org.apache.spark.util.MutableURLClassLoader@61e27967 for default.
26/07/26 05:11:52 INFO Utils: Successfully started service 'org.apache.spark.network.netty.NettyBlockTransferService' on port 40503.
26/07/26 05:11:52 INFO NettyBlockTransferService: Server created on ab93cff004a3:40503
26/07/26 05:11:52 INFO BlockManager: Using org.apache.spark.storage.RandomBlockReplicationPolicy for block replication policy
26/07/26 05:11:52 INFO BlockManagerMaster: Registering BlockManager BlockManagerId(driver, ab93cff004a3, 40503, None)
26/07/26 05:11:52 INFO BlockManagerMasterEndpoint: Registering block manager ab93cff004a3:40503 with 1003.2 MiB RAM, BlockManagerId(driver, ab93cff004a3, 40503, None)
26/07/26 05:11:52 INFO BlockManagerMaster: Registered BlockManager BlockManagerId(driver, ab93cff004a3, 40503, None)
26/07/26 05:11:52 INFO BlockManager: Initialized BlockManager: BlockManagerId(driver, ab93cff004a3, 40503, None)
26/07/26 05:11:52 INFO SparkContext: Registered listenerapex.ApexStageListener
26/07/26 05:11:52 INFO SharedState: Setting hive.metastore.warehouse.dir ('null') to the value of spark.sql.warehouse.dir.
26/07/26 05:11:52 INFO SharedState: Warehouse path is 'file:/workspace/jar/.sbt/matrix/apex_41/spark-warehouse'.
26/07/26 05:11:52 INFO HashAggregateExec: spark.sql.codegen.aggregate.map.twolevel.enabled is set to true, but current version of codegened fast hashmap does not support this aggregate.
26/07/26 05:11:53 INFO SparkContext: Starting job: collect at DriverActivationSpec.scala:37
26/07/26 05:11:53 INFO DAGScheduler: Registering RDD 3 (collect at DriverActivationSpec.scala:37) as input to shuffle 0
26/07/26 05:11:53 INFO DAGScheduler: Got job 0 (collect at DriverActivationSpec.scala:37) with 4 output partitions
26/07/26 05:11:53 INFO DAGScheduler: Final stage: ResultStage 1 (collect at DriverActivationSpec.scala:37)
26/07/26 05:11:53 INFO DAGScheduler: Parents of final stage: List(ShuffleMapStage 0)
26/07/26 05:11:53 INFO DAGScheduler: Missing parents: List(ShuffleMapStage 0)
26/07/26 05:11:53 INFO DAGScheduler: Missing parents found for ResultStage 1: List(ShuffleMapStage 0)
26/07/26 05:11:53 INFO DAGScheduler: Missing parents found for ShuffleMapStage 0: List()
26/07/26 05:11:53 INFO DAGScheduler: Submitting ShuffleMapStage 0 (MapPartitionsRDD[3] at collect at DriverActivationSpec.scala:37), which has no missing parents
26/07/26 05:11:53 INFO MemoryStore: MemoryStore started with capacity 1003.2 MiB
26/07/26 05:11:53 INFO MemoryStore: Block broadcast_0 stored as values in memory (estimated size 31.6 KiB, free 1003.2 MiB)
26/07/26 05:11:53 INFO MemoryStore: Block broadcast_0_piece0 stored as bytes in memory (estimated size 13.9 KiB, free 1003.2 MiB)
26/07/26 05:11:53 INFO SparkContext: Created broadcast 0 from broadcast at DAGScheduler.scala:1686
26/07/26 05:11:53 INFO DAGScheduler: Submitting 2 missing tasks from ShuffleMapStage 0 (MapPartitionsRDD[3] at collect at DriverActivationSpec.scala:37) (first 15 tasks are for partitions Vector(0, 1))
26/07/26 05:11:53 INFO TaskSchedulerImpl: Adding task set 0.0 with 2 tasks resource profile 0
26/07/26 05:11:53 INFO TaskSetManager: Starting task 0.0 in stage 0.0 (TID 0) (ab93cff004a3,executor driver, partition 0, PROCESS_LOCAL, 9971 bytes)
26/07/26 05:11:53 INFO TaskSetManager: Starting task 1.0 in stage 0.0 (TID 1) (ab93cff004a3,executor driver, partition 1, PROCESS_LOCAL, 9971 bytes)
26/07/26 05:11:53 INFO Executor: Starting executor with user classpath (userClassPathFirst = false): ''
26/07/26 05:11:53 INFO Executor: Using REPL class URI: spark://ab93cff004a3:39687/artifacts/8df87ed6-3e8b-400b-bfa4-97fed4d1e062/classes/
26/07/26 05:11:53 INFO Executor: Created or updated repl class loader org.apache.spark.executor.ExecutorClassLoader@3a422eef for 8df87ed6-3e8b-400b-bfa4-97fed4d1e062.
26/07/26 05:11:53 INFO Executor: Running task 0.0 in stage 0.0 (TID 0)
26/07/26 05:11:53 INFO Executor: Running task 1.0 in stage 0.0 (TID 1)
26/07/26 05:11:53 INFO TransportClientFactory: Successfully created connection to ab93cff004a3/172.17.0.2:39687 after 3 ms (0 ms spent in bootstraps)
26/07/26 05:11:55 INFO CodeGenerator: Code generated in 1267.728807 ms
26/07/26 05:11:55 INFO CodeGenerator: Code generated in 783.863518 ms
26/07/26 05:11:56 INFO SecurityManager: Changing view acls to: root
26/07/26 05:11:56 INFO SecurityManager: Changing modify acls to: root
26/07/26 05:11:56 INFO SecurityManager: Changing view acls groups to: root
26/07/26 05:11:56 INFO SecurityManager: Changing modify acls groups to: root
26/07/26 05:11:56 INFO SecurityManager: SecurityManager: authentication disabled; ui acls disabled; users with view permissions: root groups with view permissions: EMPTY; users with modify permissions: root; groups with modify permissions: EMPTY; RPC SSL disabled
26/07/26 05:11:56 INFO CodeGenerator: Code generated in 118.039387 ms
26/07/26 05:11:56 INFO CodeGenerator: Code generated in 271.372846 ms
26/07/26 05:11:57 INFO Executor: Finished task 0.0 in stage 0.0 (TID 0). 2339 bytes result sent to driver
26/07/26 05:11:57 INFO TaskSetManager: Finished task 0.0 in stage 0.0 (TID 0) in 3569 ms on ab93cff004a3 (executor driver) (1/2)
26/07/26 05:11:57 INFO Executor: Finished task 1.0 in stage 0.0 (TID 1). 2339 bytes result sent to driver
26/07/26 05:11:57 INFO TaskSetManager: Finished task 1.0 in stage 0.0 (TID 1) in 3787 ms on ab93cff004a3 (executor driver) (2/2)
26/07/26 05:11:57 INFO TaskSchedulerImpl: Removed TaskSet 0.0 whose tasks have all completed, from pool
26/07/26 05:11:57 INFO DAGScheduler: ShuffleMapStage 0 (collect at DriverActivationSpec.scala:37) finished in 3920 ms
26/07/26 05:11:57 INFO DAGScheduler: looking for newly runnable stages
26/07/26 05:11:57 INFO DAGScheduler: running: HashSet()
26/07/26 05:11:57 INFO DAGScheduler: waiting: HashSet(ResultStage 1)
26/07/26 05:11:57 INFO DAGScheduler: failed: HashSet()
26/07/26 05:11:57 INFO DAGScheduler: Missing parents found for ResultStage 1: List()
26/07/26 05:11:57 INFO DAGScheduler: Submitting ResultStage 1 (MapPartitionsRDD[6] at collect at DriverActivationSpec.scala:37), which has no missing parents
26/07/26 05:11:57 INFO MemoryStore: Block broadcast_1 stored as values in memory (estimated size 29.3 KiB, free 1003.1 MiB)
26/07/26 05:11:57 INFO MemoryStore: Block broadcast_1_piece0 stored as bytes in memory (estimated size 13.0 KiB, free 1003.1 MiB)
26/07/26 05:11:57 INFO SparkContext: Created broadcast 1 from broadcast at DAGScheduler.scala:1686
26/07/26 05:11:57 INFO DAGScheduler: Submitting 4 missing tasks from ResultStage 1 (MapPartitionsRDD[6] at collect at DriverActivationSpec.scala:37) (first 15 tasks are for partitions Vector(0, 1, 2, 3))
26/07/26 05:11:57 INFO TaskSchedulerImpl: Adding task set 1.0 with 4 tasks resource profile 0
26/07/26 05:11:57 INFO TaskSetManager: Starting task 0.0 in stage 1.0 (TID 2) (ab93cff004a3,executor driver, partition 0, NODE_LOCAL, 9847 bytes)
26/07/26 05:11:57 INFO TaskSetManager: Starting task 1.0 in stage 1.0 (TID 3) (ab93cff004a3,executor driver, partition 1, NODE_LOCAL, 9847 bytes)
26/07/26 05:11:57 INFO Executor: Running task 0.0 in stage 1.0 (TID 2)
26/07/26 05:11:57 INFO Executor: Running task 1.0 in stage 1.0 (TID 3)
26/07/26 05:11:57 INFO ShuffleBlockFetcherIterator: Getting 2 (378.0 B) non-empty blocks including 2 (378.0 B) local and 0 (0.0 B) host-local and 0 (0.0 B) push-merged-local and 0 (0.0 B) remote blocks
26/07/26 05:11:57 INFO ShuffleBlockFetcherIterator: Started 0 remote fetches in 15 ms
26/07/26 05:11:57 INFO ShuffleBlockFetcherIterator: Getting 2 (608.0 B) non-empty blocks including 2 (608.0 B) local and 0 (0.0 B) host-local and 0 (0.0 B) push-merged-local and 0 (0.0 B) remote blocks
26/07/26 05:11:57 INFO ShuffleBlockFetcherIterator: Started 0 remote fetches in 31 ms
26/07/26 05:11:58 INFO CodeGenerator: Code generated in 1029.857844 ms
26/07/26 05:11:59 INFO Executor: Finished task 1.0 in stage 1.0 (TID 3). 4883 bytes result sent to driver
26/07/26 05:11:59 INFO TaskSetManager: Starting task 2.0 in stage 1.0 (TID 4) (ab93cff004a3,executor driver, partition 2, NODE_LOCAL, 9847 bytes)
26/07/26 05:11:59 INFO TaskSetManager: Finished task 1.0 in stage 1.0 (TID 3) in 1290 ms on ab93cff004a3 (executor driver) (1/4)
26/07/26 05:11:59 INFO Executor: Finished task 0.0 in stage 1.0 (TID 2). 4988 bytes result sent to driver
26/07/26 05:11:59 INFO Executor: Running task 2.0 in stage 1.0 (TID 4)
26/07/26 05:11:59 INFO TaskSetManager: Starting task 3.0 in stage 1.0 (TID 5) (ab93cff004a3,executor driver, partition 3, NODE_LOCAL, 9847 bytes)
26/07/26 05:11:59 INFO TaskSetManager: Finished task 0.0 in stage 1.0 (TID 2) in 1366 ms on ab93cff004a3 (executor driver) (2/4)
26/07/26 05:11:59 INFO Executor: Running task 3.0 in stage 1.0 (TID 5)
26/07/26 05:11:59 INFO ShuffleBlockFetcherIterator: Getting 2 (552.0 B) non-empty blocks including 2 (552.0 B) local and 0 (0.0 B) host-local and 0 (0.0 B) push-merged-local and 0 (0.0 B) remote blocks
26/07/26 05:11:59 INFO ShuffleBlockFetcherIterator: Started 0 remote fetches in 16 ms
26/07/26 05:11:59 INFO ShuffleBlockFetcherIterator: Getting 2 (552.0 B) non-empty blocks including 2 (552.0 B) local and 0 (0.0 B) host-local and 0 (0.0 B) push-merged-local and 0 (0.0 B) remote blocks
26/07/26 05:11:59 INFO ShuffleBlockFetcherIterator: Started 0 remote fetches in 1 ms
26/07/26 05:11:59 INFO Executor: Finished task 2.0 in stage 1.0 (TID 4). 4955 bytes result sent to driver
26/07/26 05:11:59 INFO TaskSetManager: Finished task 2.0 in stage 1.0 (TID 4) in 242 ms on ab93cff004a3 (executor driver) (3/4)
26/07/26 05:11:59 INFO Executor: Finished task 3.0 in stage 1.0 (TID 5). 4956 bytes result sent to driver
26/07/26 05:11:59 INFO TaskSetManager: Finished task 3.0 in stage 1.0 (TID 5) in 288 ms on ab93cff004a3 (executor driver) (4/4)
26/07/26 05:11:59 INFO DAGScheduler: ResultStage 1 (collect at DriverActivationSpec.scala:37) finished in 1889 ms
26/07/26 05:11:59 INFO DAGScheduler: Job 0 is finished. Cancelling potential speculative or zombie tasks for this job
26/07/26 05:11:59 INFO TaskSchedulerImpl: Removed TaskSet 1.0 whose tasks have all completed, from pool
26/07/26 05:11:59 INFO TaskSchedulerImpl: Canceling stage 1
26/07/26 05:11:59 INFO TaskSchedulerImpl: Killing all running tasks in stage 1: Stage finished
26/07/26 05:11:59 INFO DAGScheduler: Job 0 finished: collect at DriverActivationSpec.scala:37, took 5890.442544 ms
26/07/26 05:11:59 INFO SparkContext: SparkContext is stopping with exitCode 0 from stop at DriverActivationSpec.scala:39.
26/07/26 05:11:59 INFO MapOutputTrackerMasterEndpoint: MapOutputTrackerMasterEndpoint stopped!
26/07/26 05:11:59 INFO MemoryStore: MemoryStore cleared
[info] - T10: spark.plugins and spark.extraListeners emit identical per-stage events (shuffle > 0)
26/07/26 05:11:59 INFO BlockManager: BlockManager stopped
26/07/26 05:11:59 INFO BlockManagerMaster: BlockManagerMaster stopped
26/07/26 05:11:59 INFO OutputCommitCoordinator$OutputCommitCoordinatorEndpoint: OutputCommitCoordinator stopped!
26/07/26 05:11:59 INFO SparkContext: Successfully stopped SparkContext (Uptime: 8808 ms)
26/07/26 05:11:59 INFO SparkContext: Running Spark version 4.1.2
26/07/26 05:11:59 INFO SparkContext: OS info Linux, 6.18.33.2-microsoft-standard-WSL2, amd64
26/07/26 05:11:59 INFO SparkContext: Java version 17.0.10+7
[info]   + per-stage fingerprint (plugin): 80124856e570ebe6575614787306e86a9e9075865c06adf4dc751706f63a0329
26/07/26 05:11:59 INFO ResourceUtils: ==============================================================
26/07/26 05:11:59 INFO ResourceUtils: No custom resources configured for spark.driver.
26/07/26 05:11:59 INFO ResourceUtils: ==============================================================
26/07/26 05:11:59 INFO SparkContext: Submitted application: apex-safety
[info]   + plugin        : stage=0 shRead=0 shWrite=1936 tasks=2 | stage=1 shRead=1936 shWrite=0 tasks=4
26/07/26 05:11:59 INFO SecurityManager: Changing view acls to: root
26/07/26 05:11:59 INFO SecurityManager: Changing modify acls to: root
26/07/26 05:11:59 INFO SecurityManager: Changing view acls groups to: root
26/07/26 05:11:59 INFO SecurityManager: Changing modify acls groups to: root
26/07/26 05:11:59 INFO SecurityManager: SecurityManager: authentication disabled; ui acls disabled; users with view permissions: root groups with view permissions: EMPTY; users with modify permissions: root; groups with modify permissions: EMPTY; RPC SSL disabled
[info]   + extraListeners: stage=0 shRead=0 shWrite=1936 tasks=2 | stage=1 shRead=1936 shWrite=0 tasks=4
26/07/26 05:12:00 INFO Utils: Successfully started service 'sparkDriver' on port 45985.
26/07/26 05:12:00 INFO SparkEnv: Registering MapOutputTracker
26/07/26 05:12:00 INFO SparkEnv: Registering BlockManagerMaster
26/07/26 05:12:00 INFO BlockManagerMasterEndpoint: Using org.apache.spark.storage.DefaultTopologyMapper for getting topology information
26/07/26 05:12:00 INFO BlockManagerMasterEndpoint: BlockManagerMasterEndpoint up
26/07/26 05:12:00 INFO SparkEnv: Registering BlockManagerMasterHeartbeat
26/07/26 05:12:00 INFO DiskBlockManager: Created local directory at /tmp/blockmgr-e6cd09bd-da54-48eb-8198-26227c94f6e9
26/07/26 05:12:00 INFO SparkEnv: Registering OutputCommitCoordinator
26/07/26 05:12:02 INFO ResourceProfile: Default ResourceProfile created, executor resources: Map(cores -> name: cores, amount: 1, script: , vendor: , memory -> name: memory, amount: 1024, script: , vendor: , offHeap -> name: offHeap, amount: 0, script: , vendor: ), task resources: Map(cpus -> name: cpus, amount: 1.0)
26/07/26 05:12:02 INFO ResourceProfile: Limiting resource is cpu
26/07/26 05:12:02 INFO ResourceProfileManager: Added ResourceProfile id: 0
26/07/26 05:12:02 INFO SecurityManager: Changing view acls to: root
26/07/26 05:12:02 INFO SecurityManager: Changing modify acls to: root
26/07/26 05:12:02 INFO SecurityManager: Changing view acls groups to: root
26/07/26 05:12:02 INFO SecurityManager: Changing modify acls groups to: root
26/07/26 05:12:02 INFO SecurityManager: SecurityManager: authentication disabled; ui acls disabled; users with view permissions: root groups with view permissions: EMPTY; users with modify permissions: root; groups with modify permissions: EMPTY; RPC SSL disabled
26/07/26 05:12:03 INFO Executor: Starting executor ID driver on host ab93cff004a3
26/07/26 05:12:03 INFO Executor: OS info Linux, 6.18.33.2-microsoft-standard-WSL2, amd64
26/07/26 05:12:03 INFO Executor: Java version 17.0.10+7
26/07/26 05:12:03 INFO Executor: Starting executor with user classpath (userClassPathFirst = false): ''
26/07/26 05:12:04 INFO Executor: Created or updated repl class loader org.apache.spark.util.MutableURLClassLoader@52ccc5bc for default.
26/07/26 05:12:04 INFO Utils: Successfully started service 'org.apache.spark.network.netty.NettyBlockTransferService' on port 42915.
26/07/26 05:12:04 INFO NettyBlockTransferService: Server created on ab93cff004a3:42915
26/07/26 05:12:04 INFO BlockManager: Using org.apache.spark.storage.RandomBlockReplicationPolicy for block replication policy
26/07/26 05:12:04 INFO BlockManagerMaster: Registering BlockManager BlockManagerId(driver, ab93cff004a3, 42915, None)
26/07/26 05:12:04 INFO BlockManagerMasterEndpoint: Registering block manager ab93cff004a3:42915 with 1003.2 MiB RAM, BlockManagerId(driver, ab93cff004a3, 42915, None)
26/07/26 05:12:04 INFO BlockManagerMaster: Registered BlockManager BlockManagerId(driver, ab93cff004a3, 42915, None)
26/07/26 05:12:04 INFO BlockManager: Initialized BlockManager: BlockManagerId(driver, ab93cff004a3, 42915, None)
26/07/26 05:12:04 INFO SharedState: Setting hive.metastore.warehouse.dir ('null') to the value of spark.sql.warehouse.dir.
26/07/26 05:12:04 INFO SharedState: Warehouse path is 'file:/workspace/jar/.sbt/matrix/apex_41/spark-warehouse'.
26/07/26 05:12:05 INFO HashAggregateExec: spark.sql.codegen.aggregate.map.twolevel.enabled is set to true, but current version of codegened fast hashmap does not support this aggregate.
26/07/26 05:12:07 INFO CodeGenerator: Code generated in 1655.48434 ms
26/07/26 05:12:08 INFO SparkContext: Starting job: collect at DriverActivationSpec.scala:101
26/07/26 05:12:08 INFO DAGScheduler: Registering RDD 3 (collect at DriverActivationSpec.scala:101) as input to shuffle 0
26/07/26 05:12:08 INFO DAGScheduler: Got job 0 (collect at DriverActivationSpec.scala:101) with 2 output partitions
26/07/26 05:12:08 INFO DAGScheduler: Final stage: ResultStage 1 (collect at DriverActivationSpec.scala:101)
26/07/26 05:12:08 INFO DAGScheduler: Parents of final stage: List(ShuffleMapStage 0)
26/07/26 05:12:08 INFO DAGScheduler: Missing parents: List(ShuffleMapStage 0)
26/07/26 05:12:08 INFO DAGScheduler: Missing parents found for ResultStage 1: List(ShuffleMapStage 0)
26/07/26 05:12:08 INFO DAGScheduler: Missing parents found for ShuffleMapStage 0: List()
26/07/26 05:12:08 INFO DAGScheduler: Submitting ShuffleMapStage 0 (MapPartitionsRDD[3] at collect at DriverActivationSpec.scala:101), which has no missing parents
26/07/26 05:12:08 INFO MemoryStore: MemoryStore started with capacity 1003.2 MiB
26/07/26 05:12:08 INFO MemoryStore: Block broadcast_0 stored as values in memory (estimated size 31.6 KiB, free 1003.2 MiB)
26/07/26 05:12:08 INFO MemoryStore: Block broadcast_0_piece0 stored as bytes in memory (estimated size 13.9 KiB, free 1003.2 MiB)
26/07/26 05:12:08 INFO SparkContext: Created broadcast 0 from broadcast at DAGScheduler.scala:1686
26/07/26 05:12:08 INFO DAGScheduler: Submitting 2 missing tasks from ShuffleMapStage 0 (MapPartitionsRDD[3] at collect at DriverActivationSpec.scala:101) (first 15 tasks are for partitions Vector(0, 1))
26/07/26 05:12:08 INFO TaskSchedulerImpl: Adding task set 0.0 with 2 tasks resource profile 0
26/07/26 05:12:08 INFO TaskSetManager: Starting task 0.0 in stage 0.0 (TID 0) (ab93cff004a3,executor driver, partition 0, PROCESS_LOCAL, 9971 bytes)
26/07/26 05:12:09 INFO TaskSetManager: Starting task 1.0 in stage 0.0 (TID 1) (ab93cff004a3,executor driver, partition 1, PROCESS_LOCAL, 9971 bytes)
26/07/26 05:12:09 INFO Executor: Starting executor with user classpath (userClassPathFirst = false): ''
26/07/26 05:12:09 INFO Executor: Using REPL class URI: spark://ab93cff004a3:45985/artifacts/84a903c7-70d0-4bd5-a76a-eee3dff17761/classes/
26/07/26 05:12:09 INFO Executor: Created or updated repl class loader org.apache.spark.executor.ExecutorClassLoader@3371dc74 for 84a903c7-70d0-4bd5-a76a-eee3dff17761.
26/07/26 05:12:09 INFO Executor: Running task 1.0 in stage 0.0 (TID 1)
26/07/26 05:12:09 INFO Executor: Running task 0.0 in stage 0.0 (TID 0)
26/07/26 05:12:09 INFO TransportClientFactory: Successfully created connection to ab93cff004a3/172.17.0.2:45985 after 15 ms (0 ms spent in bootstraps)
26/07/26 05:12:13 INFO CodeGenerator: Code generated in 4313.14131 ms
26/07/26 05:12:15 INFO CodeGenerator: Code generated in 1368.087052 ms
26/07/26 05:12:15 INFO SecurityManager: Changing view acls to: root
26/07/26 05:12:15 INFO SecurityManager: Changing modify acls to: root
26/07/26 05:12:15 INFO SecurityManager: Changing view acls groups to: root
26/07/26 05:12:15 INFO SecurityManager: Changing modify acls groups to: root
26/07/26 05:12:15 INFO SecurityManager: SecurityManager: authentication disabled; ui acls disabled; users with view permissions: root groups with view permissions: EMPTY; users with modify permissions: root; groups with modify permissions: EMPTY; RPC SSL disabled
26/07/26 05:12:15 INFO CodeGenerator: Code generated in 172.930385 ms
26/07/26 05:12:15 INFO CodeGenerator: Code generated in 75.788872 ms
26/07/26 05:12:16 INFO Executor: Finished task 1.0 in stage 0.0 (TID 1). 2337 bytes result sent to driver
26/07/26 05:12:16 INFO Executor: Finished task 0.0 in stage 0.0 (TID 0). 2337 bytes result sent to driver
26/07/26 05:12:16 INFO TaskSetManager: Finished task 0.0 in stage 0.0 (TID 0) in 7175 ms on ab93cff004a3 (executor driver) (1/2)
26/07/26 05:12:16 INFO TaskSetManager: Finished task 1.0 in stage 0.0 (TID 1) in 7185 ms on ab93cff004a3 (executor driver) (2/2)
26/07/26 05:12:16 INFO TaskSchedulerImpl: Removed TaskSet 0.0 whose tasks have all completed, from pool
26/07/26 05:12:16 INFO DAGScheduler: ShuffleMapStage 0 (collect at DriverActivationSpec.scala:101) finished in 7454 ms
26/07/26 05:12:16 INFO DAGScheduler: looking for newly runnable stages
26/07/26 05:12:16 INFO DAGScheduler: running: HashSet()
26/07/26 05:12:16 INFO DAGScheduler: waiting: HashSet(ResultStage 1)
26/07/26 05:12:16 INFO DAGScheduler: failed: HashSet()
26/07/26 05:12:16 INFO DAGScheduler: Missing parents found for ResultStage 1: List()
26/07/26 05:12:16 INFO DAGScheduler: Submitting ResultStage 1 (MapPartitionsRDD[6] at collect at DriverActivationSpec.scala:101), which has no missing parents
26/07/26 05:12:16 INFO MemoryStore: Block broadcast_1 stored as values in memory (estimated size 29.2 KiB, free 1003.1 MiB)
26/07/26 05:12:16 INFO MemoryStore: Block broadcast_1_piece0 stored as bytes in memory (estimated size 13.0 KiB, free 1003.1 MiB)
26/07/26 05:12:16 INFO SparkContext: Created broadcast 1 from broadcast at DAGScheduler.scala:1686
26/07/26 05:12:16 INFO DAGScheduler: Submitting 2 missing tasks from ResultStage 1 (MapPartitionsRDD[6] at collect at DriverActivationSpec.scala:101) (first 15 tasks are for partitions Vector(0, 1))
26/07/26 05:12:16 INFO TaskSchedulerImpl: Adding task set 1.0 with 2 tasks resource profile 0
26/07/26 05:12:16 INFO TaskSetManager: Starting task 0.0 in stage 1.0 (TID 2) (ab93cff004a3,executor driver, partition 0, NODE_LOCAL, 9847 bytes)
26/07/26 05:12:16 INFO TaskSetManager: Starting task 1.0 in stage 1.0 (TID 3) (ab93cff004a3,executor driver, partition 1, NODE_LOCAL, 9847 bytes)
26/07/26 05:12:16 INFO Executor: Running task 1.0 in stage 1.0 (TID 3)
26/07/26 05:12:16 INFO Executor: Running task 0.0 in stage 1.0 (TID 2)
26/07/26 05:12:16 INFO ShuffleBlockFetcherIterator: Getting 2 (456.0 B) non-empty blocks including 2 (456.0 B) local and 0 (0.0 B) host-local and 0 (0.0 B) push-merged-local and 0 (0.0 B) remote blocks
26/07/26 05:12:16 INFO ShuffleBlockFetcherIterator: Started 0 remote fetches in 4 ms
26/07/26 05:12:16 INFO ShuffleBlockFetcherIterator: Getting 2 (608.0 B) non-empty blocks including 2 (608.0 B) local and 0 (0.0 B) host-local and 0 (0.0 B) push-merged-local and 0 (0.0 B) remote blocks
26/07/26 05:12:16 INFO ShuffleBlockFetcherIterator: Started 0 remote fetches in 49 ms
26/07/26 05:12:18 INFO CodeGenerator: Code generated in 1833.159443 ms
26/07/26 05:12:18 INFO Executor: Finished task 0.0 in stage 1.0 (TID 2). 4987 bytes result sent to driver
26/07/26 05:12:18 INFO TaskSetManager: Finished task 0.0 in stage 1.0 (TID 2) in 2393 ms on ab93cff004a3 (executor driver) (1/2)
26/07/26 05:12:18 INFO Executor: Finished task 1.0 in stage 1.0 (TID 3). 4892 bytes result sent to driver
26/07/26 05:12:18 INFO TaskSetManager: Finished task 1.0 in stage 1.0 (TID 3) in 2543 ms on ab93cff004a3 (executor driver) (2/2)
26/07/26 05:12:18 INFO DAGScheduler: ResultStage 1 (collect at DriverActivationSpec.scala:101) finished in 2642 ms
26/07/26 05:12:18 INFO DAGScheduler: Job 0 is finished. Cancelling potential speculative or zombie tasks for this job
26/07/26 05:12:18 INFO TaskSchedulerImpl: Removed TaskSet 1.0 whose tasks have all completed, from pool
26/07/26 05:12:18 INFO TaskSchedulerImpl: Canceling stage 1
26/07/26 05:12:18 INFO TaskSchedulerImpl: Killing all running tasks in stage 1: Stage finished
26/07/26 05:12:18 INFO DAGScheduler: Job 0 finished: collect at DriverActivationSpec.scala:101, took 10259.924611 ms
26/07/26 05:12:19 INFO HashAggregateExec: spark.sql.codegen.aggregate.map.twolevel.enabled is set to true, but current version of codegened fast hashmap does not support this aggregate.
26/07/26 05:12:20 INFO SparkContext: Starting job: collect at DriverActivationSpec.scala:101
26/07/26 05:12:20 INFO DAGScheduler: Registering RDD 10 (collect at DriverActivationSpec.scala:101) as input to shuffle 1
26/07/26 05:12:20 INFO DAGScheduler: Got job 1 (collect at DriverActivationSpec.scala:101) with 2 output partitions
26/07/26 05:12:20 INFO DAGScheduler: Final stage: ResultStage 3 (collect at DriverActivationSpec.scala:101)
26/07/26 05:12:20 INFO DAGScheduler: Parents of final stage: List(ShuffleMapStage 2)
26/07/26 05:12:20 INFO DAGScheduler: Missing parents: List(ShuffleMapStage 2)
26/07/26 05:12:20 INFO DAGScheduler: Missing parents found for ResultStage 3: List(ShuffleMapStage 2)
26/07/26 05:12:20 INFO DAGScheduler: Missing parents found for ShuffleMapStage 2: List()
26/07/26 05:12:20 INFO DAGScheduler: Submitting ShuffleMapStage 2 (MapPartitionsRDD[10] at collect at DriverActivationSpec.scala:101), which has no missing parents
26/07/26 05:12:20 INFO MemoryStore: Block broadcast_2 stored as values in memory (estimated size 31.6 KiB, free 1003.1 MiB)
26/07/26 05:12:20 INFO MemoryStore: Block broadcast_2_piece0 stored as bytes in memory (estimated size 13.9 KiB, free 1003.1 MiB)
26/07/26 05:12:20 INFO SparkContext: Created broadcast 2 from broadcast at DAGScheduler.scala:1686
26/07/26 05:12:20 INFO DAGScheduler: Submitting 2 missing tasks from ShuffleMapStage 2 (MapPartitionsRDD[10] at collect at DriverActivationSpec.scala:101) (first 15 tasks are for partitions Vector(0, 1))
26/07/26 05:12:20 INFO TaskSchedulerImpl: Adding task set 2.0 with 2 tasks resource profile 0
26/07/26 05:12:20 INFO TaskSetManager: Starting task 0.0 in stage 2.0 (TID 4) (ab93cff004a3,executor driver, partition 0, PROCESS_LOCAL, 9971 bytes)
26/07/26 05:12:20 INFO TaskSetManager: Starting task 1.0 in stage 2.0 (TID 5) (ab93cff004a3,executor driver, partition 1, PROCESS_LOCAL, 9971 bytes)
26/07/26 05:12:20 INFO Executor: Running task 0.0 in stage 2.0 (TID 4)
26/07/26 05:12:20 INFO Executor: Running task 1.0 in stage 2.0 (TID 5)
26/07/26 05:12:21 INFO Executor: Finished task 1.0 in stage 2.0 (TID 5). 2337 bytes result sent to driver
26/07/26 05:12:21 INFO TaskSetManager: Finished task 1.0 in stage 2.0 (TID 5) in 529 ms on ab93cff004a3 (executor driver) (1/2)
26/07/26 05:12:21 INFO Executor: Finished task 0.0 in stage 2.0 (TID 4). 2380 bytes result sent to driver
26/07/26 05:12:22 INFO TaskSetManager: Finished task 0.0 in stage 2.0 (TID 4) in 1484 ms on ab93cff004a3 (executor driver) (2/2)
26/07/26 05:12:22 INFO TaskSchedulerImpl: Removed TaskSet 2.0 whose tasks have all completed, from pool
26/07/26 05:12:22 INFO DAGScheduler: ShuffleMapStage 2 (collect at DriverActivationSpec.scala:101) finished in 1822 ms
26/07/26 05:12:22 INFO DAGScheduler: looking for newly runnable stages
26/07/26 05:12:22 INFO DAGScheduler: running: HashSet()
26/07/26 05:12:22 INFO DAGScheduler: waiting: HashSet(ResultStage 3)
26/07/26 05:12:22 INFO DAGScheduler: failed: HashSet()
26/07/26 05:12:22 INFO DAGScheduler: Missing parents found for ResultStage 3: List()
26/07/26 05:12:22 INFO DAGScheduler: Submitting ResultStage 3 (MapPartitionsRDD[13] at collect at DriverActivationSpec.scala:101), which has no missing parents
26/07/26 05:12:22 INFO MemoryStore: Block broadcast_3 stored as values in memory (estimated size 29.2 KiB, free 1003.1 MiB)
26/07/26 05:12:23 INFO MemoryStore: Block broadcast_3_piece0 stored as bytes in memory (estimated size 13.0 KiB, free 1003.1 MiB)
26/07/26 05:12:23 INFO SparkContext: Created broadcast 3 from broadcast at DAGScheduler.scala:1686
26/07/26 05:12:23 INFO DAGScheduler: Submitting 2 missing tasks from ResultStage 3 (MapPartitionsRDD[13] at collect at DriverActivationSpec.scala:101) (first 15 tasks are for partitions Vector(0, 1))
26/07/26 05:12:23 INFO TaskSchedulerImpl: Adding task set 3.0 with 2 tasks resource profile 0
26/07/26 05:12:23 INFO TaskSetManager: Starting task 0.0 in stage 3.0 (TID 6) (ab93cff004a3,executor driver, partition 0, NODE_LOCAL, 9847 bytes)
26/07/26 05:12:23 INFO TaskSetManager: Starting task 1.0 in stage 3.0 (TID 7) (ab93cff004a3,executor driver, partition 1, NODE_LOCAL, 9847 bytes)
26/07/26 05:12:23 INFO Executor: Running task 0.0 in stage 3.0 (TID 6)
26/07/26 05:12:23 INFO Executor: Running task 1.0 in stage 3.0 (TID 7)
26/07/26 05:12:23 INFO ShuffleBlockFetcherIterator: Getting 2 (608.0 B) non-empty blocks including 2 (608.0 B) local and 0 (0.0 B) host-local and 0 (0.0 B) push-merged-local and 0 (0.0 B) remote blocks
26/07/26 05:12:23 INFO ShuffleBlockFetcherIterator: Getting 2 (456.0 B) non-empty blocks including 2 (456.0 B) local and 0 (0.0 B) host-local and 0 (0.0 B) push-merged-local and 0 (0.0 B) remote blocks
26/07/26 05:12:24 INFO ShuffleBlockFetcherIterator: Started 0 remote fetches in 728 ms
26/07/26 05:12:24 INFO ShuffleBlockFetcherIterator: Started 0 remote fetches in 590 ms
26/07/26 05:12:24 INFO Executor: Finished task 0.0 in stage 3.0 (TID 6). 4987 bytes result sent to driver
26/07/26 05:12:24 INFO Executor: Finished task 1.0 in stage 3.0 (TID 7). 4892 bytes result sent to driver
26/07/26 05:12:24 INFO TaskSetManager: Finished task 0.0 in stage 3.0 (TID 6) in 1298 ms on ab93cff004a3 (executor driver) (1/2)
26/07/26 05:12:24 INFO TaskSetManager: Finished task 1.0 in stage 3.0 (TID 7) in 1297 ms on ab93cff004a3 (executor driver) (2/2)
26/07/26 05:12:24 INFO TaskSchedulerImpl: Removed TaskSet 3.0 whose tasks have all completed, from pool
26/07/26 05:12:24 INFO DAGScheduler: ResultStage 3 (collect at DriverActivationSpec.scala:101) finished in 1773 ms
26/07/26 05:12:24 INFO DAGScheduler: Job 1 is finished. Cancelling potential speculative or zombie tasks for this job
26/07/26 05:12:24 INFO TaskSchedulerImpl: Canceling stage 3
26/07/26 05:12:24 INFO TaskSchedulerImpl: Killing all running tasks in stage 3: Stage finished
26/07/26 05:12:24 INFO DAGScheduler: Job 1 finished: collect at DriverActivationSpec.scala:101, took 4131.821176 ms
26/07/26 05:12:26 INFO HashAggregateExec: spark.sql.codegen.aggregate.map.twolevel.enabled is set to true, but current version of codegened fast hashmap does not support this aggregate.
26/07/26 05:12:27 INFO SparkContext: Starting job: collect at DriverActivationSpec.scala:101
26/07/26 05:12:27 INFO DAGScheduler: Registering RDD 17 (collect at DriverActivationSpec.scala:101) as input to shuffle 2
26/07/26 05:12:27 INFO DAGScheduler: Got job 2 (collect at DriverActivationSpec.scala:101) with 2 output partitions
26/07/26 05:12:27 INFO DAGScheduler: Final stage: ResultStage 5 (collect at DriverActivationSpec.scala:101)
26/07/26 05:12:27 INFO DAGScheduler: Parents of final stage: List(ShuffleMapStage 4)
26/07/26 05:12:27 INFO DAGScheduler: Missing parents: List(ShuffleMapStage 4)
26/07/26 05:12:27 INFO DAGScheduler: Missing parents found for ResultStage 5: List(ShuffleMapStage 4)
26/07/26 05:12:27 INFO DAGScheduler: Missing parents found for ShuffleMapStage 4: List()
26/07/26 05:12:28 INFO DAGScheduler: Submitting ShuffleMapStage 4 (MapPartitionsRDD[17] at collect at DriverActivationSpec.scala:101), which has no missing parents
26/07/26 05:12:28 INFO MemoryStore: Block broadcast_4 stored as values in memory (estimated size 31.6 KiB, free 1003.1 MiB)
26/07/26 05:12:28 INFO MemoryStore: Block broadcast_4_piece0 stored as bytes in memory (estimated size 13.9 KiB, free 1003.1 MiB)
26/07/26 05:12:28 INFO SparkContext: Created broadcast 4 from broadcast at DAGScheduler.scala:1686
26/07/26 05:12:28 INFO DAGScheduler: Submitting 2 missing tasks from ShuffleMapStage 4 (MapPartitionsRDD[17] at collect at DriverActivationSpec.scala:101) (first 15 tasks are for partitions Vector(0, 1))
26/07/26 05:12:28 INFO TaskSchedulerImpl: Adding task set 4.0 with 2 tasks resource profile 0
26/07/26 05:12:28 INFO TaskSetManager: Starting task 0.0 in stage 4.0 (TID 8) (ab93cff004a3,executor driver, partition 0, PROCESS_LOCAL, 9971 bytes)
26/07/26 05:12:29 INFO TaskSetManager: Starting task 1.0 in stage 4.0 (TID 9) (ab93cff004a3,executor driver, partition 1, PROCESS_LOCAL, 9971 bytes)
26/07/26 05:12:29 INFO Executor: Running task 0.0 in stage 4.0 (TID 8)
26/07/26 05:12:29 INFO Executor: Running task 1.0 in stage 4.0 (TID 9)
26/07/26 05:12:29 INFO Executor: Finished task 1.0 in stage 4.0 (TID 9). 2337 bytes result sent to driver
26/07/26 05:12:29 INFO Executor: Finished task 0.0 in stage 4.0 (TID 8). 2337 bytes result sent to driver
26/07/26 05:12:29 INFO TaskSetManager: Finished task 1.0 in stage 4.0 (TID 9) in 683 ms on ab93cff004a3 (executor driver) (1/2)
26/07/26 05:12:29 INFO TaskSetManager: Finished task 0.0 in stage 4.0 (TID 8) in 734 ms on ab93cff004a3 (executor driver) (2/2)
26/07/26 05:12:29 INFO TaskSchedulerImpl: Removed TaskSet 4.0 whose tasks have all completed, from pool
26/07/26 05:12:29 INFO DAGScheduler: ShuffleMapStage 4 (collect at DriverActivationSpec.scala:101) finished in 1708 ms
26/07/26 05:12:29 INFO DAGScheduler: looking for newly runnable stages
26/07/26 05:12:29 INFO DAGScheduler: running: HashSet()
26/07/26 05:12:29 INFO DAGScheduler: waiting: HashSet(ResultStage 5)
26/07/26 05:12:29 INFO DAGScheduler: failed: HashSet()
26/07/26 05:12:29 INFO DAGScheduler: Missing parents found for ResultStage 5: List()
26/07/26 05:12:29 INFO DAGScheduler: Submitting ResultStage 5 (MapPartitionsRDD[20] at collect at DriverActivationSpec.scala:101), which has no missing parents
26/07/26 05:12:29 INFO MemoryStore: Block broadcast_5 stored as values in memory (estimated size 29.2 KiB, free 1003.1 MiB)
26/07/26 05:12:29 INFO MemoryStore: Block broadcast_5_piece0 stored as bytes in memory (estimated size 13.0 KiB, free 1003.1 MiB)
26/07/26 05:12:29 INFO SparkContext: Created broadcast 5 from broadcast at DAGScheduler.scala:1686
26/07/26 05:12:29 INFO DAGScheduler: Submitting 2 missing tasks from ResultStage 5 (MapPartitionsRDD[20] at collect at DriverActivationSpec.scala:101) (first 15 tasks are for partitions Vector(0, 1))
26/07/26 05:12:29 INFO TaskSchedulerImpl: Adding task set 5.0 with 2 tasks resource profile 0
26/07/26 05:12:29 INFO TaskSetManager: Starting task 0.0 in stage 5.0 (TID 10) (ab93cff004a3,executor driver, partition 0, NODE_LOCAL, 9847 bytes)
26/07/26 05:12:29 INFO TaskSetManager: Starting task 1.0 in stage 5.0 (TID 11) (ab93cff004a3,executor driver, partition 1, NODE_LOCAL, 9847 bytes)
26/07/26 05:12:29 INFO Executor: Running task 1.0 in stage 5.0 (TID 11)
26/07/26 05:12:29 INFO Executor: Running task 0.0 in stage 5.0 (TID 10)
26/07/26 05:12:29 INFO ShuffleBlockFetcherIterator: Getting 2 (608.0 B) non-empty blocks including 2 (608.0 B) local and 0 (0.0 B) host-local and 0 (0.0 B) push-merged-local and 0 (0.0 B) remote blocks
26/07/26 05:12:29 INFO ShuffleBlockFetcherIterator: Started 0 remote fetches in 1 ms
26/07/26 05:12:29 INFO ShuffleBlockFetcherIterator: Getting 2 (456.0 B) non-empty blocks including 2 (456.0 B) local and 0 (0.0 B) host-local and 0 (0.0 B) push-merged-local and 0 (0.0 B) remote blocks
26/07/26 05:12:29 INFO ShuffleBlockFetcherIterator: Started 0 remote fetches in 18 ms
26/07/26 05:12:30 INFO Executor: Finished task 0.0 in stage 5.0 (TID 10). 4987 bytes result sent to driver
26/07/26 05:12:30 INFO TaskSetManager: Finished task 0.0 in stage 5.0 (TID 10) in 404 ms on ab93cff004a3 (executor driver) (1/2)
26/07/26 05:12:30 INFO Executor: Finished task 1.0 in stage 5.0 (TID 11). 4892 bytes result sent to driver
26/07/26 05:12:30 INFO TaskSetManager: Finished task 1.0 in stage 5.0 (TID 11) in 552 ms on ab93cff004a3 (executor driver) (2/2)
26/07/26 05:12:30 INFO TaskSchedulerImpl: Removed TaskSet 5.0 whose tasks have all completed, from pool
26/07/26 05:12:30 INFO DAGScheduler: ResultStage 5 (collect at DriverActivationSpec.scala:101) finished in 675 ms
26/07/26 05:12:30 INFO DAGScheduler: Job 2 is finished. Cancelling potential speculative or zombie tasks for this job
26/07/26 05:12:30 INFO TaskSchedulerImpl: Canceling stage 5
26/07/26 05:12:30 INFO TaskSchedulerImpl: Killing all running tasks in stage 5: Stage finished
26/07/26 05:12:30 INFO DAGScheduler: Job 2 finished: collect at DriverActivationSpec.scala:101, took 2735.991018 ms
26/07/26 05:12:31 INFO HashAggregateExec: spark.sql.codegen.aggregate.map.twolevel.enabled is set to true, but current version of codegened fast hashmap does not support this aggregate.
26/07/26 05:12:32 INFO SparkContext: Starting job: collect at DriverActivationSpec.scala:101
26/07/26 05:12:32 INFO DAGScheduler: Registering RDD 24 (collect at DriverActivationSpec.scala:101) as input to shuffle 3
26/07/26 05:12:32 INFO DAGScheduler: Got job 3 (collect at DriverActivationSpec.scala:101) with 2 output partitions
26/07/26 05:12:32 INFO DAGScheduler: Final stage: ResultStage 7 (collect at DriverActivationSpec.scala:101)
26/07/26 05:12:32 INFO DAGScheduler: Parents of final stage: List(ShuffleMapStage 6)
26/07/26 05:12:32 INFO DAGScheduler: Missing parents: List(ShuffleMapStage 6)
26/07/26 05:12:32 INFO DAGScheduler: Missing parents found for ResultStage 7: List(ShuffleMapStage 6)
26/07/26 05:12:32 INFO DAGScheduler: Missing parents found for ShuffleMapStage 6: List()
26/07/26 05:12:32 INFO DAGScheduler: Submitting ShuffleMapStage 6 (MapPartitionsRDD[24] at collect at DriverActivationSpec.scala:101), which has no missing parents
26/07/26 05:12:32 INFO MemoryStore: Block broadcast_6 stored as values in memory (estimated size 31.6 KiB, free 1003.1 MiB)
26/07/26 05:12:32 INFO MemoryStore: Block broadcast_6_piece0 stored as bytes in memory (estimated size 13.9 KiB, free 1003.1 MiB)
26/07/26 05:12:32 INFO SparkContext: Created broadcast 6 from broadcast at DAGScheduler.scala:1686
26/07/26 05:12:32 INFO DAGScheduler: Submitting 2 missing tasks from ShuffleMapStage 6 (MapPartitionsRDD[24] at collect at DriverActivationSpec.scala:101) (first 15 tasks are for partitions Vector(0, 1))
26/07/26 05:12:32 INFO TaskSchedulerImpl: Adding task set 6.0 with 2 tasks resource profile 0
26/07/26 05:12:32 INFO TaskSetManager: Starting task 0.0 in stage 6.0 (TID 12) (ab93cff004a3,executor driver, partition 0, PROCESS_LOCAL, 9971 bytes)
26/07/26 05:12:33 INFO TaskSetManager: Starting task 1.0 in stage 6.0 (TID 13) (ab93cff004a3,executor driver, partition 1, PROCESS_LOCAL, 9971 bytes)
26/07/26 05:12:33 INFO Executor: Running task 1.0 in stage 6.0 (TID 13)
26/07/26 05:12:33 INFO Executor: Running task 0.0 in stage 6.0 (TID 12)
26/07/26 05:12:33 INFO Executor: Finished task 1.0 in stage 6.0 (TID 13). 2337 bytes result sent to driver
26/07/26 05:12:33 INFO TaskSetManager: Finished task 1.0 in stage 6.0 (TID 13) in 766 ms on ab93cff004a3 (executor driver) (1/2)
26/07/26 05:12:33 INFO Executor: Finished task 0.0 in stage 6.0 (TID 12). 2337 bytes result sent to driver
26/07/26 05:12:33 INFO TaskSetManager: Finished task 0.0 in stage 6.0 (TID 12) in 1112 ms on ab93cff004a3 (executor driver) (2/2)
26/07/26 05:12:33 INFO TaskSchedulerImpl: Removed TaskSet 6.0 whose tasks have all completed, from pool
26/07/26 05:12:33 INFO DAGScheduler: ShuffleMapStage 6 (collect at DriverActivationSpec.scala:101) finished in 1477 ms
26/07/26 05:12:33 INFO DAGScheduler: looking for newly runnable stages
26/07/26 05:12:33 INFO DAGScheduler: running: HashSet()
26/07/26 05:12:33 INFO DAGScheduler: waiting: HashSet(ResultStage 7)
26/07/26 05:12:33 INFO DAGScheduler: failed: HashSet()
26/07/26 05:12:33 INFO DAGScheduler: Missing parents found for ResultStage 7: List()
26/07/26 05:12:33 INFO DAGScheduler: Submitting ResultStage 7 (MapPartitionsRDD[27] at collect at DriverActivationSpec.scala:101), which has no missing parents
26/07/26 05:12:34 INFO MemoryStore: Block broadcast_7 stored as values in memory (estimated size 29.2 KiB, free 1003.1 MiB)
26/07/26 05:12:34 INFO MemoryStore: Block broadcast_7_piece0 stored as bytes in memory (estimated size 13.0 KiB, free 1003.1 MiB)
26/07/26 05:12:34 INFO SparkContext: Created broadcast 7 from broadcast at DAGScheduler.scala:1686
26/07/26 05:12:34 INFO DAGScheduler: Submitting 2 missing tasks from ResultStage 7 (MapPartitionsRDD[27] at collect at DriverActivationSpec.scala:101) (first 15 tasks are for partitions Vector(0, 1))
26/07/26 05:12:34 INFO TaskSchedulerImpl: Adding task set 7.0 with 2 tasks resource profile 0
26/07/26 05:12:34 INFO TaskSetManager: Starting task 0.0 in stage 7.0 (TID 14) (ab93cff004a3,executor driver, partition 0, NODE_LOCAL, 9847 bytes)
26/07/26 05:12:34 INFO TaskSetManager: Starting task 1.0 in stage 7.0 (TID 15) (ab93cff004a3,executor driver, partition 1, NODE_LOCAL, 9847 bytes)
26/07/26 05:12:34 INFO Executor: Running task 0.0 in stage 7.0 (TID 14)
26/07/26 05:12:34 INFO Executor: Running task 1.0 in stage 7.0 (TID 15)
26/07/26 05:12:34 INFO ShuffleBlockFetcherIterator: Getting 2 (456.0 B) non-empty blocks including 2 (456.0 B) local and 0 (0.0 B) host-local and 0 (0.0 B) push-merged-local and 0 (0.0 B) remote blocks
26/07/26 05:12:34 INFO ShuffleBlockFetcherIterator: Started 0 remote fetches in 2 ms
26/07/26 05:12:34 INFO ShuffleBlockFetcherIterator: Getting 2 (608.0 B) non-empty blocks including 2 (608.0 B) local and 0 (0.0 B) host-local and 0 (0.0 B) push-merged-local and 0 (0.0 B) remote blocks
26/07/26 05:12:34 INFO ShuffleBlockFetcherIterator: Started 0 remote fetches in 1 ms
26/07/26 05:12:34 INFO Executor: Finished task 1.0 in stage 7.0 (TID 15). 4892 bytes result sent to driver
26/07/26 05:12:34 INFO TaskSetManager: Finished task 1.0 in stage 7.0 (TID 15) in 235 ms on ab93cff004a3 (executor driver) (1/2)
26/07/26 05:12:34 INFO Executor: Finished task 0.0 in stage 7.0 (TID 14). 4944 bytes result sent to driver
26/07/26 05:12:34 INFO TaskSetManager: Finished task 0.0 in stage 7.0 (TID 14) in 284 ms on ab93cff004a3 (executor driver) (2/2)
26/07/26 05:12:34 INFO DAGScheduler: ResultStage 7 (collect at DriverActivationSpec.scala:101) finished in 448 ms
26/07/26 05:12:34 INFO TaskSchedulerImpl: Removed TaskSet 7.0 whose tasks have all completed, from pool
26/07/26 05:12:34 INFO DAGScheduler: Job 3 is finished. Cancelling potential speculative or zombie tasks for this job
26/07/26 05:12:34 INFO TaskSchedulerImpl: Canceling stage 7
26/07/26 05:12:34 INFO TaskSchedulerImpl: Killing all running tasks in stage 7: Stage finished
26/07/26 05:12:34 INFO DAGScheduler: Job 3 finished: collect at DriverActivationSpec.scala:101, took 2107.605742 ms
26/07/26 05:12:34 INFO HashAggregateExec: spark.sql.codegen.aggregate.map.twolevel.enabled is set to true, but current version of codegened fast hashmap does not support this aggregate.
26/07/26 05:12:34 INFO SparkContext: Starting job: collect at DriverActivationSpec.scala:101
26/07/26 05:12:34 INFO DAGScheduler: Registering RDD 31 (collect at DriverActivationSpec.scala:101) as input to shuffle 4
26/07/26 05:12:34 INFO DAGScheduler: Got job 4 (collect at DriverActivationSpec.scala:101) with 2 output partitions
26/07/26 05:12:34 INFO DAGScheduler: Final stage: ResultStage 9 (collect at DriverActivationSpec.scala:101)
26/07/26 05:12:34 INFO DAGScheduler: Parents of final stage: List(ShuffleMapStage 8)
26/07/26 05:12:34 INFO DAGScheduler: Missing parents: List(ShuffleMapStage 8)
26/07/26 05:12:34 INFO DAGScheduler: Missing parents found for ResultStage 9: List(ShuffleMapStage 8)
26/07/26 05:12:34 INFO DAGScheduler: Missing parents found for ShuffleMapStage 8: List()
26/07/26 05:12:34 INFO DAGScheduler: Submitting ShuffleMapStage 8 (MapPartitionsRDD[31] at collect at DriverActivationSpec.scala:101), which has no missing parents
26/07/26 05:12:34 INFO MemoryStore: Block broadcast_8 stored as values in memory (estimated size 31.6 KiB, free 1003.1 MiB)
26/07/26 05:12:34 INFO MemoryStore: Block broadcast_8_piece0 stored as bytes in memory (estimated size 13.9 KiB, free 1003.1 MiB)
26/07/26 05:12:34 INFO SparkContext: Created broadcast 8 from broadcast at DAGScheduler.scala:1686
26/07/26 05:12:34 INFO DAGScheduler: Submitting 2 missing tasks from ShuffleMapStage 8 (MapPartitionsRDD[31] at collect at DriverActivationSpec.scala:101) (first 15 tasks are for partitions Vector(0, 1))
26/07/26 05:12:34 INFO TaskSchedulerImpl: Adding task set 8.0 with 2 tasks resource profile 0
26/07/26 05:12:35 INFO TaskSetManager: Starting task 0.0 in stage 8.0 (TID 16) (ab93cff004a3,executor driver, partition 0, PROCESS_LOCAL, 9971 bytes)
26/07/26 05:12:35 INFO TaskSetManager: Starting task 1.0 in stage 8.0 (TID 17) (ab93cff004a3,executor driver, partition 1, PROCESS_LOCAL, 9971 bytes)
26/07/26 05:12:35 INFO Executor: Running task 0.0 in stage 8.0 (TID 16)
26/07/26 05:12:35 INFO Executor: Running task 1.0 in stage 8.0 (TID 17)
26/07/26 05:12:35 INFO Executor: Finished task 1.0 in stage 8.0 (TID 17). 2337 bytes result sent to driver
26/07/26 05:12:35 INFO TaskSetManager: Finished task 1.0 in stage 8.0 (TID 17) in 208 ms on ab93cff004a3 (executor driver) (1/2)
26/07/26 05:12:35 INFO Executor: Finished task 0.0 in stage 8.0 (TID 16). 2337 bytes result sent to driver
26/07/26 05:12:35 INFO TaskSetManager: Finished task 0.0 in stage 8.0 (TID 16) in 260 ms on ab93cff004a3 (executor driver) (2/2)
26/07/26 05:12:35 INFO TaskSchedulerImpl: Removed TaskSet 8.0 whose tasks have all completed, from pool
26/07/26 05:12:35 INFO DAGScheduler: ShuffleMapStage 8 (collect at DriverActivationSpec.scala:101) finished in 341 ms
26/07/26 05:12:35 INFO DAGScheduler: looking for newly runnable stages
26/07/26 05:12:35 INFO DAGScheduler: running: HashSet()
26/07/26 05:12:35 INFO DAGScheduler: waiting: HashSet(ResultStage 9)
26/07/26 05:12:35 INFO DAGScheduler: failed: HashSet()
26/07/26 05:12:35 INFO DAGScheduler: Missing parents found for ResultStage 9: List()
26/07/26 05:12:35 INFO DAGScheduler: Submitting ResultStage 9 (MapPartitionsRDD[34] at collect at DriverActivationSpec.scala:101), which has no missing parents
26/07/26 05:12:35 INFO MemoryStore: Block broadcast_9 stored as values in memory (estimated size 29.2 KiB, free 1003.1 MiB)
26/07/26 05:12:35 INFO MemoryStore: Block broadcast_9_piece0 stored as bytes in memory (estimated size 13.0 KiB, free 1003.1 MiB)
26/07/26 05:12:35 INFO SparkContext: Created broadcast 9 from broadcast at DAGScheduler.scala:1686
26/07/26 05:12:35 INFO DAGScheduler: Submitting 2 missing tasks from ResultStage 9 (MapPartitionsRDD[34] at collect at DriverActivationSpec.scala:101) (first 15 tasks are for partitions Vector(0, 1))
26/07/26 05:12:35 INFO TaskSchedulerImpl: Adding task set 9.0 with 2 tasks resource profile 0
26/07/26 05:12:35 INFO TaskSetManager: Starting task 0.0 in stage 9.0 (TID 18) (ab93cff004a3,executor driver, partition 0, NODE_LOCAL, 9847 bytes)
26/07/26 05:12:35 INFO TaskSetManager: Starting task 1.0 in stage 9.0 (TID 19) (ab93cff004a3,executor driver, partition 1, NODE_LOCAL, 9847 bytes)
26/07/26 05:12:35 INFO Executor: Running task 1.0 in stage 9.0 (TID 19)
26/07/26 05:12:35 INFO Executor: Running task 0.0 in stage 9.0 (TID 18)
26/07/26 05:12:35 INFO ShuffleBlockFetcherIterator: Getting 2 (456.0 B) non-empty blocks including 2 (456.0 B) local and 0 (0.0 B) host-local and 0 (0.0 B) push-merged-local and 0 (0.0 B) remote blocks
26/07/26 05:12:35 INFO ShuffleBlockFetcherIterator: Started 0 remote fetches in 2 ms
26/07/26 05:12:35 INFO ShuffleBlockFetcherIterator: Getting 2 (608.0 B) non-empty blocks including 2 (608.0 B) local and 0 (0.0 B) host-local and 0 (0.0 B) push-merged-local and 0 (0.0 B) remote blocks
26/07/26 05:12:35 INFO ShuffleBlockFetcherIterator: Started 0 remote fetches in 11 ms
26/07/26 05:12:35 INFO Executor: Finished task 1.0 in stage 9.0 (TID 19). 4849 bytes result sent to driver
26/07/26 05:12:35 INFO TaskSetManager: Finished task 1.0 in stage 9.0 (TID 19) in 76 ms on ab93cff004a3 (executor driver) (1/2)
26/07/26 05:12:35 INFO Executor: Finished task 0.0 in stage 9.0 (TID 18). 4944 bytes result sent to driver
26/07/26 05:12:35 INFO TaskSetManager: Finished task 0.0 in stage 9.0 (TID 18) in 104 ms on ab93cff004a3 (executor driver) (2/2)
26/07/26 05:12:35 INFO DAGScheduler: ResultStage 9 (collect at DriverActivationSpec.scala:101) finished in 147 ms
26/07/26 05:12:35 INFO DAGScheduler: Job 4 is finished. Cancelling potential speculative or zombie tasks for this job
26/07/26 05:12:35 INFO TaskSchedulerImpl: Removed TaskSet 9.0 whose tasks have all completed, from pool
26/07/26 05:12:35 INFO TaskSchedulerImpl: Canceling stage 9
26/07/26 05:12:35 INFO TaskSchedulerImpl: Killing all running tasks in stage 9: Stage finished
26/07/26 05:12:35 INFO DAGScheduler: Job 4 finished: collect at DriverActivationSpec.scala:101, took 516.520649 ms
26/07/26 05:12:35 INFO HashAggregateExec: spark.sql.codegen.aggregate.map.twolevel.enabled is set to true, but current version of codegened fast hashmap does not support this aggregate.
26/07/26 05:12:35 INFO SparkContext: Starting job: collect at DriverActivationSpec.scala:101
26/07/26 05:12:35 INFO DAGScheduler: Registering RDD 38 (collect at DriverActivationSpec.scala:101) as input to shuffle 5
26/07/26 05:12:35 INFO DAGScheduler: Got job 5 (collect at DriverActivationSpec.scala:101) with 2 output partitions
26/07/26 05:12:35 INFO DAGScheduler: Final stage: ResultStage 11 (collect at DriverActivationSpec.scala:101)
26/07/26 05:12:35 INFO DAGScheduler: Parents of final stage: List(ShuffleMapStage 10)
26/07/26 05:12:35 INFO DAGScheduler: Missing parents: List(ShuffleMapStage 10)
26/07/26 05:12:35 INFO DAGScheduler: Missing parents found for ResultStage 11: List(ShuffleMapStage 10)
26/07/26 05:12:35 INFO DAGScheduler: Missing parents found for ShuffleMapStage 10: List()
26/07/26 05:12:35 INFO DAGScheduler: Submitting ShuffleMapStage 10 (MapPartitionsRDD[38] at collect at DriverActivationSpec.scala:101), which has no missing parents
26/07/26 05:12:35 INFO MemoryStore: Block broadcast_10 stored as values in memory (estimated size 31.6 KiB, free 1003.1 MiB)
26/07/26 05:12:36 INFO MemoryStore: Block broadcast_10_piece0 stored as bytes in memory (estimated size 13.9 KiB, free 1003.1 MiB)
26/07/26 05:12:36 INFO SparkContext: Created broadcast 10 from broadcast at DAGScheduler.scala:1686
26/07/26 05:12:36 INFO DAGScheduler: Submitting 2 missing tasks from ShuffleMapStage 10 (MapPartitionsRDD[38] at collect at DriverActivationSpec.scala:101) (first 15 tasks are for partitions Vector(0, 1))
26/07/26 05:12:36 INFO TaskSchedulerImpl: Adding task set 10.0 with 2 tasks resource profile 0
26/07/26 05:12:36 INFO TaskSetManager: Starting task 0.0 in stage 10.0 (TID 20) (ab93cff004a3,executor driver, partition 0, PROCESS_LOCAL, 9971 bytes)
26/07/26 05:12:36 INFO TaskSetManager: Starting task 1.0 in stage 10.0 (TID 21) (ab93cff004a3,executor driver, partition 1, PROCESS_LOCAL, 9971 bytes)
26/07/26 05:12:36 INFO Executor: Running task 0.0 in stage 10.0 (TID 20)
26/07/26 05:12:36 INFO Executor: Running task 1.0 in stage 10.0 (TID 21)
26/07/26 05:12:36 INFO Executor: Finished task 1.0 in stage 10.0 (TID 21). 2294 bytes result sent to driver
26/07/26 05:12:36 INFO TaskSetManager: Finished task 1.0 in stage 10.0 (TID 21) in 127 ms on ab93cff004a3 (executor driver) (1/2)
26/07/26 05:12:36 INFO Executor: Finished task 0.0 in stage 10.0 (TID 20). 2294 bytes result sent to driver
26/07/26 05:12:36 INFO TaskSetManager: Finished task 0.0 in stage 10.0 (TID 20) in 169 ms on ab93cff004a3 (executor driver) (2/2)
26/07/26 05:12:36 INFO TaskSchedulerImpl: Removed TaskSet 10.0 whose tasks have all completed, from pool
26/07/26 05:12:36 INFO DAGScheduler: ShuffleMapStage 10 (collect at DriverActivationSpec.scala:101) finished in 220 ms
26/07/26 05:12:36 INFO DAGScheduler: looking for newly runnable stages
26/07/26 05:12:36 INFO DAGScheduler: running: HashSet()
26/07/26 05:12:36 INFO DAGScheduler: waiting: HashSet(ResultStage 11)
26/07/26 05:12:36 INFO DAGScheduler: failed: HashSet()
26/07/26 05:12:36 INFO DAGScheduler: Missing parents found for ResultStage 11: List()
26/07/26 05:12:36 INFO DAGScheduler: Submitting ResultStage 11 (MapPartitionsRDD[41] at collect at DriverActivationSpec.scala:101), which has no missing parents
26/07/26 05:12:36 INFO MemoryStore: Block broadcast_11 stored as values in memory (estimated size 29.2 KiB, free 1003.1 MiB)
26/07/26 05:12:36 INFO MemoryStore: Block broadcast_11_piece0 stored as bytes in memory (estimated size 13.0 KiB, free 1003.1 MiB)
26/07/26 05:12:36 INFO SparkContext: Created broadcast 11 from broadcast at DAGScheduler.scala:1686
26/07/26 05:12:36 INFO DAGScheduler: Submitting 2 missing tasks from ResultStage 11 (MapPartitionsRDD[41] at collect at DriverActivationSpec.scala:101) (first 15 tasks are for partitions Vector(0, 1))
26/07/26 05:12:36 INFO TaskSchedulerImpl: Adding task set 11.0 with 2 tasks resource profile 0
26/07/26 05:12:36 INFO TaskSetManager: Starting task 0.0 in stage 11.0 (TID 22) (ab93cff004a3,executor driver, partition 0, NODE_LOCAL, 9847 bytes)
26/07/26 05:12:36 INFO TaskSetManager: Starting task 1.0 in stage 11.0 (TID 23) (ab93cff004a3,executor driver, partition 1, NODE_LOCAL, 9847 bytes)
26/07/26 05:12:36 INFO Executor: Running task 0.0 in stage 11.0 (TID 22)
26/07/26 05:12:36 INFO Executor: Running task 1.0 in stage 11.0 (TID 23)
26/07/26 05:12:36 INFO ShuffleBlockFetcherIterator: Getting 2 (456.0 B) non-empty blocks including 2 (456.0 B) local and 0 (0.0 B) host-local and 0 (0.0 B) push-merged-local and 0 (0.0 B) remote blocks
26/07/26 05:12:36 INFO ShuffleBlockFetcherIterator: Started 0 remote fetches in 3 ms
26/07/26 05:12:36 INFO ShuffleBlockFetcherIterator: Getting 2 (608.0 B) non-empty blocks including 2 (608.0 B) local and 0 (0.0 B) host-local and 0 (0.0 B) push-merged-local and 0 (0.0 B) remote blocks
26/07/26 05:12:36 INFO ShuffleBlockFetcherIterator: Started 0 remote fetches in 2 ms
26/07/26 05:12:36 INFO Executor: Finished task 1.0 in stage 11.0 (TID 23). 4849 bytes result sent to driver
26/07/26 05:12:36 INFO TaskSetManager: Finished task 1.0 in stage 11.0 (TID 23) in 125 ms on ab93cff004a3 (executor driver) (1/2)
26/07/26 05:12:36 INFO Executor: Finished task 0.0 in stage 11.0 (TID 22). 4944 bytes result sent to driver
26/07/26 05:12:36 INFO TaskSetManager: Finished task 0.0 in stage 11.0 (TID 22) in 167 ms on ab93cff004a3 (executor driver) (2/2)
26/07/26 05:12:36 INFO TaskSchedulerImpl: Removed TaskSet 11.0 whose tasks have all completed, from pool
26/07/26 05:12:36 INFO DAGScheduler: ResultStage 11 (collect at DriverActivationSpec.scala:101) finished in 278 ms
26/07/26 05:12:36 INFO DAGScheduler: Job 5 is finished. Cancelling potential speculative or zombie tasks for this job
26/07/26 05:12:36 INFO TaskSchedulerImpl: Canceling stage 11
26/07/26 05:12:36 INFO TaskSchedulerImpl: Killing all running tasks in stage 11: Stage finished
26/07/26 05:12:36 INFO DAGScheduler: Job 5 finished: collect at DriverActivationSpec.scala:101, took 521.513089 ms
26/07/26 05:12:36 INFO HashAggregateExec: spark.sql.codegen.aggregate.map.twolevel.enabled is set to true, but current version of codegened fast hashmap does not support this aggregate.
26/07/26 05:12:36 INFO SparkContext: Starting job: collect at DriverActivationSpec.scala:101
26/07/26 05:12:36 INFO DAGScheduler: Registering RDD 45 (collect at DriverActivationSpec.scala:101) as input to shuffle 6
26/07/26 05:12:36 INFO DAGScheduler: Got job 6 (collect at DriverActivationSpec.scala:101) with 2 output partitions
26/07/26 05:12:36 INFO DAGScheduler: Final stage: ResultStage 13 (collect at DriverActivationSpec.scala:101)
26/07/26 05:12:36 INFO DAGScheduler: Parents of final stage: List(ShuffleMapStage 12)
26/07/26 05:12:36 INFO DAGScheduler: Missing parents: List(ShuffleMapStage 12)
26/07/26 05:12:36 INFO DAGScheduler: Missing parents found for ResultStage 13: List(ShuffleMapStage 12)
26/07/26 05:12:36 INFO DAGScheduler: Missing parents found for ShuffleMapStage 12: List()
26/07/26 05:12:37 INFO DAGScheduler: Submitting ShuffleMapStage 12 (MapPartitionsRDD[45] at collect at DriverActivationSpec.scala:101), which has no missing parents
26/07/26 05:12:37 INFO MemoryStore: Block broadcast_12 stored as values in memory (estimated size 31.6 KiB, free 1003.1 MiB)
26/07/26 05:12:37 INFO MemoryStore: Block broadcast_12_piece0 stored as bytes in memory (estimated size 13.9 KiB, free 1003.1 MiB)
26/07/26 05:12:37 INFO SparkContext: Created broadcast 12 from broadcast at DAGScheduler.scala:1686
26/07/26 05:12:37 INFO DAGScheduler: Submitting 2 missing tasks from ShuffleMapStage 12 (MapPartitionsRDD[45] at collect at DriverActivationSpec.scala:101) (first 15 tasks are for partitions Vector(0, 1))
26/07/26 05:12:37 INFO TaskSchedulerImpl: Adding task set 12.0 with 2 tasks resource profile 0
26/07/26 05:12:37 INFO TaskSetManager: Starting task 0.0 in stage 12.0 (TID 24) (ab93cff004a3,executor driver, partition 0, PROCESS_LOCAL, 9971 bytes)
26/07/26 05:12:37 INFO TaskSetManager: Starting task 1.0 in stage 12.0 (TID 25) (ab93cff004a3,executor driver, partition 1, PROCESS_LOCAL, 9971 bytes)
26/07/26 05:12:37 INFO Executor: Running task 0.0 in stage 12.0 (TID 24)
26/07/26 05:12:37 INFO Executor: Running task 1.0 in stage 12.0 (TID 25)
26/07/26 05:12:37 INFO Executor: Finished task 1.0 in stage 12.0 (TID 25). 2294 bytes result sent to driver
26/07/26 05:12:37 INFO TaskSetManager: Finished task 1.0 in stage 12.0 (TID 25) in 72 ms on ab93cff004a3 (executor driver) (1/2)
26/07/26 05:12:37 INFO Executor: Finished task 0.0 in stage 12.0 (TID 24). 2294 bytes result sent to driver
26/07/26 05:12:37 INFO TaskSetManager: Finished task 0.0 in stage 12.0 (TID 24) in 112 ms on ab93cff004a3 (executor driver) (2/2)
26/07/26 05:12:37 INFO TaskSchedulerImpl: Removed TaskSet 12.0 whose tasks have all completed, from pool
26/07/26 05:12:37 INFO DAGScheduler: ShuffleMapStage 12 (collect at DriverActivationSpec.scala:101) finished in 231 ms
26/07/26 05:12:37 INFO DAGScheduler: looking for newly runnable stages
26/07/26 05:12:37 INFO DAGScheduler: running: HashSet()
26/07/26 05:12:37 INFO DAGScheduler: waiting: HashSet(ResultStage 13)
26/07/26 05:12:37 INFO DAGScheduler: failed: HashSet()
26/07/26 05:12:37 INFO DAGScheduler: Missing parents found for ResultStage 13: List()
26/07/26 05:12:37 INFO DAGScheduler: Submitting ResultStage 13 (MapPartitionsRDD[48] at collect at DriverActivationSpec.scala:101), which has no missing parents
26/07/26 05:12:37 INFO MemoryStore: Block broadcast_13 stored as values in memory (estimated size 29.2 KiB, free 1003.1 MiB)
26/07/26 05:12:37 INFO MemoryStore: Block broadcast_13_piece0 stored as bytes in memory (estimated size 13.0 KiB, free 1003.1 MiB)
26/07/26 05:12:37 INFO SparkContext: Created broadcast 13 from broadcast at DAGScheduler.scala:1686
26/07/26 05:12:37 INFO DAGScheduler: Submitting 2 missing tasks from ResultStage 13 (MapPartitionsRDD[48] at collect at DriverActivationSpec.scala:101) (first 15 tasks are for partitions Vector(0, 1))
26/07/26 05:12:37 INFO TaskSchedulerImpl: Adding task set 13.0 with 2 tasks resource profile 0
26/07/26 05:12:37 INFO TaskSetManager: Starting task 0.0 in stage 13.0 (TID 26) (ab93cff004a3,executor driver, partition 0, NODE_LOCAL, 9847 bytes)
26/07/26 05:12:37 INFO TaskSetManager: Starting task 1.0 in stage 13.0 (TID 27) (ab93cff004a3,executor driver, partition 1, NODE_LOCAL, 9847 bytes)
26/07/26 05:12:37 INFO Executor: Running task 1.0 in stage 13.0 (TID 27)
26/07/26 05:12:37 INFO Executor: Running task 0.0 in stage 13.0 (TID 26)
26/07/26 05:12:37 INFO ShuffleBlockFetcherIterator: Getting 2 (608.0 B) non-empty blocks including 2 (608.0 B) local and 0 (0.0 B) host-local and 0 (0.0 B) push-merged-local and 0 (0.0 B) remote blocks
26/07/26 05:12:37 INFO ShuffleBlockFetcherIterator: Started 0 remote fetches in 2 ms
26/07/26 05:12:37 INFO ShuffleBlockFetcherIterator: Getting 2 (456.0 B) non-empty blocks including 2 (456.0 B) local and 0 (0.0 B) host-local and 0 (0.0 B) push-merged-local and 0 (0.0 B) remote blocks
26/07/26 05:12:37 INFO Executor: Finished task 0.0 in stage 13.0 (TID 26). 4987 bytes result sent to driver
26/07/26 05:12:37 INFO ShuffleBlockFetcherIterator: Started 0 remote fetches in 15 ms
26/07/26 05:12:37 INFO TaskSetManager: Finished task 0.0 in stage 13.0 (TID 26) in 88 ms on ab93cff004a3 (executor driver) (1/2)
26/07/26 05:12:37 INFO Executor: Finished task 1.0 in stage 13.0 (TID 27). 4849 bytes result sent to driver
26/07/26 05:12:37 INFO TaskSetManager: Finished task 1.0 in stage 13.0 (TID 27) in 152 ms on ab93cff004a3 (executor driver) (2/2)
26/07/26 05:12:37 INFO TaskSchedulerImpl: Removed TaskSet 13.0 whose tasks have all completed, from pool
26/07/26 05:12:37 INFO DAGScheduler: ResultStage 13 (collect at DriverActivationSpec.scala:101) finished in 183 ms
26/07/26 05:12:37 INFO DAGScheduler: Job 6 is finished. Cancelling potential speculative or zombie tasks for this job
26/07/26 05:12:37 INFO TaskSchedulerImpl: Canceling stage 13
26/07/26 05:12:37 INFO TaskSchedulerImpl: Killing all running tasks in stage 13: Stage finished
26/07/26 05:12:37 INFO DAGScheduler: Job 6 finished: collect at DriverActivationSpec.scala:101, took 458.963194 ms
26/07/26 05:12:38 INFO HashAggregateExec: spark.sql.codegen.aggregate.map.twolevel.enabled is set to true, but current version of codegened fast hashmap does not support this aggregate.
26/07/26 05:12:38 INFO SparkContext: Starting job: collect at DriverActivationSpec.scala:101
26/07/26 05:12:38 INFO DAGScheduler: Registering RDD 52 (collect at DriverActivationSpec.scala:101) as input to shuffle 7
26/07/26 05:12:38 INFO DAGScheduler: Got job 7 (collect at DriverActivationSpec.scala:101) with 2 output partitions
26/07/26 05:12:38 INFO DAGScheduler: Final stage: ResultStage 15 (collect at DriverActivationSpec.scala:101)
26/07/26 05:12:38 INFO DAGScheduler: Parents of final stage: List(ShuffleMapStage 14)
26/07/26 05:12:38 INFO DAGScheduler: Missing parents: List(ShuffleMapStage 14)
26/07/26 05:12:38 INFO DAGScheduler: Missing parents found for ResultStage 15: List(ShuffleMapStage 14)
26/07/26 05:12:38 INFO DAGScheduler: Missing parents found for ShuffleMapStage 14: List()
26/07/26 05:12:38 INFO DAGScheduler: Submitting ShuffleMapStage 14 (MapPartitionsRDD[52] at collect at DriverActivationSpec.scala:101), which has no missing parents
26/07/26 05:12:38 INFO MemoryStore: Block broadcast_14 stored as values in memory (estimated size 31.6 KiB, free 1003.1 MiB)
26/07/26 05:12:38 INFO MemoryStore: Block broadcast_14_piece0 stored as bytes in memory (estimated size 13.9 KiB, free 1003.1 MiB)
26/07/26 05:12:38 INFO SparkContext: Created broadcast 14 from broadcast at DAGScheduler.scala:1686
26/07/26 05:12:38 INFO DAGScheduler: Submitting 2 missing tasks from ShuffleMapStage 14 (MapPartitionsRDD[52] at collect at DriverActivationSpec.scala:101) (first 15 tasks are for partitions Vector(0, 1))
26/07/26 05:12:38 INFO TaskSchedulerImpl: Adding task set 14.0 with 2 tasks resource profile 0
26/07/26 05:12:38 INFO TaskSetManager: Starting task 0.0 in stage 14.0 (TID 28) (ab93cff004a3,executor driver, partition 0, PROCESS_LOCAL, 9971 bytes)
26/07/26 05:12:38 INFO TaskSetManager: Starting task 1.0 in stage 14.0 (TID 29) (ab93cff004a3,executor driver, partition 1, PROCESS_LOCAL, 9971 bytes)
26/07/26 05:12:38 INFO Executor: Running task 0.0 in stage 14.0 (TID 28)
26/07/26 05:12:38 INFO Executor: Running task 1.0 in stage 14.0 (TID 29)
26/07/26 05:12:38 INFO Executor: Finished task 1.0 in stage 14.0 (TID 29). 2294 bytes result sent to driver
26/07/26 05:12:38 INFO TaskSetManager: Finished task 1.0 in stage 14.0 (TID 29) in 62 ms on ab93cff004a3 (executor driver) (1/2)
26/07/26 05:12:38 INFO Executor: Finished task 0.0 in stage 14.0 (TID 28). 2294 bytes result sent to driver
26/07/26 05:12:38 INFO TaskSetManager: Finished task 0.0 in stage 14.0 (TID 28) in 93 ms on ab93cff004a3 (executor driver) (2/2)
26/07/26 05:12:38 INFO TaskSchedulerImpl: Removed TaskSet 14.0 whose tasks have all completed, from pool
26/07/26 05:12:38 INFO DAGScheduler: ShuffleMapStage 14 (collect at DriverActivationSpec.scala:101) finished in 123 ms
26/07/26 05:12:38 INFO DAGScheduler: looking for newly runnable stages
26/07/26 05:12:38 INFO DAGScheduler: running: HashSet()
26/07/26 05:12:38 INFO DAGScheduler: waiting: HashSet(ResultStage 15)
26/07/26 05:12:38 INFO DAGScheduler: failed: HashSet()
26/07/26 05:12:38 INFO DAGScheduler: Missing parents found for ResultStage 15: List()
26/07/26 05:12:38 INFO DAGScheduler: Submitting ResultStage 15 (MapPartitionsRDD[55] at collect at DriverActivationSpec.scala:101), which has no missing parents
26/07/26 05:12:38 INFO MemoryStore: Block broadcast_15 stored as values in memory (estimated size 29.2 KiB, free 1003.1 MiB)
26/07/26 05:12:38 INFO MemoryStore: Block broadcast_15_piece0 stored as bytes in memory (estimated size 13.0 KiB, free 1003.1 MiB)
26/07/26 05:12:38 INFO SparkContext: Created broadcast 15 from broadcast at DAGScheduler.scala:1686
26/07/26 05:12:38 INFO DAGScheduler: Submitting 2 missing tasks from ResultStage 15 (MapPartitionsRDD[55] at collect at DriverActivationSpec.scala:101) (first 15 tasks are for partitions Vector(0, 1))
26/07/26 05:12:38 INFO TaskSchedulerImpl: Adding task set 15.0 with 2 tasks resource profile 0
26/07/26 05:12:38 INFO TaskSetManager: Starting task 0.0 in stage 15.0 (TID 30) (ab93cff004a3,executor driver, partition 0, NODE_LOCAL, 9847 bytes)
26/07/26 05:12:38 INFO TaskSetManager: Starting task 1.0 in stage 15.0 (TID 31) (ab93cff004a3,executor driver, partition 1, NODE_LOCAL, 9847 bytes)
26/07/26 05:12:38 INFO Executor: Running task 1.0 in stage 15.0 (TID 31)
26/07/26 05:12:38 INFO Executor: Running task 0.0 in stage 15.0 (TID 30)
26/07/26 05:12:38 INFO ShuffleBlockFetcherIterator: Getting 2 (456.0 B) non-empty blocks including 2 (456.0 B) local and 0 (0.0 B) host-local and 0 (0.0 B) push-merged-local and 0 (0.0 B) remote blocks
26/07/26 05:12:38 INFO ShuffleBlockFetcherIterator: Started 0 remote fetches in 1 ms
26/07/26 05:12:38 INFO ShuffleBlockFetcherIterator: Getting 2 (608.0 B) non-empty blocks including 2 (608.0 B) local and 0 (0.0 B) host-local and 0 (0.0 B) push-merged-local and 0 (0.0 B) remote blocks
26/07/26 05:12:38 INFO ShuffleBlockFetcherIterator: Started 0 remote fetches in 2 ms
26/07/26 05:12:38 INFO Executor: Finished task 1.0 in stage 15.0 (TID 31). 4892 bytes result sent to driver
26/07/26 05:12:38 INFO Executor: Finished task 0.0 in stage 15.0 (TID 30). 4944 bytes result sent to driver
26/07/26 05:12:38 INFO TaskSetManager: Finished task 1.0 in stage 15.0 (TID 31) in 75 ms on ab93cff004a3 (executor driver) (1/2)
26/07/26 05:12:38 INFO TaskSetManager: Finished task 0.0 in stage 15.0 (TID 30) in 92 ms on ab93cff004a3 (executor driver) (2/2)
26/07/26 05:12:38 INFO TaskSchedulerImpl: Removed TaskSet 15.0 whose tasks have all completed, from pool
26/07/26 05:12:38 INFO DAGScheduler: ResultStage 15 (collect at DriverActivationSpec.scala:101) finished in 110 ms
26/07/26 05:12:38 INFO DAGScheduler: Job 7 is finished. Cancelling potential speculative or zombie tasks for this job
26/07/26 05:12:38 INFO TaskSchedulerImpl: Canceling stage 15
26/07/26 05:12:38 INFO TaskSchedulerImpl: Killing all running tasks in stage 15: Stage finished
26/07/26 05:12:38 INFO DAGScheduler: Job 7 finished: collect at DriverActivationSpec.scala:101, took 260.830973 ms
26/07/26 05:12:38 INFO HashAggregateExec: spark.sql.codegen.aggregate.map.twolevel.enabled is set to true, but current version of codegened fast hashmap does not support this aggregate.
26/07/26 05:12:38 INFO SparkContext: Starting job: collect at DriverActivationSpec.scala:101
26/07/26 05:12:38 INFO DAGScheduler: Registering RDD 59 (collect at DriverActivationSpec.scala:101) as input to shuffle 8
26/07/26 05:12:38 INFO DAGScheduler: Got job 8 (collect at DriverActivationSpec.scala:101) with 2 output partitions
26/07/26 05:12:38 INFO DAGScheduler: Final stage: ResultStage 17 (collect at DriverActivationSpec.scala:101)
26/07/26 05:12:38 INFO DAGScheduler: Parents of final stage: List(ShuffleMapStage 16)
26/07/26 05:12:38 INFO DAGScheduler: Missing parents: List(ShuffleMapStage 16)
26/07/26 05:12:38 INFO DAGScheduler: Missing parents found for ResultStage 17: List(ShuffleMapStage 16)
26/07/26 05:12:38 INFO DAGScheduler: Missing parents found for ShuffleMapStage 16: List()
26/07/26 05:12:38 INFO DAGScheduler: Submitting ShuffleMapStage 16 (MapPartitionsRDD[59] at collect at DriverActivationSpec.scala:101), which has no missing parents
26/07/26 05:12:38 INFO MemoryStore: Block broadcast_16 stored as values in memory (estimated size 31.6 KiB, free 1003.1 MiB)
26/07/26 05:12:38 INFO MemoryStore: Block broadcast_16_piece0 stored as bytes in memory (estimated size 13.9 KiB, free 1003.1 MiB)
26/07/26 05:12:38 INFO SparkContext: Created broadcast 16 from broadcast at DAGScheduler.scala:1686
26/07/26 05:12:38 INFO DAGScheduler: Submitting 2 missing tasks from ShuffleMapStage 16 (MapPartitionsRDD[59] at collect at DriverActivationSpec.scala:101) (first 15 tasks are for partitions Vector(0, 1))
26/07/26 05:12:38 INFO TaskSchedulerImpl: Adding task set 16.0 with 2 tasks resource profile 0
26/07/26 05:12:38 INFO TaskSetManager: Starting task 0.0 in stage 16.0 (TID 32) (ab93cff004a3,executor driver, partition 0, PROCESS_LOCAL, 9971 bytes)
26/07/26 05:12:38 INFO TaskSetManager: Starting task 1.0 in stage 16.0 (TID 33) (ab93cff004a3,executor driver, partition 1, PROCESS_LOCAL, 9971 bytes)
26/07/26 05:12:38 INFO Executor: Running task 1.0 in stage 16.0 (TID 33)
26/07/26 05:12:38 INFO Executor: Running task 0.0 in stage 16.0 (TID 32)
26/07/26 05:12:38 INFO Executor: Finished task 1.0 in stage 16.0 (TID 33). 2294 bytes result sent to driver
26/07/26 05:12:38 INFO TaskSetManager: Finished task 1.0 in stage 16.0 (TID 33) in 75 ms on ab93cff004a3 (executor driver) (1/2)
26/07/26 05:12:38 INFO Executor: Finished task 0.0 in stage 16.0 (TID 32). 2294 bytes result sent to driver
26/07/26 05:12:38 INFO TaskSetManager: Finished task 0.0 in stage 16.0 (TID 32) in 118 ms on ab93cff004a3 (executor driver) (2/2)
26/07/26 05:12:38 INFO DAGScheduler: ShuffleMapStage 16 (collect at DriverActivationSpec.scala:101) finished in 142 ms
26/07/26 05:12:38 INFO DAGScheduler: looking for newly runnable stages
26/07/26 05:12:38 INFO DAGScheduler: running: HashSet()
26/07/26 05:12:38 INFO DAGScheduler: waiting: HashSet(ResultStage 17)
26/07/26 05:12:38 INFO DAGScheduler: failed: HashSet()
26/07/26 05:12:38 INFO DAGScheduler: Missing parents found for ResultStage 17: List()
26/07/26 05:12:38 INFO DAGScheduler: Submitting ResultStage 17 (MapPartitionsRDD[62] at collect at DriverActivationSpec.scala:101), which has no missing parents
26/07/26 05:12:38 INFO TaskSchedulerImpl: Removed TaskSet 16.0 whose tasks have all completed, from pool
26/07/26 05:12:38 INFO MemoryStore: Block broadcast_17 stored as values in memory (estimated size 29.2 KiB, free 1003.1 MiB)
26/07/26 05:12:38 INFO MemoryStore: Block broadcast_17_piece0 stored as bytes in memory (estimated size 13.0 KiB, free 1003.1 MiB)
26/07/26 05:12:38 INFO SparkContext: Created broadcast 17 from broadcast at DAGScheduler.scala:1686
26/07/26 05:12:38 INFO DAGScheduler: Submitting 2 missing tasks from ResultStage 17 (MapPartitionsRDD[62] at collect at DriverActivationSpec.scala:101) (first 15 tasks are for partitions Vector(0, 1))
26/07/26 05:12:38 INFO TaskSchedulerImpl: Adding task set 17.0 with 2 tasks resource profile 0
26/07/26 05:12:38 INFO TaskSetManager: Starting task 0.0 in stage 17.0 (TID 34) (ab93cff004a3,executor driver, partition 0, NODE_LOCAL, 9847 bytes)
26/07/26 05:12:38 INFO TaskSetManager: Starting task 1.0 in stage 17.0 (TID 35) (ab93cff004a3,executor driver, partition 1, NODE_LOCAL, 9847 bytes)
26/07/26 05:12:38 INFO Executor: Running task 1.0 in stage 17.0 (TID 35)
26/07/26 05:12:38 INFO Executor: Running task 0.0 in stage 17.0 (TID 34)
26/07/26 05:12:38 INFO ShuffleBlockFetcherIterator: Getting 2 (456.0 B) non-empty blocks including 2 (456.0 B) local and 0 (0.0 B) host-local and 0 (0.0 B) push-merged-local and 0 (0.0 B) remote blocks
26/07/26 05:12:38 INFO ShuffleBlockFetcherIterator: Started 0 remote fetches in 7 ms
26/07/26 05:12:38 INFO ShuffleBlockFetcherIterator: Getting 2 (608.0 B) non-empty blocks including 2 (608.0 B) local and 0 (0.0 B) host-local and 0 (0.0 B) push-merged-local and 0 (0.0 B) remote blocks
26/07/26 05:12:38 INFO ShuffleBlockFetcherIterator: Started 0 remote fetches in 12 ms
26/07/26 05:12:38 INFO Executor: Finished task 1.0 in stage 17.0 (TID 35). 4849 bytes result sent to driver
26/07/26 05:12:39 INFO TaskSetManager: Finished task 1.0 in stage 17.0 (TID 35) in 109 ms on ab93cff004a3 (executor driver) (1/2)
26/07/26 05:12:39 INFO Executor: Finished task 0.0 in stage 17.0 (TID 34). 4944 bytes result sent to driver
26/07/26 05:12:39 INFO TaskSetManager: Finished task 0.0 in stage 17.0 (TID 34) in 115 ms on ab93cff004a3 (executor driver) (2/2)
26/07/26 05:12:39 INFO DAGScheduler: ResultStage 17 (collect at DriverActivationSpec.scala:101) finished in 155 ms
26/07/26 05:12:39 INFO TaskSchedulerImpl: Removed TaskSet 17.0 whose tasks have all completed, from pool
26/07/26 05:12:39 INFO DAGScheduler: Job 8 is finished. Cancelling potential speculative or zombie tasks for this job
26/07/26 05:12:39 INFO TaskSchedulerImpl: Canceling stage 17
26/07/26 05:12:39 INFO TaskSchedulerImpl: Killing all running tasks in stage 17: Stage finished
26/07/26 05:12:39 INFO DAGScheduler: Job 8 finished: collect at DriverActivationSpec.scala:101, took 313.39394 ms
26/07/26 05:12:39 INFO HashAggregateExec: spark.sql.codegen.aggregate.map.twolevel.enabled is set to true, but current version of codegened fast hashmap does not support this aggregate.
26/07/26 05:12:39 INFO SparkContext: Starting job: collect at DriverActivationSpec.scala:101
26/07/26 05:12:39 INFO DAGScheduler: Registering RDD 66 (collect at DriverActivationSpec.scala:101) as input to shuffle 9
26/07/26 05:12:39 INFO DAGScheduler: Got job 9 (collect at DriverActivationSpec.scala:101) with 2 output partitions
26/07/26 05:12:39 INFO DAGScheduler: Final stage: ResultStage 19 (collect at DriverActivationSpec.scala:101)
26/07/26 05:12:39 INFO DAGScheduler: Parents of final stage: List(ShuffleMapStage 18)
26/07/26 05:12:39 INFO DAGScheduler: Missing parents: List(ShuffleMapStage 18)
26/07/26 05:12:39 INFO DAGScheduler: Missing parents found for ResultStage 19: List(ShuffleMapStage 18)
26/07/26 05:12:39 INFO DAGScheduler: Missing parents found for ShuffleMapStage 18: List()
26/07/26 05:12:39 INFO DAGScheduler: Submitting ShuffleMapStage 18 (MapPartitionsRDD[66] at collect at DriverActivationSpec.scala:101), which has no missing parents
26/07/26 05:12:39 INFO MemoryStore: Block broadcast_18 stored as values in memory (estimated size 31.6 KiB, free 1003.1 MiB)
26/07/26 05:12:39 INFO MemoryStore: Block broadcast_18_piece0 stored as bytes in memory (estimated size 13.9 KiB, free 1003.1 MiB)
26/07/26 05:12:39 INFO SparkContext: Created broadcast 18 from broadcast at DAGScheduler.scala:1686
26/07/26 05:12:39 INFO DAGScheduler: Submitting 2 missing tasks from ShuffleMapStage 18 (MapPartitionsRDD[66] at collect at DriverActivationSpec.scala:101) (first 15 tasks are for partitions Vector(0, 1))
26/07/26 05:12:39 INFO TaskSchedulerImpl: Adding task set 18.0 with 2 tasks resource profile 0
26/07/26 05:12:39 INFO TaskSetManager: Starting task 0.0 in stage 18.0 (TID 36) (ab93cff004a3,executor driver, partition 0, PROCESS_LOCAL, 9971 bytes)
26/07/26 05:12:39 INFO TaskSetManager: Starting task 1.0 in stage 18.0 (TID 37) (ab93cff004a3,executor driver, partition 1, PROCESS_LOCAL, 9971 bytes)
26/07/26 05:12:39 INFO Executor: Running task 1.0 in stage 18.0 (TID 37)
26/07/26 05:12:39 INFO Executor: Running task 0.0 in stage 18.0 (TID 36)
26/07/26 05:12:39 INFO Executor: Finished task 0.0 in stage 18.0 (TID 36). 2294 bytes result sent to driver
26/07/26 05:12:39 INFO TaskSetManager: Finished task 0.0 in stage 18.0 (TID 36) in 79 ms on ab93cff004a3 (executor driver) (1/2)
26/07/26 05:12:39 INFO Executor: Finished task 1.0 in stage 18.0 (TID 37). 2294 bytes result sent to driver
26/07/26 05:12:39 INFO TaskSetManager: Finished task 1.0 in stage 18.0 (TID 37) in 166 ms on ab93cff004a3 (executor driver) (2/2)
26/07/26 05:12:39 INFO TaskSchedulerImpl: Removed TaskSet 18.0 whose tasks have all completed, from pool
26/07/26 05:12:39 INFO DAGScheduler: ShuffleMapStage 18 (collect at DriverActivationSpec.scala:101) finished in 214 ms
26/07/26 05:12:39 INFO DAGScheduler: looking for newly runnable stages
26/07/26 05:12:39 INFO DAGScheduler: running: HashSet()
26/07/26 05:12:39 INFO DAGScheduler: waiting: HashSet(ResultStage 19)
26/07/26 05:12:39 INFO DAGScheduler: failed: HashSet()
26/07/26 05:12:39 INFO DAGScheduler: Missing parents found for ResultStage 19: List()
26/07/26 05:12:39 INFO DAGScheduler: Submitting ResultStage 19 (MapPartitionsRDD[69] at collect at DriverActivationSpec.scala:101), which has no missing parents
26/07/26 05:12:39 INFO MemoryStore: Block broadcast_19 stored as values in memory (estimated size 29.2 KiB, free 1003.1 MiB)
26/07/26 05:12:39 INFO MemoryStore: Block broadcast_19_piece0 stored as bytes in memory (estimated size 13.0 KiB, free 1003.1 MiB)
26/07/26 05:12:39 INFO SparkContext: Created broadcast 19 from broadcast at DAGScheduler.scala:1686
26/07/26 05:12:39 INFO DAGScheduler: Submitting 2 missing tasks from ResultStage 19 (MapPartitionsRDD[69] at collect at DriverActivationSpec.scala:101) (first 15 tasks are for partitions Vector(0, 1))
26/07/26 05:12:39 INFO TaskSchedulerImpl: Adding task set 19.0 with 2 tasks resource profile 0
26/07/26 05:12:39 INFO TaskSetManager: Starting task 0.0 in stage 19.0 (TID 38) (ab93cff004a3,executor driver, partition 0, NODE_LOCAL, 9847 bytes)
26/07/26 05:12:39 INFO TaskSetManager: Starting task 1.0 in stage 19.0 (TID 39) (ab93cff004a3,executor driver, partition 1, NODE_LOCAL, 9847 bytes)
26/07/26 05:12:39 INFO Executor: Running task 0.0 in stage 19.0 (TID 38)
26/07/26 05:12:39 INFO Executor: Running task 1.0 in stage 19.0 (TID 39)
26/07/26 05:12:39 INFO ShuffleBlockFetcherIterator: Getting 2 (456.0 B) non-empty blocks including 2 (456.0 B) local and 0 (0.0 B) host-local and 0 (0.0 B) push-merged-local and 0 (0.0 B) remote blocks
26/07/26 05:12:39 INFO ShuffleBlockFetcherIterator: Started 0 remote fetches in 5 ms
26/07/26 05:12:39 INFO ShuffleBlockFetcherIterator: Getting 2 (608.0 B) non-empty blocks including 2 (608.0 B) local and 0 (0.0 B) host-local and 0 (0.0 B) push-merged-local and 0 (0.0 B) remote blocks
26/07/26 05:12:39 INFO ShuffleBlockFetcherIterator: Started 0 remote fetches in 15 ms
26/07/26 05:12:39 INFO Executor: Finished task 1.0 in stage 19.0 (TID 39). 4849 bytes result sent to driver
26/07/26 05:12:39 INFO TaskSetManager: Finished task 1.0 in stage 19.0 (TID 39) in 263 ms on ab93cff004a3 (executor driver) (1/2)
26/07/26 05:12:39 INFO Executor: Finished task 0.0 in stage 19.0 (TID 38). 4944 bytes result sent to driver
26/07/26 05:12:39 INFO TaskSetManager: Finished task 0.0 in stage 19.0 (TID 38) in 317 ms on ab93cff004a3 (executor driver) (2/2)
26/07/26 05:12:39 INFO TaskSchedulerImpl: Removed TaskSet 19.0 whose tasks have all completed, from pool
26/07/26 05:12:39 INFO DAGScheduler: ResultStage 19 (collect at DriverActivationSpec.scala:101) finished in 431 ms
26/07/26 05:12:39 INFO DAGScheduler: Job 9 is finished. Cancelling potential speculative or zombie tasks for this job
26/07/26 05:12:39 INFO TaskSchedulerImpl: Canceling stage 19
26/07/26 05:12:39 INFO TaskSchedulerImpl: Killing all running tasks in stage 19: Stage finished
26/07/26 05:12:39 INFO DAGScheduler: Job 9 finished: collect at DriverActivationSpec.scala:101, took 679.912619 ms
26/07/26 05:12:40 INFO HashAggregateExec: spark.sql.codegen.aggregate.map.twolevel.enabled is set to true, but current version of codegened fast hashmap does not support this aggregate.
26/07/26 05:12:40 INFO SparkContext: Starting job: collect at DriverActivationSpec.scala:101
26/07/26 05:12:40 INFO DAGScheduler: Registering RDD 73 (collect at DriverActivationSpec.scala:101) as input to shuffle 10
26/07/26 05:12:40 INFO DAGScheduler: Got job 10 (collect at DriverActivationSpec.scala:101) with 2 output partitions
26/07/26 05:12:40 INFO DAGScheduler: Final stage: ResultStage 21 (collect at DriverActivationSpec.scala:101)
26/07/26 05:12:40 INFO DAGScheduler: Parents of final stage: List(ShuffleMapStage 20)
26/07/26 05:12:40 INFO DAGScheduler: Missing parents: List(ShuffleMapStage 20)
26/07/26 05:12:40 INFO DAGScheduler: Missing parents found for ResultStage 21: List(ShuffleMapStage 20)
26/07/26 05:12:40 INFO DAGScheduler: Missing parents found for ShuffleMapStage 20: List()
26/07/26 05:12:40 INFO DAGScheduler: Submitting ShuffleMapStage 20 (MapPartitionsRDD[73] at collect at DriverActivationSpec.scala:101), which has no missing parents
26/07/26 05:12:40 INFO MemoryStore: Block broadcast_20 stored as values in memory (estimated size 31.6 KiB, free 1003.1 MiB)
26/07/26 05:12:40 INFO MemoryStore: Block broadcast_20_piece0 stored as bytes in memory (estimated size 13.9 KiB, free 1003.1 MiB)
26/07/26 05:12:40 INFO SparkContext: Created broadcast 20 from broadcast at DAGScheduler.scala:1686
26/07/26 05:12:40 INFO DAGScheduler: Submitting 2 missing tasks from ShuffleMapStage 20 (MapPartitionsRDD[73] at collect at DriverActivationSpec.scala:101) (first 15 tasks are for partitions Vector(0, 1))
26/07/26 05:12:40 INFO TaskSchedulerImpl: Adding task set 20.0 with 2 tasks resource profile 0
26/07/26 05:12:40 INFO TaskSetManager: Starting task 0.0 in stage 20.0 (TID 40) (ab93cff004a3,executor driver, partition 0, PROCESS_LOCAL, 9971 bytes)
26/07/26 05:12:40 INFO TaskSetManager: Starting task 1.0 in stage 20.0 (TID 41) (ab93cff004a3,executor driver, partition 1, PROCESS_LOCAL, 9971 bytes)
26/07/26 05:12:40 INFO Executor: Running task 1.0 in stage 20.0 (TID 41)
26/07/26 05:12:40 INFO Executor: Running task 0.0 in stage 20.0 (TID 40)
26/07/26 05:12:40 INFO Executor: Finished task 0.0 in stage 20.0 (TID 40). 2294 bytes result sent to driver
26/07/26 05:12:40 INFO TaskSetManager: Finished task 0.0 in stage 20.0 (TID 40) in 148 ms on ab93cff004a3 (executor driver) (1/2)
26/07/26 05:12:41 INFO Executor: Finished task 1.0 in stage 20.0 (TID 41). 2294 bytes result sent to driver
26/07/26 05:12:41 INFO TaskSetManager: Finished task 1.0 in stage 20.0 (TID 41) in 351 ms on ab93cff004a3 (executor driver) (2/2)
26/07/26 05:12:41 INFO TaskSchedulerImpl: Removed TaskSet 20.0 whose tasks have all completed, from pool
26/07/26 05:12:41 INFO DAGScheduler: ShuffleMapStage 20 (collect at DriverActivationSpec.scala:101) finished in 445 ms
26/07/26 05:12:41 INFO DAGScheduler: looking for newly runnable stages
26/07/26 05:12:41 INFO DAGScheduler: running: HashSet()
26/07/26 05:12:41 INFO DAGScheduler: waiting: HashSet(ResultStage 21)
26/07/26 05:12:41 INFO DAGScheduler: failed: HashSet()
26/07/26 05:12:41 INFO DAGScheduler: Missing parents found for ResultStage 21: List()
26/07/26 05:12:41 INFO DAGScheduler: Submitting ResultStage 21 (MapPartitionsRDD[76] at collect at DriverActivationSpec.scala:101), which has no missing parents
26/07/26 05:12:41 INFO MemoryStore: Block broadcast_21 stored as values in memory (estimated size 29.2 KiB, free 1003.1 MiB)
26/07/26 05:12:41 INFO MemoryStore: Block broadcast_21_piece0 stored as bytes in memory (estimated size 13.0 KiB, free 1003.1 MiB)
26/07/26 05:12:41 INFO SparkContext: Created broadcast 21 from broadcast at DAGScheduler.scala:1686
26/07/26 05:12:41 INFO DAGScheduler: Submitting 2 missing tasks from ResultStage 21 (MapPartitionsRDD[76] at collect at DriverActivationSpec.scala:101) (first 15 tasks are for partitions Vector(0, 1))
26/07/26 05:12:41 INFO TaskSchedulerImpl: Adding task set 21.0 with 2 tasks resource profile 0
26/07/26 05:12:41 INFO TaskSetManager: Starting task 0.0 in stage 21.0 (TID 42) (ab93cff004a3,executor driver, partition 0, NODE_LOCAL, 9847 bytes)
26/07/26 05:12:41 INFO TaskSetManager: Starting task 1.0 in stage 21.0 (TID 43) (ab93cff004a3,executor driver, partition 1, NODE_LOCAL, 9847 bytes)
26/07/26 05:12:41 INFO Executor: Running task 1.0 in stage 21.0 (TID 43)
26/07/26 05:12:41 INFO Executor: Running task 0.0 in stage 21.0 (TID 42)
26/07/26 05:12:41 INFO ShuffleBlockFetcherIterator: Getting 2 (608.0 B) non-empty blocks including 2 (608.0 B) local and 0 (0.0 B) host-local and 0 (0.0 B) push-merged-local and 0 (0.0 B) remote blocks
26/07/26 05:12:41 INFO ShuffleBlockFetcherIterator: Started 0 remote fetches in 2 ms
26/07/26 05:12:41 INFO ShuffleBlockFetcherIterator: Getting 2 (456.0 B) non-empty blocks including 2 (456.0 B) local and 0 (0.0 B) host-local and 0 (0.0 B) push-merged-local and 0 (0.0 B) remote blocks
26/07/26 05:12:41 INFO ShuffleBlockFetcherIterator: Started 0 remote fetches in 16 ms
26/07/26 05:12:41 INFO Executor: Finished task 1.0 in stage 21.0 (TID 43). 4892 bytes result sent to driver
26/07/26 05:12:41 INFO TaskSetManager: Finished task 1.0 in stage 21.0 (TID 43) in 271 ms on ab93cff004a3 (executor driver) (1/2)
26/07/26 05:12:41 INFO Executor: Finished task 0.0 in stage 21.0 (TID 42). 4944 bytes result sent to driver
26/07/26 05:12:41 INFO TaskSetManager: Finished task 0.0 in stage 21.0 (TID 42) in 319 ms on ab93cff004a3 (executor driver) (2/2)
26/07/26 05:12:41 INFO TaskSchedulerImpl: Removed TaskSet 21.0 whose tasks have all completed, from pool
26/07/26 05:12:41 INFO DAGScheduler: ResultStage 21 (collect at DriverActivationSpec.scala:101) finished in 394 ms
26/07/26 05:12:41 INFO DAGScheduler: Job 10 is finished. Cancelling potential speculative or zombie tasks for this job
26/07/26 05:12:41 INFO TaskSchedulerImpl: Canceling stage 21
26/07/26 05:12:41 INFO TaskSchedulerImpl: Killing all running tasks in stage 21: Stage finished
26/07/26 05:12:41 INFO DAGScheduler: Job 10 finished: collect at DriverActivationSpec.scala:101, took 891.211365 ms
26/07/26 05:12:41 INFO HashAggregateExec: spark.sql.codegen.aggregate.map.twolevel.enabled is set to true, but current version of codegened fast hashmap does not support this aggregate.
26/07/26 05:12:41 INFO SparkContext: Starting job: collect at DriverActivationSpec.scala:101
26/07/26 05:12:41 INFO DAGScheduler: Registering RDD 80 (collect at DriverActivationSpec.scala:101) as input to shuffle 11
26/07/26 05:12:41 INFO DAGScheduler: Got job 11 (collect at DriverActivationSpec.scala:101) with 2 output partitions
26/07/26 05:12:41 INFO DAGScheduler: Final stage: ResultStage 23 (collect at DriverActivationSpec.scala:101)
26/07/26 05:12:41 INFO DAGScheduler: Parents of final stage: List(ShuffleMapStage 22)
26/07/26 05:12:41 INFO DAGScheduler: Missing parents: List(ShuffleMapStage 22)
26/07/26 05:12:41 INFO DAGScheduler: Missing parents found for ResultStage 23: List(ShuffleMapStage 22)
26/07/26 05:12:41 INFO DAGScheduler: Missing parents found for ShuffleMapStage 22: List()
26/07/26 05:12:41 INFO DAGScheduler: Submitting ShuffleMapStage 22 (MapPartitionsRDD[80] at collect at DriverActivationSpec.scala:101), which has no missing parents
26/07/26 05:12:41 INFO MemoryStore: Block broadcast_22 stored as values in memory (estimated size 31.6 KiB, free 1003.1 MiB)
26/07/26 05:12:41 INFO MemoryStore: Block broadcast_22_piece0 stored as bytes in memory (estimated size 13.9 KiB, free 1003.1 MiB)
26/07/26 05:12:41 INFO SparkContext: Created broadcast 22 from broadcast at DAGScheduler.scala:1686
26/07/26 05:12:41 INFO DAGScheduler: Submitting 2 missing tasks from ShuffleMapStage 22 (MapPartitionsRDD[80] at collect at DriverActivationSpec.scala:101) (first 15 tasks are for partitions Vector(0, 1))
26/07/26 05:12:41 INFO TaskSchedulerImpl: Adding task set 22.0 with 2 tasks resource profile 0
26/07/26 05:12:41 INFO TaskSetManager: Starting task 0.0 in stage 22.0 (TID 44) (ab93cff004a3,executor driver, partition 0, PROCESS_LOCAL, 9971 bytes)
26/07/26 05:12:41 INFO TaskSetManager: Starting task 1.0 in stage 22.0 (TID 45) (ab93cff004a3,executor driver, partition 1, PROCESS_LOCAL, 9971 bytes)
26/07/26 05:12:41 INFO Executor: Running task 1.0 in stage 22.0 (TID 45)
26/07/26 05:12:41 INFO Executor: Running task 0.0 in stage 22.0 (TID 44)
26/07/26 05:12:41 INFO Executor: Finished task 1.0 in stage 22.0 (TID 45). 2294 bytes result sent to driver
26/07/26 05:12:41 INFO TaskSetManager: Finished task 1.0 in stage 22.0 (TID 45) in 71 ms on ab93cff004a3 (executor driver) (1/2)
26/07/26 05:12:41 INFO Executor: Finished task 0.0 in stage 22.0 (TID 44). 2294 bytes result sent to driver
26/07/26 05:12:41 INFO TaskSetManager: Finished task 0.0 in stage 22.0 (TID 44) in 114 ms on ab93cff004a3 (executor driver) (2/2)
26/07/26 05:12:41 INFO TaskSchedulerImpl: Removed TaskSet 22.0 whose tasks have all completed, from pool
26/07/26 05:12:41 INFO DAGScheduler: ShuffleMapStage 22 (collect at DriverActivationSpec.scala:101) finished in 155 ms
26/07/26 05:12:41 INFO DAGScheduler: looking for newly runnable stages
26/07/26 05:12:41 INFO DAGScheduler: running: HashSet()
26/07/26 05:12:41 INFO DAGScheduler: waiting: HashSet(ResultStage 23)
26/07/26 05:12:41 INFO DAGScheduler: failed: HashSet()
26/07/26 05:12:41 INFO DAGScheduler: Missing parents found for ResultStage 23: List()
26/07/26 05:12:41 INFO DAGScheduler: Submitting ResultStage 23 (MapPartitionsRDD[83] at collect at DriverActivationSpec.scala:101), which has no missing parents
26/07/26 05:12:41 INFO MemoryStore: Block broadcast_23 stored as values in memory (estimated size 29.2 KiB, free 1003.1 MiB)
26/07/26 05:12:41 INFO MemoryStore: Block broadcast_23_piece0 stored as bytes in memory (estimated size 13.0 KiB, free 1003.1 MiB)
26/07/26 05:12:41 INFO SparkContext: Created broadcast 23 from broadcast at DAGScheduler.scala:1686
26/07/26 05:12:41 INFO DAGScheduler: Submitting 2 missing tasks from ResultStage 23 (MapPartitionsRDD[83] at collect at DriverActivationSpec.scala:101) (first 15 tasks are for partitions Vector(0, 1))
26/07/26 05:12:41 INFO TaskSchedulerImpl: Adding task set 23.0 with 2 tasks resource profile 0
26/07/26 05:12:41 INFO TaskSetManager: Starting task 0.0 in stage 23.0 (TID 46) (ab93cff004a3,executor driver, partition 0, NODE_LOCAL, 9847 bytes)
26/07/26 05:12:41 INFO TaskSetManager: Starting task 1.0 in stage 23.0 (TID 47) (ab93cff004a3,executor driver, partition 1, NODE_LOCAL, 9847 bytes)
26/07/26 05:12:41 INFO Executor: Running task 1.0 in stage 23.0 (TID 47)
26/07/26 05:12:41 INFO Executor: Running task 0.0 in stage 23.0 (TID 46)
26/07/26 05:12:41 INFO ShuffleBlockFetcherIterator: Getting 2 (456.0 B) non-empty blocks including 2 (456.0 B) local and 0 (0.0 B) host-local and 0 (0.0 B) push-merged-local and 0 (0.0 B) remote blocks
26/07/26 05:12:41 INFO ShuffleBlockFetcherIterator: Started 0 remote fetches in 1 ms
26/07/26 05:12:41 INFO ShuffleBlockFetcherIterator: Getting 2 (608.0 B) non-empty blocks including 2 (608.0 B) local and 0 (0.0 B) host-local and 0 (0.0 B) push-merged-local and 0 (0.0 B) remote blocks
26/07/26 05:12:41 INFO ShuffleBlockFetcherIterator: Started 0 remote fetches in 1 ms
26/07/26 05:12:41 INFO Executor: Finished task 1.0 in stage 23.0 (TID 47). 4849 bytes result sent to driver
26/07/26 05:12:41 INFO TaskSetManager: Finished task 1.0 in stage 23.0 (TID 47) in 54 ms on ab93cff004a3 (executor driver) (1/2)
26/07/26 05:12:41 INFO Executor: Finished task 0.0 in stage 23.0 (TID 46). 4944 bytes result sent to driver
26/07/26 05:12:41 INFO TaskSetManager: Finished task 0.0 in stage 23.0 (TID 46) in 74 ms on ab93cff004a3 (executor driver) (2/2)
26/07/26 05:12:41 INFO TaskSchedulerImpl: Removed TaskSet 23.0 whose tasks have all completed, from pool
26/07/26 05:12:41 INFO DAGScheduler: ResultStage 23 (collect at DriverActivationSpec.scala:101) finished in 97 ms
26/07/26 05:12:41 INFO DAGScheduler: Job 11 is finished. Cancelling potential speculative or zombie tasks for this job
26/07/26 05:12:41 INFO TaskSchedulerImpl: Canceling stage 23
26/07/26 05:12:41 INFO TaskSchedulerImpl: Killing all running tasks in stage 23: Stage finished
26/07/26 05:12:41 INFO DAGScheduler: Job 11 finished: collect at DriverActivationSpec.scala:101, took 277.700716 ms
26/07/26 05:12:42 INFO HashAggregateExec: spark.sql.codegen.aggregate.map.twolevel.enabled is set to true, but current version of codegened fast hashmap does not support this aggregate.
26/07/26 05:12:42 INFO SparkContext: Starting job: collect at DriverActivationSpec.scala:101
26/07/26 05:12:42 INFO DAGScheduler: Registering RDD 87 (collect at DriverActivationSpec.scala:101) as input to shuffle 12
26/07/26 05:12:42 INFO DAGScheduler: Got job 12 (collect at DriverActivationSpec.scala:101) with 2 output partitions
26/07/26 05:12:42 INFO DAGScheduler: Final stage: ResultStage 25 (collect at DriverActivationSpec.scala:101)
26/07/26 05:12:42 INFO DAGScheduler: Parents of final stage: List(ShuffleMapStage 24)
26/07/26 05:12:42 INFO DAGScheduler: Missing parents: List(ShuffleMapStage 24)
26/07/26 05:12:42 INFO DAGScheduler: Missing parents found for ResultStage 25: List(ShuffleMapStage 24)
26/07/26 05:12:42 INFO DAGScheduler: Missing parents found for ShuffleMapStage 24: List()
26/07/26 05:12:42 INFO DAGScheduler: Submitting ShuffleMapStage 24 (MapPartitionsRDD[87] at collect at DriverActivationSpec.scala:101), which has no missing parents
26/07/26 05:12:42 INFO MemoryStore: Block broadcast_24 stored as values in memory (estimated size 31.6 KiB, free 1003.1 MiB)
26/07/26 05:12:42 INFO MemoryStore: Block broadcast_24_piece0 stored as bytes in memory (estimated size 13.9 KiB, free 1003.1 MiB)
26/07/26 05:12:42 INFO SparkContext: Created broadcast 24 from broadcast at DAGScheduler.scala:1686
26/07/26 05:12:42 INFO DAGScheduler: Submitting 2 missing tasks from ShuffleMapStage 24 (MapPartitionsRDD[87] at collect at DriverActivationSpec.scala:101) (first 15 tasks are for partitions Vector(0, 1))
26/07/26 05:12:42 INFO TaskSchedulerImpl: Adding task set 24.0 with 2 tasks resource profile 0
26/07/26 05:12:42 INFO TaskSetManager: Starting task 0.0 in stage 24.0 (TID 48) (ab93cff004a3,executor driver, partition 0, PROCESS_LOCAL, 9971 bytes)
26/07/26 05:12:42 INFO TaskSetManager: Starting task 1.0 in stage 24.0 (TID 49) (ab93cff004a3,executor driver, partition 1, PROCESS_LOCAL, 9971 bytes)
26/07/26 05:12:42 INFO Executor: Running task 1.0 in stage 24.0 (TID 49)
26/07/26 05:12:42 INFO Executor: Running task 0.0 in stage 24.0 (TID 48)
26/07/26 05:12:42 INFO Executor: Finished task 1.0 in stage 24.0 (TID 49). 2337 bytes result sent to driver
26/07/26 05:12:42 INFO TaskSetManager: Finished task 1.0 in stage 24.0 (TID 49) in 98 ms on ab93cff004a3 (executor driver) (1/2)
26/07/26 05:12:42 INFO Executor: Finished task 0.0 in stage 24.0 (TID 48). 2337 bytes result sent to driver
26/07/26 05:12:42 INFO TaskSetManager: Finished task 0.0 in stage 24.0 (TID 48) in 124 ms on ab93cff004a3 (executor driver) (2/2)
26/07/26 05:12:42 INFO TaskSchedulerImpl: Removed TaskSet 24.0 whose tasks have all completed, from pool
26/07/26 05:12:42 INFO DAGScheduler: ShuffleMapStage 24 (collect at DriverActivationSpec.scala:101) finished in 156 ms
26/07/26 05:12:42 INFO DAGScheduler: looking for newly runnable stages
26/07/26 05:12:42 INFO DAGScheduler: running: HashSet()
26/07/26 05:12:42 INFO DAGScheduler: waiting: HashSet(ResultStage 25)
26/07/26 05:12:42 INFO DAGScheduler: failed: HashSet()
26/07/26 05:12:42 INFO DAGScheduler: Missing parents found for ResultStage 25: List()
26/07/26 05:12:42 INFO DAGScheduler: Submitting ResultStage 25 (MapPartitionsRDD[90] at collect at DriverActivationSpec.scala:101), which has no missing parents
26/07/26 05:12:42 INFO MemoryStore: Block broadcast_25 stored as values in memory (estimated size 29.2 KiB, free 1003.1 MiB)
26/07/26 05:12:42 INFO MemoryStore: Block broadcast_25_piece0 stored as bytes in memory (estimated size 13.0 KiB, free 1003.1 MiB)
26/07/26 05:12:42 INFO SparkContext: Created broadcast 25 from broadcast at DAGScheduler.scala:1686
26/07/26 05:12:42 INFO DAGScheduler: Submitting 2 missing tasks from ResultStage 25 (MapPartitionsRDD[90] at collect at DriverActivationSpec.scala:101) (first 15 tasks are for partitions Vector(0, 1))
26/07/26 05:12:42 INFO TaskSchedulerImpl: Adding task set 25.0 with 2 tasks resource profile 0
26/07/26 05:12:42 INFO TaskSetManager: Starting task 0.0 in stage 25.0 (TID 50) (ab93cff004a3,executor driver, partition 0, NODE_LOCAL, 9847 bytes)
26/07/26 05:12:42 INFO TaskSetManager: Starting task 1.0 in stage 25.0 (TID 51) (ab93cff004a3,executor driver, partition 1, NODE_LOCAL, 9847 bytes)
26/07/26 05:12:42 INFO Executor: Running task 0.0 in stage 25.0 (TID 50)
26/07/26 05:12:42 INFO Executor: Running task 1.0 in stage 25.0 (TID 51)
26/07/26 05:12:42 INFO ShuffleBlockFetcherIterator: Getting 2 (608.0 B) non-empty blocks including 2 (608.0 B) local and 0 (0.0 B) host-local and 0 (0.0 B) push-merged-local and 0 (0.0 B) remote blocks
26/07/26 05:12:42 INFO ShuffleBlockFetcherIterator: Getting 2 (456.0 B) non-empty blocks including 2 (456.0 B) local and 0 (0.0 B) host-local and 0 (0.0 B) push-merged-local and 0 (0.0 B) remote blocks
26/07/26 05:12:42 INFO ShuffleBlockFetcherIterator: Started 0 remote fetches in 2 ms
26/07/26 05:12:42 INFO ShuffleBlockFetcherIterator: Started 0 remote fetches in 7 ms
26/07/26 05:12:42 INFO Executor: Finished task 0.0 in stage 25.0 (TID 50). 4944 bytes result sent to driver
26/07/26 05:12:42 INFO TaskSetManager: Finished task 0.0 in stage 25.0 (TID 50) in 38 ms on ab93cff004a3 (executor driver) (1/2)
26/07/26 05:12:42 INFO Executor: Finished task 1.0 in stage 25.0 (TID 51). 4849 bytes result sent to driver
26/07/26 05:12:42 INFO TaskSetManager: Finished task 1.0 in stage 25.0 (TID 51) in 51 ms on ab93cff004a3 (executor driver) (2/2)
26/07/26 05:12:42 INFO DAGScheduler: ResultStage 25 (collect at DriverActivationSpec.scala:101) finished in 67 ms
26/07/26 05:12:42 INFO TaskSchedulerImpl: Removed TaskSet 25.0 whose tasks have all completed, from pool
26/07/26 05:12:42 INFO DAGScheduler: Job 12 is finished. Cancelling potential speculative or zombie tasks for this job
26/07/26 05:12:42 INFO TaskSchedulerImpl: Canceling stage 25
26/07/26 05:12:42 INFO TaskSchedulerImpl: Killing all running tasks in stage 25: Stage finished
26/07/26 05:12:42 INFO DAGScheduler: Job 12 finished: collect at DriverActivationSpec.scala:101, took 240.505033 ms
26/07/26 05:12:42 INFO HashAggregateExec: spark.sql.codegen.aggregate.map.twolevel.enabled is set to true, but current version of codegened fast hashmap does not support this aggregate.
26/07/26 05:12:42 INFO SparkContext: Starting job: collect at DriverActivationSpec.scala:101
26/07/26 05:12:42 INFO DAGScheduler: Registering RDD 94 (collect at DriverActivationSpec.scala:101) as input to shuffle 13
26/07/26 05:12:42 INFO DAGScheduler: Got job 13 (collect at DriverActivationSpec.scala:101) with 2 output partitions
26/07/26 05:12:42 INFO DAGScheduler: Final stage: ResultStage 27 (collect at DriverActivationSpec.scala:101)
26/07/26 05:12:42 INFO DAGScheduler: Parents of final stage: List(ShuffleMapStage 26)
26/07/26 05:12:42 INFO DAGScheduler: Missing parents: List(ShuffleMapStage 26)
26/07/26 05:12:42 INFO DAGScheduler: Missing parents found for ResultStage 27: List(ShuffleMapStage 26)
26/07/26 05:12:42 INFO DAGScheduler: Missing parents found for ShuffleMapStage 26: List()
26/07/26 05:12:42 INFO DAGScheduler: Submitting ShuffleMapStage 26 (MapPartitionsRDD[94] at collect at DriverActivationSpec.scala:101), which has no missing parents
26/07/26 05:12:42 INFO MemoryStore: Block broadcast_26 stored as values in memory (estimated size 31.6 KiB, free 1003.1 MiB)
26/07/26 05:12:42 INFO MemoryStore: Block broadcast_26_piece0 stored as bytes in memory (estimated size 13.9 KiB, free 1003.1 MiB)
26/07/26 05:12:42 INFO SparkContext: Created broadcast 26 from broadcast at DAGScheduler.scala:1686
26/07/26 05:12:42 INFO DAGScheduler: Submitting 2 missing tasks from ShuffleMapStage 26 (MapPartitionsRDD[94] at collect at DriverActivationSpec.scala:101) (first 15 tasks are for partitions Vector(0, 1))
26/07/26 05:12:42 INFO TaskSchedulerImpl: Adding task set 26.0 with 2 tasks resource profile 0
26/07/26 05:12:42 INFO TaskSetManager: Starting task 0.0 in stage 26.0 (TID 52) (ab93cff004a3,executor driver, partition 0, PROCESS_LOCAL, 9971 bytes)
26/07/26 05:12:42 INFO TaskSetManager: Starting task 1.0 in stage 26.0 (TID 53) (ab93cff004a3,executor driver, partition 1, PROCESS_LOCAL, 9971 bytes)
26/07/26 05:12:42 INFO Executor: Running task 1.0 in stage 26.0 (TID 53)
26/07/26 05:12:42 INFO Executor: Running task 0.0 in stage 26.0 (TID 52)
26/07/26 05:12:42 INFO Executor: Finished task 0.0 in stage 26.0 (TID 52). 2294 bytes result sent to driver
26/07/26 05:12:42 INFO TaskSetManager: Finished task 0.0 in stage 26.0 (TID 52) in 78 ms on ab93cff004a3 (executor driver) (1/2)
26/07/26 05:12:42 INFO Executor: Finished task 1.0 in stage 26.0 (TID 53). 2294 bytes result sent to driver
26/07/26 05:12:42 INFO TaskSetManager: Finished task 1.0 in stage 26.0 (TID 53) in 101 ms on ab93cff004a3 (executor driver) (2/2)
26/07/26 05:12:42 INFO TaskSchedulerImpl: Removed TaskSet 26.0 whose tasks have all completed, from pool
26/07/26 05:12:42 INFO DAGScheduler: ShuffleMapStage 26 (collect at DriverActivationSpec.scala:101) finished in 144 ms
26/07/26 05:12:42 INFO DAGScheduler: looking for newly runnable stages
26/07/26 05:12:42 INFO DAGScheduler: running: HashSet()
26/07/26 05:12:42 INFO DAGScheduler: waiting: HashSet(ResultStage 27)
26/07/26 05:12:42 INFO DAGScheduler: failed: HashSet()
26/07/26 05:12:42 INFO DAGScheduler: Missing parents found for ResultStage 27: List()
26/07/26 05:12:42 INFO DAGScheduler: Submitting ResultStage 27 (MapPartitionsRDD[97] at collect at DriverActivationSpec.scala:101), which has no missing parents
26/07/26 05:12:42 INFO MemoryStore: Block broadcast_27 stored as values in memory (estimated size 29.2 KiB, free 1003.1 MiB)
26/07/26 05:12:43 INFO MemoryStore: Block broadcast_27_piece0 stored as bytes in memory (estimated size 13.0 KiB, free 1003.1 MiB)
26/07/26 05:12:43 INFO SparkContext: Created broadcast 27 from broadcast at DAGScheduler.scala:1686
26/07/26 05:12:43 INFO DAGScheduler: Submitting 2 missing tasks from ResultStage 27 (MapPartitionsRDD[97] at collect at DriverActivationSpec.scala:101) (first 15 tasks are for partitions Vector(0, 1))
26/07/26 05:12:43 INFO TaskSchedulerImpl: Adding task set 27.0 with 2 tasks resource profile 0
26/07/26 05:12:43 INFO TaskSetManager: Starting task 0.0 in stage 27.0 (TID 54) (ab93cff004a3,executor driver, partition 0, NODE_LOCAL, 9847 bytes)
26/07/26 05:12:43 INFO TaskSetManager: Starting task 1.0 in stage 27.0 (TID 55) (ab93cff004a3,executor driver, partition 1, NODE_LOCAL, 9847 bytes)
26/07/26 05:12:43 INFO Executor: Running task 0.0 in stage 27.0 (TID 54)
26/07/26 05:12:43 INFO Executor: Running task 1.0 in stage 27.0 (TID 55)
26/07/26 05:12:43 INFO ShuffleBlockFetcherIterator: Getting 2 (608.0 B) non-empty blocks including 2 (608.0 B) local and 0 (0.0 B) host-local and 0 (0.0 B) push-merged-local and 0 (0.0 B) remote blocks
26/07/26 05:12:43 INFO ShuffleBlockFetcherIterator: Started 0 remote fetches in 2 ms
26/07/26 05:12:43 INFO ShuffleBlockFetcherIterator: Getting 2 (456.0 B) non-empty blocks including 2 (456.0 B) local and 0 (0.0 B) host-local and 0 (0.0 B) push-merged-local and 0 (0.0 B) remote blocks
26/07/26 05:12:43 INFO ShuffleBlockFetcherIterator: Started 0 remote fetches in 5 ms
26/07/26 05:12:43 INFO Executor: Finished task 0.0 in stage 27.0 (TID 54). 4944 bytes result sent to driver
26/07/26 05:12:43 INFO TaskSetManager: Finished task 0.0 in stage 27.0 (TID 54) in 67 ms on ab93cff004a3 (executor driver) (1/2)
26/07/26 05:12:43 INFO Executor: Finished task 1.0 in stage 27.0 (TID 55). 4892 bytes result sent to driver
26/07/26 05:12:43 INFO TaskSetManager: Finished task 1.0 in stage 27.0 (TID 55) in 121 ms on ab93cff004a3 (executor driver) (2/2)
26/07/26 05:12:43 INFO TaskSchedulerImpl: Removed TaskSet 27.0 whose tasks have all completed, from pool
26/07/26 05:12:43 INFO DAGScheduler: ResultStage 27 (collect at DriverActivationSpec.scala:101) finished in 164 ms
26/07/26 05:12:43 INFO DAGScheduler: Job 13 is finished. Cancelling potential speculative or zombie tasks for this job
26/07/26 05:12:43 INFO TaskSchedulerImpl: Canceling stage 27
26/07/26 05:12:43 INFO TaskSchedulerImpl: Killing all running tasks in stage 27: Stage finished
26/07/26 05:12:43 INFO DAGScheduler: Job 13 finished: collect at DriverActivationSpec.scala:101, took 353.883585 ms
26/07/26 05:12:43 INFO HashAggregateExec: spark.sql.codegen.aggregate.map.twolevel.enabled is set to true, but current version of codegened fast hashmap does not support this aggregate.
26/07/26 05:12:43 INFO SparkContext: Starting job: collect at DriverActivationSpec.scala:101
26/07/26 05:12:43 INFO DAGScheduler: Registering RDD 101 (collect at DriverActivationSpec.scala:101) as input to shuffle 14
26/07/26 05:12:43 INFO DAGScheduler: Got job 14 (collect at DriverActivationSpec.scala:101) with 2 output partitions
26/07/26 05:12:43 INFO DAGScheduler: Final stage: ResultStage 29 (collect at DriverActivationSpec.scala:101)
26/07/26 05:12:43 INFO DAGScheduler: Parents of final stage: List(ShuffleMapStage 28)
26/07/26 05:12:43 INFO DAGScheduler: Missing parents: List(ShuffleMapStage 28)
26/07/26 05:12:43 INFO DAGScheduler: Missing parents found for ResultStage 29: List(ShuffleMapStage 28)
26/07/26 05:12:43 INFO DAGScheduler: Missing parents found for ShuffleMapStage 28: List()
26/07/26 05:12:43 INFO DAGScheduler: Submitting ShuffleMapStage 28 (MapPartitionsRDD[101] at collect at DriverActivationSpec.scala:101), which has no missing parents
26/07/26 05:12:43 INFO MemoryStore: Block broadcast_28 stored as values in memory (estimated size 31.6 KiB, free 1003.1 MiB)
26/07/26 05:12:43 INFO MemoryStore: Block broadcast_28_piece0 stored as bytes in memory (estimated size 13.9 KiB, free 1003.1 MiB)
26/07/26 05:12:43 INFO SparkContext: Created broadcast 28 from broadcast at DAGScheduler.scala:1686
26/07/26 05:12:43 INFO DAGScheduler: Submitting 2 missing tasks from ShuffleMapStage 28 (MapPartitionsRDD[101] at collect at DriverActivationSpec.scala:101) (first 15 tasks are for partitions Vector(0, 1))
26/07/26 05:12:43 INFO TaskSchedulerImpl: Adding task set 28.0 with 2 tasks resource profile 0
26/07/26 05:12:43 INFO TaskSetManager: Starting task 0.0 in stage 28.0 (TID 56) (ab93cff004a3,executor driver, partition 0, PROCESS_LOCAL, 9971 bytes)
26/07/26 05:12:43 INFO TaskSetManager: Starting task 1.0 in stage 28.0 (TID 57) (ab93cff004a3,executor driver, partition 1, PROCESS_LOCAL, 9971 bytes)
26/07/26 05:12:43 INFO Executor: Running task 1.0 in stage 28.0 (TID 57)
26/07/26 05:12:43 INFO Executor: Running task 0.0 in stage 28.0 (TID 56)
26/07/26 05:12:43 INFO Executor: Finished task 0.0 in stage 28.0 (TID 56). 2294 bytes result sent to driver
26/07/26 05:12:43 INFO TaskSetManager: Finished task 0.0 in stage 28.0 (TID 56) in 122 ms on ab93cff004a3 (executor driver) (1/2)
26/07/26 05:12:43 INFO Executor: Finished task 1.0 in stage 28.0 (TID 57). 2294 bytes result sent to driver
26/07/26 05:12:43 INFO TaskSetManager: Finished task 1.0 in stage 28.0 (TID 57) in 137 ms on ab93cff004a3 (executor driver) (2/2)
26/07/26 05:12:43 INFO DAGScheduler: ShuffleMapStage 28 (collect at DriverActivationSpec.scala:101) finished in 201 ms
26/07/26 05:12:43 INFO TaskSchedulerImpl: Removed TaskSet 28.0 whose tasks have all completed, from pool
26/07/26 05:12:43 INFO DAGScheduler: looking for newly runnable stages
26/07/26 05:12:43 INFO DAGScheduler: running: HashSet()
26/07/26 05:12:43 INFO DAGScheduler: waiting: HashSet(ResultStage 29)
26/07/26 05:12:43 INFO DAGScheduler: failed: HashSet()
26/07/26 05:12:43 INFO DAGScheduler: Missing parents found for ResultStage 29: List()
26/07/26 05:12:43 INFO DAGScheduler: Submitting ResultStage 29 (MapPartitionsRDD[104] at collect at DriverActivationSpec.scala:101), which has no missing parents
26/07/26 05:12:43 INFO MemoryStore: Block broadcast_29 stored as values in memory (estimated size 29.2 KiB, free 1003.1 MiB)
26/07/26 05:12:43 INFO MemoryStore: Block broadcast_29_piece0 stored as bytes in memory (estimated size 13.0 KiB, free 1003.1 MiB)
26/07/26 05:12:43 INFO SparkContext: Created broadcast 29 from broadcast at DAGScheduler.scala:1686
26/07/26 05:12:43 INFO DAGScheduler: Submitting 2 missing tasks from ResultStage 29 (MapPartitionsRDD[104] at collect at DriverActivationSpec.scala:101) (first 15 tasks are for partitions Vector(0, 1))
26/07/26 05:12:43 INFO TaskSchedulerImpl: Adding task set 29.0 with 2 tasks resource profile 0
26/07/26 05:12:43 INFO TaskSetManager: Starting task 0.0 in stage 29.0 (TID 58) (ab93cff004a3,executor driver, partition 0, NODE_LOCAL, 9847 bytes)
26/07/26 05:12:43 INFO TaskSetManager: Starting task 1.0 in stage 29.0 (TID 59) (ab93cff004a3,executor driver, partition 1, NODE_LOCAL, 9847 bytes)
26/07/26 05:12:43 INFO Executor: Running task 1.0 in stage 29.0 (TID 59)
26/07/26 05:12:44 INFO Executor: Running task 0.0 in stage 29.0 (TID 58)
26/07/26 05:12:44 INFO ShuffleBlockFetcherIterator: Getting 2 (456.0 B) non-empty blocks including 2 (456.0 B) local and 0 (0.0 B) host-local and 0 (0.0 B) push-merged-local and 0 (0.0 B) remote blocks
26/07/26 05:12:44 INFO ShuffleBlockFetcherIterator: Started 0 remote fetches in 1 ms
26/07/26 05:12:44 INFO ShuffleBlockFetcherIterator: Getting 2 (608.0 B) non-empty blocks including 2 (608.0 B) local and 0 (0.0 B) host-local and 0 (0.0 B) push-merged-local and 0 (0.0 B) remote blocks
26/07/26 05:12:44 INFO ShuffleBlockFetcherIterator: Started 0 remote fetches in 1 ms
26/07/26 05:12:44 INFO Executor: Finished task 1.0 in stage 29.0 (TID 59). 4849 bytes result sent to driver
26/07/26 05:12:44 INFO TaskSetManager: Finished task 1.0 in stage 29.0 (TID 59) in 47 ms on ab93cff004a3 (executor driver) (1/2)
26/07/26 05:12:44 INFO Executor: Finished task 0.0 in stage 29.0 (TID 58). 4944 bytes result sent to driver
26/07/26 05:12:44 INFO TaskSetManager: Finished task 0.0 in stage 29.0 (TID 58) in 57 ms on ab93cff004a3 (executor driver) (2/2)
26/07/26 05:12:44 INFO DAGScheduler: ResultStage 29 (collect at DriverActivationSpec.scala:101) finished in 89 ms
26/07/26 05:12:44 INFO TaskSchedulerImpl: Removed TaskSet 29.0 whose tasks have all completed, from pool
26/07/26 05:12:44 INFO DAGScheduler: Job 14 is finished. Cancelling potential speculative or zombie tasks for this job
26/07/26 05:12:44 INFO TaskSchedulerImpl: Canceling stage 29
26/07/26 05:12:44 INFO TaskSchedulerImpl: Killing all running tasks in stage 29: Stage finished
26/07/26 05:12:44 INFO DAGScheduler: Job 14 finished: collect at DriverActivationSpec.scala:101, took 318.844209 ms
26/07/26 05:12:44 INFO HashAggregateExec: spark.sql.codegen.aggregate.map.twolevel.enabled is set to true, but current version of codegened fast hashmap does not support this aggregate.
26/07/26 05:12:44 INFO SparkContext: Starting job: collect at DriverActivationSpec.scala:101
26/07/26 05:12:44 INFO DAGScheduler: Registering RDD 108 (collect at DriverActivationSpec.scala:101) as input to shuffle 15
26/07/26 05:12:44 INFO DAGScheduler: Got job 15 (collect at DriverActivationSpec.scala:101) with 2 output partitions
26/07/26 05:12:44 INFO DAGScheduler: Final stage: ResultStage 31 (collect at DriverActivationSpec.scala:101)
26/07/26 05:12:44 INFO DAGScheduler: Parents of final stage: List(ShuffleMapStage 30)
26/07/26 05:12:44 INFO DAGScheduler: Missing parents: List(ShuffleMapStage 30)
26/07/26 05:12:44 INFO DAGScheduler: Missing parents found for ResultStage 31: List(ShuffleMapStage 30)
26/07/26 05:12:44 INFO DAGScheduler: Missing parents found for ShuffleMapStage 30: List()
26/07/26 05:12:44 INFO DAGScheduler: Submitting ShuffleMapStage 30 (MapPartitionsRDD[108] at collect at DriverActivationSpec.scala:101), which has no missing parents
26/07/26 05:12:44 INFO MemoryStore: Block broadcast_30 stored as values in memory (estimated size 31.6 KiB, free 1003.1 MiB)
26/07/26 05:12:44 INFO MemoryStore: Block broadcast_30_piece0 stored as bytes in memory (estimated size 13.9 KiB, free 1003.1 MiB)
26/07/26 05:12:44 INFO SparkContext: Created broadcast 30 from broadcast at DAGScheduler.scala:1686
26/07/26 05:12:44 INFO DAGScheduler: Submitting 2 missing tasks from ShuffleMapStage 30 (MapPartitionsRDD[108] at collect at DriverActivationSpec.scala:101) (first 15 tasks are for partitions Vector(0, 1))
26/07/26 05:12:44 INFO TaskSchedulerImpl: Adding task set 30.0 with 2 tasks resource profile 0
26/07/26 05:12:44 INFO TaskSetManager: Starting task 0.0 in stage 30.0 (TID 60) (ab93cff004a3,executor driver, partition 0, PROCESS_LOCAL, 9971 bytes)
26/07/26 05:12:44 INFO TaskSetManager: Starting task 1.0 in stage 30.0 (TID 61) (ab93cff004a3,executor driver, partition 1, PROCESS_LOCAL, 9971 bytes)
26/07/26 05:12:44 INFO Executor: Running task 0.0 in stage 30.0 (TID 60)
26/07/26 05:12:44 INFO Executor: Running task 1.0 in stage 30.0 (TID 61)
26/07/26 05:12:44 INFO Executor: Finished task 1.0 in stage 30.0 (TID 61). 2294 bytes result sent to driver
26/07/26 05:12:44 INFO Executor: Finished task 0.0 in stage 30.0 (TID 60). 2337 bytes result sent to driver
26/07/26 05:12:44 INFO TaskSetManager: Finished task 1.0 in stage 30.0 (TID 61) in 269 ms on ab93cff004a3 (executor driver) (1/2)
26/07/26 05:12:44 INFO TaskSetManager: Finished task 0.0 in stage 30.0 (TID 60) in 275 ms on ab93cff004a3 (executor driver) (2/2)
26/07/26 05:12:44 INFO TaskSchedulerImpl: Removed TaskSet 30.0 whose tasks have all completed, from pool
26/07/26 05:12:44 INFO DAGScheduler: ShuffleMapStage 30 (collect at DriverActivationSpec.scala:101) finished in 339 ms
26/07/26 05:12:44 INFO DAGScheduler: looking for newly runnable stages
26/07/26 05:12:44 INFO DAGScheduler: running: HashSet()
26/07/26 05:12:44 INFO DAGScheduler: waiting: HashSet(ResultStage 31)
26/07/26 05:12:44 INFO DAGScheduler: failed: HashSet()
26/07/26 05:12:44 INFO DAGScheduler: Missing parents found for ResultStage 31: List()
26/07/26 05:12:44 INFO DAGScheduler: Submitting ResultStage 31 (MapPartitionsRDD[111] at collect at DriverActivationSpec.scala:101), which has no missing parents
26/07/26 05:12:44 INFO MemoryStore: Block broadcast_31 stored as values in memory (estimated size 29.2 KiB, free 1003.1 MiB)
26/07/26 05:12:44 INFO MemoryStore: Block broadcast_31_piece0 stored as bytes in memory (estimated size 13.0 KiB, free 1003.1 MiB)
26/07/26 05:12:44 INFO SparkContext: Created broadcast 31 from broadcast at DAGScheduler.scala:1686
26/07/26 05:12:44 INFO DAGScheduler: Submitting 2 missing tasks from ResultStage 31 (MapPartitionsRDD[111] at collect at DriverActivationSpec.scala:101) (first 15 tasks are for partitions Vector(0, 1))
26/07/26 05:12:44 INFO TaskSchedulerImpl: Adding task set 31.0 with 2 tasks resource profile 0
26/07/26 05:12:44 INFO TaskSetManager: Starting task 0.0 in stage 31.0 (TID 62) (ab93cff004a3,executor driver, partition 0, NODE_LOCAL, 9847 bytes)
26/07/26 05:12:45 INFO TaskSetManager: Starting task 1.0 in stage 31.0 (TID 63) (ab93cff004a3,executor driver, partition 1, NODE_LOCAL, 9847 bytes)
26/07/26 05:12:45 INFO Executor: Running task 1.0 in stage 31.0 (TID 63)
26/07/26 05:12:45 INFO Executor: Running task 0.0 in stage 31.0 (TID 62)
26/07/26 05:12:45 INFO ShuffleBlockFetcherIterator: Getting 2 (456.0 B) non-empty blocks including 2 (456.0 B) local and 0 (0.0 B) host-local and 0 (0.0 B) push-merged-local and 0 (0.0 B) remote blocks
26/07/26 05:12:45 INFO ShuffleBlockFetcherIterator: Started 0 remote fetches in 13 ms
26/07/26 05:12:45 INFO ShuffleBlockFetcherIterator: Getting 2 (608.0 B) non-empty blocks including 2 (608.0 B) local and 0 (0.0 B) host-local and 0 (0.0 B) push-merged-local and 0 (0.0 B) remote blocks
26/07/26 05:12:45 INFO ShuffleBlockFetcherIterator: Started 0 remote fetches in 4 ms
26/07/26 05:12:45 INFO Executor: Finished task 1.0 in stage 31.0 (TID 63). 4849 bytes result sent to driver
26/07/26 05:12:45 INFO TaskSetManager: Finished task 1.0 in stage 31.0 (TID 63) in 97 ms on ab93cff004a3 (executor driver) (1/2)
26/07/26 05:12:45 INFO Executor: Finished task 0.0 in stage 31.0 (TID 62). 4944 bytes result sent to driver
26/07/26 05:12:45 INFO TaskSetManager: Finished task 0.0 in stage 31.0 (TID 62) in 174 ms on ab93cff004a3 (executor driver) (2/2)
26/07/26 05:12:45 INFO TaskSchedulerImpl: Removed TaskSet 31.0 whose tasks have all completed, from pool
26/07/26 05:12:45 INFO DAGScheduler: ResultStage 31 (collect at DriverActivationSpec.scala:101) finished in 309 ms
26/07/26 05:12:45 INFO DAGScheduler: Job 15 is finished. Cancelling potential speculative or zombie tasks for this job
26/07/26 05:12:45 INFO TaskSchedulerImpl: Canceling stage 31
26/07/26 05:12:45 INFO TaskSchedulerImpl: Killing all running tasks in stage 31: Stage finished
26/07/26 05:12:45 INFO DAGScheduler: Job 15 finished: collect at DriverActivationSpec.scala:101, took 689.73085 ms
26/07/26 05:12:45 INFO HashAggregateExec: spark.sql.codegen.aggregate.map.twolevel.enabled is set to true, but current version of codegened fast hashmap does not support this aggregate.
26/07/26 05:12:45 INFO SparkContext: Starting job: collect at DriverActivationSpec.scala:101
26/07/26 05:12:45 INFO DAGScheduler: Registering RDD 115 (collect at DriverActivationSpec.scala:101) as input to shuffle 16
26/07/26 05:12:45 INFO DAGScheduler: Got job 16 (collect at DriverActivationSpec.scala:101) with 2 output partitions
26/07/26 05:12:45 INFO DAGScheduler: Final stage: ResultStage 33 (collect at DriverActivationSpec.scala:101)
26/07/26 05:12:45 INFO DAGScheduler: Parents of final stage: List(ShuffleMapStage 32)
26/07/26 05:12:45 INFO DAGScheduler: Missing parents: List(ShuffleMapStage 32)
26/07/26 05:12:45 INFO DAGScheduler: Missing parents found for ResultStage 33: List(ShuffleMapStage 32)
26/07/26 05:12:45 INFO DAGScheduler: Missing parents found for ShuffleMapStage 32: List()
26/07/26 05:12:45 INFO DAGScheduler: Submitting ShuffleMapStage 32 (MapPartitionsRDD[115] at collect at DriverActivationSpec.scala:101), which has no missing parents
26/07/26 05:12:45 INFO MemoryStore: Block broadcast_32 stored as values in memory (estimated size 31.6 KiB, free 1003.1 MiB)
26/07/26 05:12:45 INFO MemoryStore: Block broadcast_32_piece0 stored as bytes in memory (estimated size 13.9 KiB, free 1003.1 MiB)
26/07/26 05:12:45 INFO SparkContext: Created broadcast 32 from broadcast at DAGScheduler.scala:1686
26/07/26 05:12:45 INFO DAGScheduler: Submitting 2 missing tasks from ShuffleMapStage 32 (MapPartitionsRDD[115] at collect at DriverActivationSpec.scala:101) (first 15 tasks are for partitions Vector(0, 1))
26/07/26 05:12:45 INFO TaskSchedulerImpl: Adding task set 32.0 with 2 tasks resource profile 0
26/07/26 05:12:45 INFO TaskSetManager: Starting task 0.0 in stage 32.0 (TID 64) (ab93cff004a3,executor driver, partition 0, PROCESS_LOCAL, 9971 bytes)
26/07/26 05:12:45 INFO TaskSetManager: Starting task 1.0 in stage 32.0 (TID 65) (ab93cff004a3,executor driver, partition 1, PROCESS_LOCAL, 9971 bytes)
26/07/26 05:12:45 INFO Executor: Running task 0.0 in stage 32.0 (TID 64)
26/07/26 05:12:46 INFO Executor: Running task 1.0 in stage 32.0 (TID 65)
26/07/26 05:12:46 INFO Executor: Finished task 0.0 in stage 32.0 (TID 64). 2294 bytes result sent to driver
26/07/26 05:12:46 INFO TaskSetManager: Finished task 0.0 in stage 32.0 (TID 64) in 211 ms on ab93cff004a3 (executor driver) (1/2)
26/07/26 05:12:46 INFO Executor: Finished task 1.0 in stage 32.0 (TID 65). 2294 bytes result sent to driver
26/07/26 05:12:46 INFO TaskSetManager: Finished task 1.0 in stage 32.0 (TID 65) in 221 ms on ab93cff004a3 (executor driver) (2/2)
26/07/26 05:12:46 INFO TaskSchedulerImpl: Removed TaskSet 32.0 whose tasks have all completed, from pool
26/07/26 05:12:46 INFO DAGScheduler: ShuffleMapStage 32 (collect at DriverActivationSpec.scala:101) finished in 287 ms
26/07/26 05:12:46 INFO DAGScheduler: looking for newly runnable stages
26/07/26 05:12:46 INFO DAGScheduler: running: HashSet()
26/07/26 05:12:46 INFO DAGScheduler: waiting: HashSet(ResultStage 33)
26/07/26 05:12:46 INFO DAGScheduler: failed: HashSet()
26/07/26 05:12:46 INFO DAGScheduler: Missing parents found for ResultStage 33: List()
26/07/26 05:12:46 INFO DAGScheduler: Submitting ResultStage 33 (MapPartitionsRDD[118] at collect at DriverActivationSpec.scala:101), which has no missing parents
26/07/26 05:12:46 INFO MemoryStore: Block broadcast_33 stored as values in memory (estimated size 29.2 KiB, free 1003.1 MiB)
26/07/26 05:12:46 INFO MemoryStore: Block broadcast_33_piece0 stored as bytes in memory (estimated size 13.0 KiB, free 1003.1 MiB)
26/07/26 05:12:46 INFO SparkContext: Created broadcast 33 from broadcast at DAGScheduler.scala:1686
26/07/26 05:12:46 INFO DAGScheduler: Submitting 2 missing tasks from ResultStage 33 (MapPartitionsRDD[118] at collect at DriverActivationSpec.scala:101) (first 15 tasks are for partitions Vector(0, 1))
26/07/26 05:12:46 INFO TaskSchedulerImpl: Adding task set 33.0 with 2 tasks resource profile 0
26/07/26 05:12:46 INFO TaskSetManager: Starting task 0.0 in stage 33.0 (TID 66) (ab93cff004a3,executor driver, partition 0, NODE_LOCAL, 9847 bytes)
26/07/26 05:12:46 INFO TaskSetManager: Starting task 1.0 in stage 33.0 (TID 67) (ab93cff004a3,executor driver, partition 1, NODE_LOCAL, 9847 bytes)
26/07/26 05:12:46 INFO Executor: Running task 1.0 in stage 33.0 (TID 67)
26/07/26 05:12:46 INFO Executor: Running task 0.0 in stage 33.0 (TID 66)
26/07/26 05:12:46 INFO ShuffleBlockFetcherIterator: Getting 2 (608.0 B) non-empty blocks including 2 (608.0 B) local and 0 (0.0 B) host-local and 0 (0.0 B) push-merged-local and 0 (0.0 B) remote blocks
26/07/26 05:12:46 INFO ShuffleBlockFetcherIterator: Getting 2 (456.0 B) non-empty blocks including 2 (456.0 B) local and 0 (0.0 B) host-local and 0 (0.0 B) push-merged-local and 0 (0.0 B) remote blocks
26/07/26 05:12:46 INFO ShuffleBlockFetcherIterator: Started 0 remote fetches in 28 ms
26/07/26 05:12:46 INFO ShuffleBlockFetcherIterator: Started 0 remote fetches in 59 ms
26/07/26 05:12:46 INFO Executor: Finished task 1.0 in stage 33.0 (TID 67). 4849 bytes result sent to driver
26/07/26 05:12:46 INFO TaskSetManager: Finished task 1.0 in stage 33.0 (TID 67) in 332 ms on ab93cff004a3 (executor driver) (1/2)
26/07/26 05:12:46 INFO Executor: Finished task 0.0 in stage 33.0 (TID 66). 4944 bytes result sent to driver
26/07/26 05:12:47 INFO TaskSetManager: Finished task 0.0 in stage 33.0 (TID 66) in 766 ms on ab93cff004a3 (executor driver) (2/2)
26/07/26 05:12:47 INFO TaskSchedulerImpl: Removed TaskSet 33.0 whose tasks have all completed, from pool
26/07/26 05:12:47 INFO DAGScheduler: ResultStage 33 (collect at DriverActivationSpec.scala:101) finished in 803 ms
26/07/26 05:12:47 INFO DAGScheduler: Job 16 is finished. Cancelling potential speculative or zombie tasks for this job
26/07/26 05:12:47 INFO TaskSchedulerImpl: Canceling stage 33
26/07/26 05:12:47 INFO TaskSchedulerImpl: Killing all running tasks in stage 33: Stage finished
26/07/26 05:12:47 INFO DAGScheduler: Job 16 finished: collect at DriverActivationSpec.scala:101, took 1131.7281 ms
26/07/26 05:12:47 INFO HashAggregateExec: spark.sql.codegen.aggregate.map.twolevel.enabled is set to true, but current version of codegened fast hashmap does not support this aggregate.
26/07/26 05:12:48 INFO SparkContext: Starting job: collect at DriverActivationSpec.scala:101
26/07/26 05:12:48 INFO DAGScheduler: Registering RDD 122 (collect at DriverActivationSpec.scala:101) as input to shuffle 17
26/07/26 05:12:48 INFO DAGScheduler: Got job 17 (collect at DriverActivationSpec.scala:101) with 2 output partitions
26/07/26 05:12:48 INFO DAGScheduler: Final stage: ResultStage 35 (collect at DriverActivationSpec.scala:101)
26/07/26 05:12:48 INFO DAGScheduler: Parents of final stage: List(ShuffleMapStage 34)
26/07/26 05:12:48 INFO DAGScheduler: Missing parents: List(ShuffleMapStage 34)
26/07/26 05:12:48 INFO DAGScheduler: Missing parents found for ResultStage 35: List(ShuffleMapStage 34)
26/07/26 05:12:48 INFO DAGScheduler: Missing parents found for ShuffleMapStage 34: List()
26/07/26 05:12:48 INFO DAGScheduler: Submitting ShuffleMapStage 34 (MapPartitionsRDD[122] at collect at DriverActivationSpec.scala:101), which has no missing parents
26/07/26 05:12:48 INFO MemoryStore: Block broadcast_34 stored as values in memory (estimated size 31.6 KiB, free 1003.1 MiB)
26/07/26 05:12:48 INFO MemoryStore: Block broadcast_34_piece0 stored as bytes in memory (estimated size 13.9 KiB, free 1003.1 MiB)
26/07/26 05:12:48 INFO SparkContext: Created broadcast 34 from broadcast at DAGScheduler.scala:1686
26/07/26 05:12:48 INFO DAGScheduler: Submitting 2 missing tasks from ShuffleMapStage 34 (MapPartitionsRDD[122] at collect at DriverActivationSpec.scala:101) (first 15 tasks are for partitions Vector(0, 1))
26/07/26 05:12:48 INFO TaskSchedulerImpl: Adding task set 34.0 with 2 tasks resource profile 0
26/07/26 05:12:48 INFO TaskSetManager: Starting task 0.0 in stage 34.0 (TID 68) (ab93cff004a3,executor driver, partition 0, PROCESS_LOCAL, 9971 bytes)
26/07/26 05:12:48 INFO TaskSetManager: Starting task 1.0 in stage 34.0 (TID 69) (ab93cff004a3,executor driver, partition 1, PROCESS_LOCAL, 9971 bytes)
26/07/26 05:12:48 INFO Executor: Running task 0.0 in stage 34.0 (TID 68)
26/07/26 05:12:48 INFO Executor: Running task 1.0 in stage 34.0 (TID 69)
26/07/26 05:12:48 INFO Executor: Finished task 1.0 in stage 34.0 (TID 69). 2294 bytes result sent to driver
26/07/26 05:12:48 INFO TaskSetManager: Finished task 1.0 in stage 34.0 (TID 69) in 241 ms on ab93cff004a3 (executor driver) (1/2)
26/07/26 05:12:48 INFO Executor: Finished task 0.0 in stage 34.0 (TID 68). 2294 bytes result sent to driver
26/07/26 05:12:48 INFO TaskSetManager: Finished task 0.0 in stage 34.0 (TID 68) in 340 ms on ab93cff004a3 (executor driver) (2/2)
26/07/26 05:12:48 INFO DAGScheduler: ShuffleMapStage 34 (collect at DriverActivationSpec.scala:101) finished in 430 ms
26/07/26 05:12:48 INFO DAGScheduler: looking for newly runnable stages
26/07/26 05:12:48 INFO DAGScheduler: running: HashSet()
26/07/26 05:12:48 INFO DAGScheduler: waiting: HashSet(ResultStage 35)
26/07/26 05:12:48 INFO DAGScheduler: failed: HashSet()
26/07/26 05:12:48 INFO TaskSchedulerImpl: Removed TaskSet 34.0 whose tasks have all completed, from pool
26/07/26 05:12:48 INFO DAGScheduler: Missing parents found for ResultStage 35: List()
26/07/26 05:12:48 INFO DAGScheduler: Submitting ResultStage 35 (MapPartitionsRDD[125] at collect at DriverActivationSpec.scala:101), which has no missing parents
26/07/26 05:12:48 INFO MemoryStore: Block broadcast_35 stored as values in memory (estimated size 29.2 KiB, free 1003.1 MiB)
26/07/26 05:12:48 INFO MemoryStore: Block broadcast_35_piece0 stored as bytes in memory (estimated size 13.0 KiB, free 1003.1 MiB)
26/07/26 05:12:48 INFO SparkContext: Created broadcast 35 from broadcast at DAGScheduler.scala:1686
26/07/26 05:12:48 INFO DAGScheduler: Submitting 2 missing tasks from ResultStage 35 (MapPartitionsRDD[125] at collect at DriverActivationSpec.scala:101) (first 15 tasks are for partitions Vector(0, 1))
26/07/26 05:12:48 INFO TaskSchedulerImpl: Adding task set 35.0 with 2 tasks resource profile 0
26/07/26 05:12:48 INFO TaskSetManager: Starting task 0.0 in stage 35.0 (TID 70) (ab93cff004a3,executor driver, partition 0, NODE_LOCAL, 9847 bytes)
26/07/26 05:12:48 INFO TaskSetManager: Starting task 1.0 in stage 35.0 (TID 71) (ab93cff004a3,executor driver, partition 1, NODE_LOCAL, 9847 bytes)
26/07/26 05:12:48 INFO Executor: Running task 1.0 in stage 35.0 (TID 71)
26/07/26 05:12:48 INFO Executor: Running task 0.0 in stage 35.0 (TID 70)
26/07/26 05:12:48 INFO ShuffleBlockFetcherIterator: Getting 2 (456.0 B) non-empty blocks including 2 (456.0 B) local and 0 (0.0 B) host-local and 0 (0.0 B) push-merged-local and 0 (0.0 B) remote blocks
26/07/26 05:12:48 INFO ShuffleBlockFetcherIterator: Started 0 remote fetches in 16 ms
26/07/26 05:12:49 INFO ShuffleBlockFetcherIterator: Getting 2 (608.0 B) non-empty blocks including 2 (608.0 B) local and 0 (0.0 B) host-local and 0 (0.0 B) push-merged-local and 0 (0.0 B) remote blocks
26/07/26 05:12:49 INFO ShuffleBlockFetcherIterator: Started 0 remote fetches in 262 ms
26/07/26 05:12:49 INFO Executor: Finished task 1.0 in stage 35.0 (TID 71). 4849 bytes result sent to driver
26/07/26 05:12:49 INFO Executor: Finished task 0.0 in stage 35.0 (TID 70). 4944 bytes result sent to driver
26/07/26 05:12:49 INFO TaskSetManager: Finished task 1.0 in stage 35.0 (TID 71) in 507 ms on ab93cff004a3 (executor driver) (1/2)
26/07/26 05:12:49 INFO TaskSetManager: Finished task 0.0 in stage 35.0 (TID 70) in 515 ms on ab93cff004a3 (executor driver) (2/2)
26/07/26 05:12:49 INFO TaskSchedulerImpl: Removed TaskSet 35.0 whose tasks have all completed, from pool
26/07/26 05:12:49 INFO DAGScheduler: ResultStage 35 (collect at DriverActivationSpec.scala:101) finished in 634 ms
26/07/26 05:12:49 INFO DAGScheduler: Job 17 is finished. Cancelling potential speculative or zombie tasks for this job
26/07/26 05:12:49 INFO TaskSchedulerImpl: Canceling stage 35
26/07/26 05:12:49 INFO TaskSchedulerImpl: Killing all running tasks in stage 35: Stage finished
26/07/26 05:12:49 INFO DAGScheduler: Job 17 finished: collect at DriverActivationSpec.scala:101, took 1162.910663 ms
26/07/26 05:12:49 INFO HashAggregateExec: spark.sql.codegen.aggregate.map.twolevel.enabled is set to true, but current version of codegened fast hashmap does not support this aggregate.
26/07/26 05:12:50 INFO SparkContext: Starting job: collect at DriverActivationSpec.scala:101
26/07/26 05:12:50 INFO DAGScheduler: Registering RDD 129 (collect at DriverActivationSpec.scala:101) as input to shuffle 18
26/07/26 05:12:50 INFO DAGScheduler: Got job 18 (collect at DriverActivationSpec.scala:101) with 2 output partitions
26/07/26 05:12:50 INFO DAGScheduler: Final stage: ResultStage 37 (collect at DriverActivationSpec.scala:101)
26/07/26 05:12:50 INFO DAGScheduler: Parents of final stage: List(ShuffleMapStage 36)
26/07/26 05:12:50 INFO DAGScheduler: Missing parents: List(ShuffleMapStage 36)
26/07/26 05:12:50 INFO DAGScheduler: Missing parents found for ResultStage 37: List(ShuffleMapStage 36)
26/07/26 05:12:50 INFO DAGScheduler: Missing parents found for ShuffleMapStage 36: List()
26/07/26 05:12:50 INFO DAGScheduler: Submitting ShuffleMapStage 36 (MapPartitionsRDD[129] at collect at DriverActivationSpec.scala:101), which has no missing parents
26/07/26 05:12:51 INFO MemoryStore: Block broadcast_36 stored as values in memory (estimated size 31.6 KiB, free 1003.1 MiB)
26/07/26 05:12:51 INFO MemoryStore: Block broadcast_36_piece0 stored as bytes in memory (estimated size 13.9 KiB, free 1003.1 MiB)
26/07/26 05:12:51 INFO SparkContext: Created broadcast 36 from broadcast at DAGScheduler.scala:1686
26/07/26 05:12:51 INFO DAGScheduler: Submitting 2 missing tasks from ShuffleMapStage 36 (MapPartitionsRDD[129] at collect at DriverActivationSpec.scala:101) (first 15 tasks are for partitions Vector(0, 1))
26/07/26 05:12:51 INFO TaskSchedulerImpl: Adding task set 36.0 with 2 tasks resource profile 0
26/07/26 05:12:51 INFO TaskSetManager: Starting task 0.0 in stage 36.0 (TID 72) (ab93cff004a3,executor driver, partition 0, PROCESS_LOCAL, 9971 bytes)
26/07/26 05:12:51 INFO TaskSetManager: Starting task 1.0 in stage 36.0 (TID 73) (ab93cff004a3,executor driver, partition 1, PROCESS_LOCAL, 9971 bytes)
26/07/26 05:12:51 INFO Executor: Running task 1.0 in stage 36.0 (TID 73)
26/07/26 05:12:51 INFO Executor: Running task 0.0 in stage 36.0 (TID 72)
26/07/26 05:12:52 INFO Executor: Finished task 0.0 in stage 36.0 (TID 72). 2294 bytes result sent to driver
26/07/26 05:12:52 INFO TaskSetManager: Finished task 0.0 in stage 36.0 (TID 72) in 824 ms on ab93cff004a3 (executor driver) (1/2)
26/07/26 05:12:52 INFO Executor: Finished task 1.0 in stage 36.0 (TID 73). 2294 bytes result sent to driver
26/07/26 05:12:52 INFO TaskSetManager: Finished task 1.0 in stage 36.0 (TID 73) in 1097 ms on ab93cff004a3 (executor driver) (2/2)
26/07/26 05:12:52 INFO DAGScheduler: ShuffleMapStage 36 (collect at DriverActivationSpec.scala:101) finished in 1415 ms
26/07/26 05:12:52 INFO DAGScheduler: looking for newly runnable stages
26/07/26 05:12:52 INFO DAGScheduler: running: HashSet()
26/07/26 05:12:52 INFO DAGScheduler: waiting: HashSet(ResultStage 37)
26/07/26 05:12:52 INFO DAGScheduler: failed: HashSet()
26/07/26 05:12:52 INFO DAGScheduler: Missing parents found for ResultStage 37: List()
26/07/26 05:12:52 INFO DAGScheduler: Submitting ResultStage 37 (MapPartitionsRDD[132] at collect at DriverActivationSpec.scala:101), which has no missing parents
26/07/26 05:12:52 INFO MemoryStore: Block broadcast_37 stored as values in memory (estimated size 29.2 KiB, free 1003.1 MiB)
26/07/26 05:12:52 INFO MemoryStore: Block broadcast_37_piece0 stored as bytes in memory (estimated size 13.0 KiB, free 1003.1 MiB)
26/07/26 05:12:52 INFO TaskSchedulerImpl: Removed TaskSet 36.0 whose tasks have all completed, from pool
26/07/26 05:12:52 INFO SparkContext: Created broadcast 37 from broadcast at DAGScheduler.scala:1686
26/07/26 05:12:52 INFO DAGScheduler: Submitting 2 missing tasks from ResultStage 37 (MapPartitionsRDD[132] at collect at DriverActivationSpec.scala:101) (first 15 tasks are for partitions Vector(0, 1))
26/07/26 05:12:52 INFO TaskSchedulerImpl: Adding task set 37.0 with 2 tasks resource profile 0
26/07/26 05:12:52 INFO TaskSetManager: Starting task 0.0 in stage 37.0 (TID 74) (ab93cff004a3,executor driver, partition 0, NODE_LOCAL, 9847 bytes)
26/07/26 05:12:52 INFO TaskSetManager: Starting task 1.0 in stage 37.0 (TID 75) (ab93cff004a3,executor driver, partition 1, NODE_LOCAL, 9847 bytes)
26/07/26 05:12:52 INFO Executor: Running task 1.0 in stage 37.0 (TID 75)
26/07/26 05:12:52 INFO Executor: Running task 0.0 in stage 37.0 (TID 74)
26/07/26 05:12:52 INFO ShuffleBlockFetcherIterator: Getting 2 (456.0 B) non-empty blocks including 2 (456.0 B) local and 0 (0.0 B) host-local and 0 (0.0 B) push-merged-local and 0 (0.0 B) remote blocks
26/07/26 05:12:52 INFO ShuffleBlockFetcherIterator: Started 0 remote fetches in 13 ms
26/07/26 05:12:52 INFO Executor: Finished task 1.0 in stage 37.0 (TID 75). 4849 bytes result sent to driver
26/07/26 05:12:53 INFO TaskSetManager: Finished task 1.0 in stage 37.0 (TID 75) in 506 ms on ab93cff004a3 (executor driver) (1/2)
26/07/26 05:12:53 INFO ShuffleBlockFetcherIterator: Getting 2 (608.0 B) non-empty blocks including 2 (608.0 B) local and 0 (0.0 B) host-local and 0 (0.0 B) push-merged-local and 0 (0.0 B) remote blocks
26/07/26 05:12:53 INFO ShuffleBlockFetcherIterator: Started 0 remote fetches in 1 ms
26/07/26 05:12:53 INFO Executor: Finished task 0.0 in stage 37.0 (TID 74). 4944 bytes result sent to driver
26/07/26 05:12:53 INFO TaskSetManager: Finished task 0.0 in stage 37.0 (TID 74) in 834 ms on ab93cff004a3 (executor driver) (2/2)
26/07/26 05:12:53 INFO TaskSchedulerImpl: Removed TaskSet 37.0 whose tasks have all completed, from pool
26/07/26 05:12:53 INFO DAGScheduler: ResultStage 37 (collect at DriverActivationSpec.scala:101) finished in 930 ms
26/07/26 05:12:53 INFO DAGScheduler: Job 18 is finished. Cancelling potential speculative or zombie tasks for this job
26/07/26 05:12:53 INFO TaskSchedulerImpl: Canceling stage 37
26/07/26 05:12:53 INFO TaskSchedulerImpl: Killing all running tasks in stage 37: Stage finished
26/07/26 05:12:53 INFO DAGScheduler: Job 18 finished: collect at DriverActivationSpec.scala:101, took 2422.274348 ms
26/07/26 05:12:54 INFO HashAggregateExec: spark.sql.codegen.aggregate.map.twolevel.enabled is set to true, but current version of codegened fast hashmap does not support this aggregate.
26/07/26 05:12:54 INFO SparkContext: Starting job: collect at DriverActivationSpec.scala:101
26/07/26 05:12:54 INFO DAGScheduler: Registering RDD 136 (collect at DriverActivationSpec.scala:101) as input to shuffle 19
26/07/26 05:12:54 INFO DAGScheduler: Got job 19 (collect at DriverActivationSpec.scala:101) with 2 output partitions
26/07/26 05:12:54 INFO DAGScheduler: Final stage: ResultStage 39 (collect at DriverActivationSpec.scala:101)
26/07/26 05:12:54 INFO DAGScheduler: Parents of final stage: List(ShuffleMapStage 38)
26/07/26 05:12:54 INFO DAGScheduler: Missing parents: List(ShuffleMapStage 38)
26/07/26 05:12:54 INFO DAGScheduler: Missing parents found for ResultStage 39: List(ShuffleMapStage 38)
26/07/26 05:12:54 INFO DAGScheduler: Missing parents found for ShuffleMapStage 38: List()
26/07/26 05:12:54 INFO DAGScheduler: Submitting ShuffleMapStage 38 (MapPartitionsRDD[136] at collect at DriverActivationSpec.scala:101), which has no missing parents
26/07/26 05:12:54 INFO MemoryStore: Block broadcast_38 stored as values in memory (estimated size 31.6 KiB, free 1003.1 MiB)
26/07/26 05:12:54 INFO MemoryStore: Block broadcast_38_piece0 stored as bytes in memory (estimated size 13.9 KiB, free 1003.1 MiB)
26/07/26 05:12:54 INFO SparkContext: Created broadcast 38 from broadcast at DAGScheduler.scala:1686
26/07/26 05:12:54 INFO DAGScheduler: Submitting 2 missing tasks from ShuffleMapStage 38 (MapPartitionsRDD[136] at collect at DriverActivationSpec.scala:101) (first 15 tasks are for partitions Vector(0, 1))
26/07/26 05:12:54 INFO TaskSchedulerImpl: Adding task set 38.0 with 2 tasks resource profile 0
26/07/26 05:12:54 INFO TaskSetManager: Starting task 0.0 in stage 38.0 (TID 76) (ab93cff004a3,executor driver, partition 0, PROCESS_LOCAL, 9971 bytes)
26/07/26 05:12:54 INFO TaskSetManager: Starting task 1.0 in stage 38.0 (TID 77) (ab93cff004a3,executor driver, partition 1, PROCESS_LOCAL, 9971 bytes)
26/07/26 05:12:54 INFO Executor: Running task 1.0 in stage 38.0 (TID 77)
26/07/26 05:12:54 INFO Executor: Running task 0.0 in stage 38.0 (TID 76)
26/07/26 05:12:55 INFO Executor: Finished task 0.0 in stage 38.0 (TID 76). 2337 bytes result sent to driver
26/07/26 05:12:55 INFO Executor: Finished task 1.0 in stage 38.0 (TID 77). 2337 bytes result sent to driver
26/07/26 05:12:55 INFO TaskSetManager: Finished task 1.0 in stage 38.0 (TID 77) in 453 ms on ab93cff004a3 (executor driver) (1/2)
26/07/26 05:12:55 INFO TaskSetManager: Finished task 0.0 in stage 38.0 (TID 76) in 469 ms on ab93cff004a3 (executor driver) (2/2)
26/07/26 05:12:55 INFO TaskSchedulerImpl: Removed TaskSet 38.0 whose tasks have all completed, from pool
26/07/26 05:12:55 INFO DAGScheduler: ShuffleMapStage 38 (collect at DriverActivationSpec.scala:101) finished in 583 ms
26/07/26 05:12:55 INFO DAGScheduler: looking for newly runnable stages
26/07/26 05:12:55 INFO DAGScheduler: running: HashSet()
26/07/26 05:12:55 INFO DAGScheduler: waiting: HashSet(ResultStage 39)
26/07/26 05:12:55 INFO DAGScheduler: failed: HashSet()
26/07/26 05:12:55 INFO DAGScheduler: Missing parents found for ResultStage 39: List()
26/07/26 05:12:55 INFO DAGScheduler: Submitting ResultStage 39 (MapPartitionsRDD[139] at collect at DriverActivationSpec.scala:101), which has no missing parents
26/07/26 05:12:55 INFO MemoryStore: Block broadcast_39 stored as values in memory (estimated size 29.2 KiB, free 1003.0 MiB)
26/07/26 05:12:55 INFO MemoryStore: Block broadcast_39_piece0 stored as bytes in memory (estimated size 13.0 KiB, free 1003.0 MiB)
26/07/26 05:12:55 INFO SparkContext: Created broadcast 39 from broadcast at DAGScheduler.scala:1686
26/07/26 05:12:55 INFO DAGScheduler: Submitting 2 missing tasks from ResultStage 39 (MapPartitionsRDD[139] at collect at DriverActivationSpec.scala:101) (first 15 tasks are for partitions Vector(0, 1))
26/07/26 05:12:55 INFO TaskSchedulerImpl: Adding task set 39.0 with 2 tasks resource profile 0
26/07/26 05:12:55 INFO TaskSetManager: Starting task 0.0 in stage 39.0 (TID 78) (ab93cff004a3,executor driver, partition 0, NODE_LOCAL, 9847 bytes)
26/07/26 05:12:55 INFO TaskSetManager: Starting task 1.0 in stage 39.0 (TID 79) (ab93cff004a3,executor driver, partition 1, NODE_LOCAL, 9847 bytes)
26/07/26 05:12:55 INFO Executor: Running task 0.0 in stage 39.0 (TID 78)
26/07/26 05:12:55 INFO Executor: Running task 1.0 in stage 39.0 (TID 79)
26/07/26 05:12:55 INFO ShuffleBlockFetcherIterator: Getting 2 (608.0 B) non-empty blocks including 2 (608.0 B) local and 0 (0.0 B) host-local and 0 (0.0 B) push-merged-local and 0 (0.0 B) remote blocks
26/07/26 05:12:55 INFO ShuffleBlockFetcherIterator: Started 0 remote fetches in 1 ms
26/07/26 05:12:55 INFO ShuffleBlockFetcherIterator: Getting 2 (456.0 B) non-empty blocks including 2 (456.0 B) local and 0 (0.0 B) host-local and 0 (0.0 B) push-merged-local and 0 (0.0 B) remote blocks
26/07/26 05:12:55 INFO ShuffleBlockFetcherIterator: Started 0 remote fetches in 1 ms
26/07/26 05:12:56 INFO Executor: Finished task 1.0 in stage 39.0 (TID 79). 4892 bytes result sent to driver
26/07/26 05:12:56 INFO Executor: Finished task 0.0 in stage 39.0 (TID 78). 4987 bytes result sent to driver
26/07/26 05:12:56 INFO TaskSetManager: Finished task 1.0 in stage 39.0 (TID 79) in 411 ms on ab93cff004a3 (executor driver) (1/2)
26/07/26 05:12:56 INFO TaskSetManager: Finished task 0.0 in stage 39.0 (TID 78) in 426 ms on ab93cff004a3 (executor driver) (2/2)
26/07/26 05:12:56 INFO TaskSchedulerImpl: Removed TaskSet 39.0 whose tasks have all completed, from pool
26/07/26 05:12:56 INFO DAGScheduler: ResultStage 39 (collect at DriverActivationSpec.scala:101) finished in 714 ms
26/07/26 05:12:56 INFO DAGScheduler: Job 19 is finished. Cancelling potential speculative or zombie tasks for this job
26/07/26 05:12:56 INFO TaskSchedulerImpl: Canceling stage 39
26/07/26 05:12:56 INFO TaskSchedulerImpl: Killing all running tasks in stage 39: Stage finished
26/07/26 05:12:56 INFO DAGScheduler: Job 19 finished: collect at DriverActivationSpec.scala:101, took 1395.439073 ms
26/07/26 05:12:56 INFO HashAggregateExec: spark.sql.codegen.aggregate.map.twolevel.enabled is set to true, but current version of codegened fast hashmap does not support this aggregate.
26/07/26 05:12:57 INFO SparkContext: Starting job: collect at DriverActivationSpec.scala:101
26/07/26 05:12:57 INFO DAGScheduler: Registering RDD 143 (collect at DriverActivationSpec.scala:101) as input to shuffle 20
26/07/26 05:12:57 INFO DAGScheduler: Got job 20 (collect at DriverActivationSpec.scala:101) with 2 output partitions
26/07/26 05:12:57 INFO DAGScheduler: Final stage: ResultStage 41 (collect at DriverActivationSpec.scala:101)
26/07/26 05:12:57 INFO DAGScheduler: Parents of final stage: List(ShuffleMapStage 40)
26/07/26 05:12:57 INFO DAGScheduler: Missing parents: List(ShuffleMapStage 40)
26/07/26 05:12:57 INFO DAGScheduler: Missing parents found for ResultStage 41: List(ShuffleMapStage 40)
26/07/26 05:12:57 INFO DAGScheduler: Missing parents found for ShuffleMapStage 40: List()
26/07/26 05:12:57 INFO DAGScheduler: Submitting ShuffleMapStage 40 (MapPartitionsRDD[143] at collect at DriverActivationSpec.scala:101), which has no missing parents
26/07/26 05:12:57 INFO MemoryStore: Block broadcast_40 stored as values in memory (estimated size 31.6 KiB, free 1003.0 MiB)
26/07/26 05:12:57 INFO MemoryStore: Block broadcast_40_piece0 stored as bytes in memory (estimated size 13.9 KiB, free 1003.0 MiB)
26/07/26 05:12:57 INFO SparkContext: Created broadcast 40 from broadcast at DAGScheduler.scala:1686
26/07/26 05:12:57 INFO DAGScheduler: Submitting 2 missing tasks from ShuffleMapStage 40 (MapPartitionsRDD[143] at collect at DriverActivationSpec.scala:101) (first 15 tasks are for partitions Vector(0, 1))
26/07/26 05:12:57 INFO TaskSchedulerImpl: Adding task set 40.0 with 2 tasks resource profile 0
26/07/26 05:12:57 INFO TaskSetManager: Starting task 0.0 in stage 40.0 (TID 80) (ab93cff004a3,executor driver, partition 0, PROCESS_LOCAL, 9971 bytes)
26/07/26 05:12:57 INFO TaskSetManager: Starting task 1.0 in stage 40.0 (TID 81) (ab93cff004a3,executor driver, partition 1, PROCESS_LOCAL, 9971 bytes)
26/07/26 05:12:57 INFO Executor: Running task 0.0 in stage 40.0 (TID 80)
26/07/26 05:12:57 INFO Executor: Running task 1.0 in stage 40.0 (TID 81)
26/07/26 05:12:57 INFO Executor: Finished task 1.0 in stage 40.0 (TID 81). 2337 bytes result sent to driver
26/07/26 05:12:57 INFO TaskSetManager: Finished task 1.0 in stage 40.0 (TID 81) in 431 ms on ab93cff004a3 (executor driver) (1/2)
26/07/26 05:12:57 INFO Executor: Finished task 0.0 in stage 40.0 (TID 80). 2337 bytes result sent to driver
26/07/26 05:12:57 INFO TaskSetManager: Finished task 0.0 in stage 40.0 (TID 80) in 471 ms on ab93cff004a3 (executor driver) (2/2)
26/07/26 05:12:57 INFO TaskSchedulerImpl: Removed TaskSet 40.0 whose tasks have all completed, from pool
26/07/26 05:12:57 INFO DAGScheduler: ShuffleMapStage 40 (collect at DriverActivationSpec.scala:101) finished in 627 ms
26/07/26 05:12:57 INFO DAGScheduler: looking for newly runnable stages
26/07/26 05:12:57 INFO DAGScheduler: running: HashSet()
26/07/26 05:12:57 INFO DAGScheduler: waiting: HashSet(ResultStage 41)
26/07/26 05:12:57 INFO DAGScheduler: failed: HashSet()
26/07/26 05:12:57 INFO DAGScheduler: Missing parents found for ResultStage 41: List()
26/07/26 05:12:57 INFO DAGScheduler: Submitting ResultStage 41 (MapPartitionsRDD[146] at collect at DriverActivationSpec.scala:101), which has no missing parents
26/07/26 05:12:57 INFO MemoryStore: Block broadcast_41 stored as values in memory (estimated size 29.2 KiB, free 1003.0 MiB)
26/07/26 05:12:57 INFO MemoryStore: Block broadcast_41_piece0 stored as bytes in memory (estimated size 13.0 KiB, free 1002.9 MiB)
26/07/26 05:12:57 INFO SparkContext: Created broadcast 41 from broadcast at DAGScheduler.scala:1686
26/07/26 05:12:57 INFO DAGScheduler: Submitting 2 missing tasks from ResultStage 41 (MapPartitionsRDD[146] at collect at DriverActivationSpec.scala:101) (first 15 tasks are for partitions Vector(0, 1))
26/07/26 05:12:57 INFO TaskSchedulerImpl: Adding task set 41.0 with 2 tasks resource profile 0
26/07/26 05:12:58 INFO TaskSetManager: Starting task 0.0 in stage 41.0 (TID 82) (ab93cff004a3,executor driver, partition 0, NODE_LOCAL, 9847 bytes)
26/07/26 05:12:58 INFO TaskSetManager: Starting task 1.0 in stage 41.0 (TID 83) (ab93cff004a3,executor driver, partition 1, NODE_LOCAL, 9847 bytes)
26/07/26 05:12:58 INFO Executor: Running task 1.0 in stage 41.0 (TID 83)
26/07/26 05:12:58 INFO Executor: Running task 0.0 in stage 41.0 (TID 82)
26/07/26 05:12:58 INFO ShuffleBlockFetcherIterator: Getting 2 (456.0 B) non-empty blocks including 2 (456.0 B) local and 0 (0.0 B) host-local and 0 (0.0 B) push-merged-local and 0 (0.0 B) remote blocks
26/07/26 05:12:58 INFO ShuffleBlockFetcherIterator: Started 0 remote fetches in 9 ms
26/07/26 05:12:58 INFO ShuffleBlockFetcherIterator: Getting 2 (608.0 B) non-empty blocks including 2 (608.0 B) local and 0 (0.0 B) host-local and 0 (0.0 B) push-merged-local and 0 (0.0 B) remote blocks
26/07/26 05:12:58 INFO ShuffleBlockFetcherIterator: Started 0 remote fetches in 4 ms
26/07/26 05:12:58 INFO Executor: Finished task 0.0 in stage 41.0 (TID 82). 4987 bytes result sent to driver
26/07/26 05:12:58 INFO TaskSetManager: Finished task 0.0 in stage 41.0 (TID 82) in 315 ms on ab93cff004a3 (executor driver) (1/2)
26/07/26 05:12:58 INFO Executor: Finished task 1.0 in stage 41.0 (TID 83). 4935 bytes result sent to driver
26/07/26 05:12:58 INFO TaskSetManager: Finished task 1.0 in stage 41.0 (TID 83) in 336 ms on ab93cff004a3 (executor driver) (2/2)
26/07/26 05:12:58 INFO DAGScheduler: ResultStage 41 (collect at DriverActivationSpec.scala:101) finished in 439 ms
26/07/26 05:12:58 INFO TaskSchedulerImpl: Removed TaskSet 41.0 whose tasks have all completed, from pool
26/07/26 05:12:58 INFO DAGScheduler: Job 20 is finished. Cancelling potential speculative or zombie tasks for this job
26/07/26 05:12:58 INFO TaskSchedulerImpl: Canceling stage 41
26/07/26 05:12:58 INFO TaskSchedulerImpl: Killing all running tasks in stage 41: Stage finished
26/07/26 05:12:58 INFO DAGScheduler: Job 20 finished: collect at DriverActivationSpec.scala:101, took 1146.042321 ms
26/07/26 05:12:58 INFO HashAggregateExec: spark.sql.codegen.aggregate.map.twolevel.enabled is set to true, but current version of codegened fast hashmap does not support this aggregate.
26/07/26 05:12:59 INFO SparkContext: Starting job: collect at DriverActivationSpec.scala:101
26/07/26 05:12:59 INFO DAGScheduler: Registering RDD 150 (collect at DriverActivationSpec.scala:101) as input to shuffle 21
26/07/26 05:12:59 INFO DAGScheduler: Got job 21 (collect at DriverActivationSpec.scala:101) with 2 output partitions
26/07/26 05:12:59 INFO DAGScheduler: Final stage: ResultStage 43 (collect at DriverActivationSpec.scala:101)
26/07/26 05:12:59 INFO DAGScheduler: Parents of final stage: List(ShuffleMapStage 42)
26/07/26 05:12:59 INFO DAGScheduler: Missing parents: List(ShuffleMapStage 42)
26/07/26 05:12:59 INFO DAGScheduler: Missing parents found for ResultStage 43: List(ShuffleMapStage 42)
26/07/26 05:12:59 INFO DAGScheduler: Missing parents found for ShuffleMapStage 42: List()
26/07/26 05:12:59 INFO DAGScheduler: Submitting ShuffleMapStage 42 (MapPartitionsRDD[150] at collect at DriverActivationSpec.scala:101), which has no missing parents
26/07/26 05:12:59 INFO MemoryStore: Block broadcast_42 stored as values in memory (estimated size 31.6 KiB, free 1003.1 MiB)
26/07/26 05:12:59 INFO MemoryStore: Block broadcast_42_piece0 stored as bytes in memory (estimated size 13.9 KiB, free 1003.1 MiB)
26/07/26 05:12:59 INFO SparkContext: Created broadcast 42 from broadcast at DAGScheduler.scala:1686
26/07/26 05:12:59 INFO DAGScheduler: Submitting 2 missing tasks from ShuffleMapStage 42 (MapPartitionsRDD[150] at collect at DriverActivationSpec.scala:101) (first 15 tasks are for partitions Vector(0, 1))
26/07/26 05:12:59 INFO TaskSchedulerImpl: Adding task set 42.0 with 2 tasks resource profile 0
26/07/26 05:12:59 INFO TaskSetManager: Starting task 0.0 in stage 42.0 (TID 84) (ab93cff004a3,executor driver, partition 0, PROCESS_LOCAL, 9971 bytes)
26/07/26 05:12:59 INFO TaskSetManager: Starting task 1.0 in stage 42.0 (TID 85) (ab93cff004a3,executor driver, partition 1, PROCESS_LOCAL, 9971 bytes)
26/07/26 05:12:59 INFO Executor: Running task 1.0 in stage 42.0 (TID 85)
26/07/26 05:12:59 INFO Executor: Running task 0.0 in stage 42.0 (TID 84)
26/07/26 05:12:59 INFO Executor: Finished task 1.0 in stage 42.0 (TID 85). 2337 bytes result sent to driver
26/07/26 05:12:59 INFO TaskSetManager: Finished task 1.0 in stage 42.0 (TID 85) in 77 ms on ab93cff004a3 (executor driver) (1/2)
26/07/26 05:12:59 INFO Executor: Finished task 0.0 in stage 42.0 (TID 84). 2337 bytes result sent to driver
26/07/26 05:12:59 INFO TaskSetManager: Finished task 0.0 in stage 42.0 (TID 84) in 111 ms on ab93cff004a3 (executor driver) (2/2)
26/07/26 05:12:59 INFO TaskSchedulerImpl: Removed TaskSet 42.0 whose tasks have all completed, from pool
26/07/26 05:12:59 INFO DAGScheduler: ShuffleMapStage 42 (collect at DriverActivationSpec.scala:101) finished in 142 ms
26/07/26 05:12:59 INFO DAGScheduler: looking for newly runnable stages
26/07/26 05:12:59 INFO DAGScheduler: running: HashSet()
26/07/26 05:12:59 INFO DAGScheduler: waiting: HashSet(ResultStage 43)
26/07/26 05:12:59 INFO DAGScheduler: failed: HashSet()
26/07/26 05:12:59 INFO DAGScheduler: Missing parents found for ResultStage 43: List()
26/07/26 05:12:59 INFO DAGScheduler: Submitting ResultStage 43 (MapPartitionsRDD[153] at collect at DriverActivationSpec.scala:101), which has no missing parents
26/07/26 05:12:59 INFO MemoryStore: Block broadcast_43 stored as values in memory (estimated size 29.2 KiB, free 1003.1 MiB)
26/07/26 05:12:59 INFO MemoryStore: Block broadcast_43_piece0 stored as bytes in memory (estimated size 13.0 KiB, free 1003.1 MiB)
26/07/26 05:12:59 INFO SparkContext: Created broadcast 43 from broadcast at DAGScheduler.scala:1686
26/07/26 05:12:59 INFO DAGScheduler: Submitting 2 missing tasks from ResultStage 43 (MapPartitionsRDD[153] at collect at DriverActivationSpec.scala:101) (first 15 tasks are for partitions Vector(0, 1))
26/07/26 05:12:59 INFO TaskSchedulerImpl: Adding task set 43.0 with 2 tasks resource profile 0
26/07/26 05:12:59 INFO TaskSetManager: Starting task 0.0 in stage 43.0 (TID 86) (ab93cff004a3,executor driver, partition 0, NODE_LOCAL, 9847 bytes)
26/07/26 05:12:59 INFO TaskSetManager: Starting task 1.0 in stage 43.0 (TID 87) (ab93cff004a3,executor driver, partition 1, NODE_LOCAL, 9847 bytes)
26/07/26 05:12:59 INFO Executor: Running task 1.0 in stage 43.0 (TID 87)
26/07/26 05:12:59 INFO Executor: Running task 0.0 in stage 43.0 (TID 86)
26/07/26 05:12:59 INFO ShuffleBlockFetcherIterator: Getting 2 (608.0 B) non-empty blocks including 2 (608.0 B) local and 0 (0.0 B) host-local and 0 (0.0 B) push-merged-local and 0 (0.0 B) remote blocks
26/07/26 05:12:59 INFO ShuffleBlockFetcherIterator: Started 0 remote fetches in 1 ms
26/07/26 05:12:59 INFO ShuffleBlockFetcherIterator: Getting 2 (456.0 B) non-empty blocks including 2 (456.0 B) local and 0 (0.0 B) host-local and 0 (0.0 B) push-merged-local and 0 (0.0 B) remote blocks
26/07/26 05:12:59 INFO ShuffleBlockFetcherIterator: Started 0 remote fetches in 1 ms
26/07/26 05:12:59 INFO Executor: Finished task 0.0 in stage 43.0 (TID 86). 4944 bytes result sent to driver
26/07/26 05:12:59 INFO TaskSetManager: Finished task 0.0 in stage 43.0 (TID 86) in 48 ms on ab93cff004a3 (executor driver) (1/2)
26/07/26 05:12:59 INFO Executor: Finished task 1.0 in stage 43.0 (TID 87). 4892 bytes result sent to driver
26/07/26 05:12:59 INFO TaskSetManager: Finished task 1.0 in stage 43.0 (TID 87) in 48 ms on ab93cff004a3 (executor driver) (2/2)
26/07/26 05:12:59 INFO TaskSchedulerImpl: Removed TaskSet 43.0 whose tasks have all completed, from pool
26/07/26 05:12:59 INFO DAGScheduler: ResultStage 43 (collect at DriverActivationSpec.scala:101) finished in 76 ms
26/07/26 05:12:59 INFO DAGScheduler: Job 21 is finished. Cancelling potential speculative or zombie tasks for this job
26/07/26 05:12:59 INFO TaskSchedulerImpl: Canceling stage 43
26/07/26 05:12:59 INFO TaskSchedulerImpl: Killing all running tasks in stage 43: Stage finished
26/07/26 05:12:59 INFO DAGScheduler: Job 21 finished: collect at DriverActivationSpec.scala:101, took 258.453135 ms
26/07/26 05:12:59 INFO HashAggregateExec: spark.sql.codegen.aggregate.map.twolevel.enabled is set to true, but current version of codegened fast hashmap does not support this aggregate.
26/07/26 05:12:59 INFO SparkContext: Starting job: collect at DriverActivationSpec.scala:101
26/07/26 05:12:59 INFO DAGScheduler: Registering RDD 157 (collect at DriverActivationSpec.scala:101) as input to shuffle 22
26/07/26 05:12:59 INFO DAGScheduler: Got job 22 (collect at DriverActivationSpec.scala:101) with 2 output partitions
26/07/26 05:12:59 INFO DAGScheduler: Final stage: ResultStage 45 (collect at DriverActivationSpec.scala:101)
26/07/26 05:12:59 INFO DAGScheduler: Parents of final stage: List(ShuffleMapStage 44)
26/07/26 05:12:59 INFO DAGScheduler: Missing parents: List(ShuffleMapStage 44)
26/07/26 05:12:59 INFO DAGScheduler: Missing parents found for ResultStage 45: List(ShuffleMapStage 44)
26/07/26 05:12:59 INFO DAGScheduler: Missing parents found for ShuffleMapStage 44: List()
26/07/26 05:12:59 INFO DAGScheduler: Submitting ShuffleMapStage 44 (MapPartitionsRDD[157] at collect at DriverActivationSpec.scala:101), which has no missing parents
26/07/26 05:12:59 INFO MemoryStore: Block broadcast_44 stored as values in memory (estimated size 31.6 KiB, free 1003.0 MiB)
26/07/26 05:12:59 INFO MemoryStore: Block broadcast_44_piece0 stored as bytes in memory (estimated size 13.9 KiB, free 1003.0 MiB)
26/07/26 05:12:59 INFO SparkContext: Created broadcast 44 from broadcast at DAGScheduler.scala:1686
26/07/26 05:12:59 INFO DAGScheduler: Submitting 2 missing tasks from ShuffleMapStage 44 (MapPartitionsRDD[157] at collect at DriverActivationSpec.scala:101) (first 15 tasks are for partitions Vector(0, 1))
26/07/26 05:12:59 INFO TaskSchedulerImpl: Adding task set 44.0 with 2 tasks resource profile 0
26/07/26 05:13:00 INFO TaskSetManager: Starting task 0.0 in stage 44.0 (TID 88) (ab93cff004a3,executor driver, partition 0, PROCESS_LOCAL, 9971 bytes)
26/07/26 05:13:00 INFO TaskSetManager: Starting task 1.0 in stage 44.0 (TID 89) (ab93cff004a3,executor driver, partition 1, PROCESS_LOCAL, 9971 bytes)
26/07/26 05:13:00 INFO Executor: Running task 1.0 in stage 44.0 (TID 89)
26/07/26 05:13:00 INFO Executor: Running task 0.0 in stage 44.0 (TID 88)
26/07/26 05:13:00 INFO Executor: Finished task 0.0 in stage 44.0 (TID 88). 2337 bytes result sent to driver
26/07/26 05:13:00 INFO Executor: Finished task 1.0 in stage 44.0 (TID 89). 2337 bytes result sent to driver
26/07/26 05:13:00 INFO TaskSetManager: Finished task 0.0 in stage 44.0 (TID 88) in 201 ms on ab93cff004a3 (executor driver) (1/2)
26/07/26 05:13:00 INFO TaskSetManager: Finished task 1.0 in stage 44.0 (TID 89) in 201 ms on ab93cff004a3 (executor driver) (2/2)
26/07/26 05:13:00 INFO TaskSchedulerImpl: Removed TaskSet 44.0 whose tasks have all completed, from pool
26/07/26 05:13:00 INFO DAGScheduler: ShuffleMapStage 44 (collect at DriverActivationSpec.scala:101) finished in 256 ms
26/07/26 05:13:00 INFO DAGScheduler: looking for newly runnable stages
26/07/26 05:13:00 INFO DAGScheduler: running: HashSet()
26/07/26 05:13:00 INFO DAGScheduler: waiting: HashSet(ResultStage 45)
26/07/26 05:13:00 INFO DAGScheduler: failed: HashSet()
26/07/26 05:13:00 INFO DAGScheduler: Missing parents found for ResultStage 45: List()
26/07/26 05:13:00 INFO DAGScheduler: Submitting ResultStage 45 (MapPartitionsRDD[160] at collect at DriverActivationSpec.scala:101), which has no missing parents
26/07/26 05:13:00 INFO MemoryStore: Block broadcast_45 stored as values in memory (estimated size 29.2 KiB, free 1003.1 MiB)
26/07/26 05:13:00 INFO MemoryStore: Block broadcast_45_piece0 stored as bytes in memory (estimated size 13.0 KiB, free 1003.1 MiB)
26/07/26 05:13:00 INFO SparkContext: Created broadcast 45 from broadcast at DAGScheduler.scala:1686
26/07/26 05:13:00 INFO DAGScheduler: Submitting 2 missing tasks from ResultStage 45 (MapPartitionsRDD[160] at collect at DriverActivationSpec.scala:101) (first 15 tasks are for partitions Vector(0, 1))
26/07/26 05:13:00 INFO TaskSchedulerImpl: Adding task set 45.0 with 2 tasks resource profile 0
26/07/26 05:13:00 INFO TaskSetManager: Starting task 0.0 in stage 45.0 (TID 90) (ab93cff004a3,executor driver, partition 0, NODE_LOCAL, 9847 bytes)
26/07/26 05:13:00 INFO TaskSetManager: Starting task 1.0 in stage 45.0 (TID 91) (ab93cff004a3,executor driver, partition 1, NODE_LOCAL, 9847 bytes)
26/07/26 05:13:00 INFO Executor: Running task 1.0 in stage 45.0 (TID 91)
26/07/26 05:13:00 INFO Executor: Running task 0.0 in stage 45.0 (TID 90)
26/07/26 05:13:00 INFO ShuffleBlockFetcherIterator: Getting 2 (608.0 B) non-empty blocks including 2 (608.0 B) local and 0 (0.0 B) host-local and 0 (0.0 B) push-merged-local and 0 (0.0 B) remote blocks
26/07/26 05:13:00 INFO ShuffleBlockFetcherIterator: Started 0 remote fetches in 1 ms
26/07/26 05:13:00 INFO ShuffleBlockFetcherIterator: Getting 2 (456.0 B) non-empty blocks including 2 (456.0 B) local and 0 (0.0 B) host-local and 0 (0.0 B) push-merged-local and 0 (0.0 B) remote blocks
26/07/26 05:13:00 INFO Executor: Finished task 0.0 in stage 45.0 (TID 90). 4944 bytes result sent to driver
26/07/26 05:13:00 INFO ShuffleBlockFetcherIterator: Started 0 remote fetches in 1 ms
26/07/26 05:13:00 INFO TaskSetManager: Finished task 0.0 in stage 45.0 (TID 90) in 81 ms on ab93cff004a3 (executor driver) (1/2)
26/07/26 05:13:00 INFO Executor: Finished task 1.0 in stage 45.0 (TID 91). 4892 bytes result sent to driver
26/07/26 05:13:00 INFO TaskSetManager: Finished task 1.0 in stage 45.0 (TID 91) in 103 ms on ab93cff004a3 (executor driver) (2/2)
26/07/26 05:13:00 INFO TaskSchedulerImpl: Removed TaskSet 45.0 whose tasks have all completed, from pool
26/07/26 05:13:00 INFO DAGScheduler: ResultStage 45 (collect at DriverActivationSpec.scala:101) finished in 164 ms
26/07/26 05:13:00 INFO DAGScheduler: Job 22 is finished. Cancelling potential speculative or zombie tasks for this job
26/07/26 05:13:00 INFO TaskSchedulerImpl: Canceling stage 45
26/07/26 05:13:00 INFO TaskSchedulerImpl: Killing all running tasks in stage 45: Stage finished
26/07/26 05:13:00 INFO DAGScheduler: Job 22 finished: collect at DriverActivationSpec.scala:101, took 434.33746 ms
26/07/26 05:13:00 INFO HashAggregateExec: spark.sql.codegen.aggregate.map.twolevel.enabled is set to true, but current version of codegened fast hashmap does not support this aggregate.
26/07/26 05:13:00 INFO SparkContext: Starting job: collect at DriverActivationSpec.scala:101
26/07/26 05:13:00 INFO DAGScheduler: Registering RDD 164 (collect at DriverActivationSpec.scala:101) as input to shuffle 23
26/07/26 05:13:00 INFO DAGScheduler: Got job 23 (collect at DriverActivationSpec.scala:101) with 2 output partitions
26/07/26 05:13:00 INFO DAGScheduler: Final stage: ResultStage 47 (collect at DriverActivationSpec.scala:101)
26/07/26 05:13:00 INFO DAGScheduler: Parents of final stage: List(ShuffleMapStage 46)
26/07/26 05:13:00 INFO DAGScheduler: Missing parents: List(ShuffleMapStage 46)
26/07/26 05:13:00 INFO DAGScheduler: Missing parents found for ResultStage 47: List(ShuffleMapStage 46)
26/07/26 05:13:00 INFO DAGScheduler: Missing parents found for ShuffleMapStage 46: List()
26/07/26 05:13:00 INFO DAGScheduler: Submitting ShuffleMapStage 46 (MapPartitionsRDD[164] at collect at DriverActivationSpec.scala:101), which has no missing parents
26/07/26 05:13:00 INFO MemoryStore: Block broadcast_46 stored as values in memory (estimated size 31.6 KiB, free 1003.1 MiB)
26/07/26 05:13:00 INFO MemoryStore: Block broadcast_46_piece0 stored as bytes in memory (estimated size 13.9 KiB, free 1003.1 MiB)
26/07/26 05:13:00 INFO SparkContext: Created broadcast 46 from broadcast at DAGScheduler.scala:1686
26/07/26 05:13:00 INFO DAGScheduler: Submitting 2 missing tasks from ShuffleMapStage 46 (MapPartitionsRDD[164] at collect at DriverActivationSpec.scala:101) (first 15 tasks are for partitions Vector(0, 1))
26/07/26 05:13:00 INFO TaskSchedulerImpl: Adding task set 46.0 with 2 tasks resource profile 0
26/07/26 05:13:00 INFO TaskSetManager: Starting task 0.0 in stage 46.0 (TID 92) (ab93cff004a3,executor driver, partition 0, PROCESS_LOCAL, 9971 bytes)
26/07/26 05:13:00 INFO TaskSetManager: Starting task 1.0 in stage 46.0 (TID 93) (ab93cff004a3,executor driver, partition 1, PROCESS_LOCAL, 9971 bytes)
26/07/26 05:13:00 INFO Executor: Running task 1.0 in stage 46.0 (TID 93)
26/07/26 05:13:00 INFO Executor: Running task 0.0 in stage 46.0 (TID 92)
26/07/26 05:13:00 INFO Executor: Finished task 0.0 in stage 46.0 (TID 92). 2294 bytes result sent to driver
26/07/26 05:13:00 INFO TaskSetManager: Finished task 0.0 in stage 46.0 (TID 92) in 39 ms on ab93cff004a3 (executor driver) (1/2)
26/07/26 05:13:00 INFO Executor: Finished task 1.0 in stage 46.0 (TID 93). 2294 bytes result sent to driver
26/07/26 05:13:00 INFO TaskSetManager: Finished task 1.0 in stage 46.0 (TID 93) in 39 ms on ab93cff004a3 (executor driver) (2/2)
26/07/26 05:13:00 INFO TaskSchedulerImpl: Removed TaskSet 46.0 whose tasks have all completed, from pool
26/07/26 05:13:00 INFO DAGScheduler: ShuffleMapStage 46 (collect at DriverActivationSpec.scala:101) finished in 65 ms
26/07/26 05:13:00 INFO DAGScheduler: looking for newly runnable stages
26/07/26 05:13:00 INFO DAGScheduler: running: HashSet()
26/07/26 05:13:00 INFO DAGScheduler: waiting: HashSet(ResultStage 47)
26/07/26 05:13:00 INFO DAGScheduler: failed: HashSet()
26/07/26 05:13:00 INFO DAGScheduler: Missing parents found for ResultStage 47: List()
26/07/26 05:13:00 INFO DAGScheduler: Submitting ResultStage 47 (MapPartitionsRDD[167] at collect at DriverActivationSpec.scala:101), which has no missing parents
26/07/26 05:13:00 INFO MemoryStore: Block broadcast_47 stored as values in memory (estimated size 29.2 KiB, free 1003.1 MiB)
26/07/26 05:13:00 INFO MemoryStore: Block broadcast_47_piece0 stored as bytes in memory (estimated size 13.0 KiB, free 1003.1 MiB)
26/07/26 05:13:00 INFO SparkContext: Created broadcast 47 from broadcast at DAGScheduler.scala:1686
26/07/26 05:13:00 INFO DAGScheduler: Submitting 2 missing tasks from ResultStage 47 (MapPartitionsRDD[167] at collect at DriverActivationSpec.scala:101) (first 15 tasks are for partitions Vector(0, 1))
26/07/26 05:13:00 INFO TaskSchedulerImpl: Adding task set 47.0 with 2 tasks resource profile 0
26/07/26 05:13:00 INFO TaskSetManager: Starting task 0.0 in stage 47.0 (TID 94) (ab93cff004a3,executor driver, partition 0, NODE_LOCAL, 9847 bytes)
26/07/26 05:13:00 INFO TaskSetManager: Starting task 1.0 in stage 47.0 (TID 95) (ab93cff004a3,executor driver, partition 1, NODE_LOCAL, 9847 bytes)
26/07/26 05:13:00 INFO Executor: Running task 1.0 in stage 47.0 (TID 95)
26/07/26 05:13:00 INFO Executor: Running task 0.0 in stage 47.0 (TID 94)
26/07/26 05:13:00 INFO ShuffleBlockFetcherIterator: Getting 2 (608.0 B) non-empty blocks including 2 (608.0 B) local and 0 (0.0 B) host-local and 0 (0.0 B) push-merged-local and 0 (0.0 B) remote blocks
26/07/26 05:13:00 INFO ShuffleBlockFetcherIterator: Started 0 remote fetches in 1 ms
26/07/26 05:13:00 INFO ShuffleBlockFetcherIterator: Getting 2 (456.0 B) non-empty blocks including 2 (456.0 B) local and 0 (0.0 B) host-local and 0 (0.0 B) push-merged-local and 0 (0.0 B) remote blocks
26/07/26 05:13:00 INFO ShuffleBlockFetcherIterator: Started 0 remote fetches in 2 ms
26/07/26 05:13:00 INFO Executor: Finished task 0.0 in stage 47.0 (TID 94). 4987 bytes result sent to driver
26/07/26 05:13:00 INFO TaskSetManager: Finished task 0.0 in stage 47.0 (TID 94) in 26 ms on ab93cff004a3 (executor driver) (1/2)
26/07/26 05:13:00 INFO Executor: Finished task 1.0 in stage 47.0 (TID 95). 4892 bytes result sent to driver
26/07/26 05:13:00 INFO TaskSetManager: Finished task 1.0 in stage 47.0 (TID 95) in 41 ms on ab93cff004a3 (executor driver) (2/2)
26/07/26 05:13:00 INFO TaskSchedulerImpl: Removed TaskSet 47.0 whose tasks have all completed, from pool
26/07/26 05:13:00 INFO DAGScheduler: ResultStage 47 (collect at DriverActivationSpec.scala:101) finished in 51 ms
26/07/26 05:13:00 INFO DAGScheduler: Job 23 is finished. Cancelling potential speculative or zombie tasks for this job
26/07/26 05:13:00 INFO TaskSchedulerImpl: Canceling stage 47
26/07/26 05:13:00 INFO TaskSchedulerImpl: Killing all running tasks in stage 47: Stage finished
26/07/26 05:13:00 INFO DAGScheduler: Job 23 finished: collect at DriverActivationSpec.scala:101, took 128.013561 ms
26/07/26 05:13:00 INFO HashAggregateExec: spark.sql.codegen.aggregate.map.twolevel.enabled is set to true, but current version of codegened fast hashmap does not support this aggregate.
26/07/26 05:13:00 INFO SparkContext: Starting job: collect at DriverActivationSpec.scala:101
26/07/26 05:13:00 INFO DAGScheduler: Registering RDD 171 (collect at DriverActivationSpec.scala:101) as input to shuffle 24
26/07/26 05:13:01 INFO DAGScheduler: Got job 24 (collect at DriverActivationSpec.scala:101) with 2 output partitions
26/07/26 05:13:01 INFO DAGScheduler: Final stage: ResultStage 49 (collect at DriverActivationSpec.scala:101)
26/07/26 05:13:01 INFO DAGScheduler: Parents of final stage: List(ShuffleMapStage 48)
26/07/26 05:13:01 INFO DAGScheduler: Missing parents: List(ShuffleMapStage 48)
26/07/26 05:13:01 INFO DAGScheduler: Missing parents found for ResultStage 49: List(ShuffleMapStage 48)
26/07/26 05:13:01 INFO DAGScheduler: Missing parents found for ShuffleMapStage 48: List()
26/07/26 05:13:01 INFO DAGScheduler: Submitting ShuffleMapStage 48 (MapPartitionsRDD[171] at collect at DriverActivationSpec.scala:101), which has no missing parents
26/07/26 05:13:01 INFO MemoryStore: Block broadcast_48 stored as values in memory (estimated size 31.6 KiB, free 1003.1 MiB)
26/07/26 05:13:01 INFO MemoryStore: Block broadcast_48_piece0 stored as bytes in memory (estimated size 13.9 KiB, free 1003.1 MiB)
26/07/26 05:13:01 INFO SparkContext: Created broadcast 48 from broadcast at DAGScheduler.scala:1686
26/07/26 05:13:01 INFO DAGScheduler: Submitting 2 missing tasks from ShuffleMapStage 48 (MapPartitionsRDD[171] at collect at DriverActivationSpec.scala:101) (first 15 tasks are for partitions Vector(0, 1))
26/07/26 05:13:01 INFO TaskSchedulerImpl: Adding task set 48.0 with 2 tasks resource profile 0
26/07/26 05:13:01 INFO TaskSetManager: Starting task 0.0 in stage 48.0 (TID 96) (ab93cff004a3,executor driver, partition 0, PROCESS_LOCAL, 9971 bytes)
26/07/26 05:13:01 INFO TaskSetManager: Starting task 1.0 in stage 48.0 (TID 97) (ab93cff004a3,executor driver, partition 1, PROCESS_LOCAL, 9971 bytes)
26/07/26 05:13:01 INFO Executor: Running task 0.0 in stage 48.0 (TID 96)
26/07/26 05:13:01 INFO Executor: Running task 1.0 in stage 48.0 (TID 97)
26/07/26 05:13:01 INFO Executor: Finished task 1.0 in stage 48.0 (TID 97). 2294 bytes result sent to driver
26/07/26 05:13:01 INFO TaskSetManager: Finished task 1.0 in stage 48.0 (TID 97) in 52 ms on ab93cff004a3 (executor driver) (1/2)
26/07/26 05:13:01 INFO Executor: Finished task 0.0 in stage 48.0 (TID 96). 2294 bytes result sent to driver
26/07/26 05:13:01 INFO TaskSetManager: Finished task 0.0 in stage 48.0 (TID 96) in 78 ms on ab93cff004a3 (executor driver) (2/2)
26/07/26 05:13:01 INFO TaskSchedulerImpl: Removed TaskSet 48.0 whose tasks have all completed, from pool
26/07/26 05:13:01 INFO DAGScheduler: ShuffleMapStage 48 (collect at DriverActivationSpec.scala:101) finished in 194 ms
26/07/26 05:13:01 INFO DAGScheduler: looking for newly runnable stages
26/07/26 05:13:01 INFO DAGScheduler: running: HashSet()
26/07/26 05:13:01 INFO DAGScheduler: waiting: HashSet(ResultStage 49)
26/07/26 05:13:01 INFO DAGScheduler: failed: HashSet()
26/07/26 05:13:01 INFO DAGScheduler: Missing parents found for ResultStage 49: List()
26/07/26 05:13:01 INFO DAGScheduler: Submitting ResultStage 49 (MapPartitionsRDD[174] at collect at DriverActivationSpec.scala:101), which has no missing parents
26/07/26 05:13:01 INFO MemoryStore: Block broadcast_49 stored as values in memory (estimated size 29.2 KiB, free 1003.1 MiB)
26/07/26 05:13:01 INFO MemoryStore: Block broadcast_49_piece0 stored as bytes in memory (estimated size 13.0 KiB, free 1003.1 MiB)
26/07/26 05:13:01 INFO SparkContext: Created broadcast 49 from broadcast at DAGScheduler.scala:1686
26/07/26 05:13:01 INFO DAGScheduler: Submitting 2 missing tasks from ResultStage 49 (MapPartitionsRDD[174] at collect at DriverActivationSpec.scala:101) (first 15 tasks are for partitions Vector(0, 1))
26/07/26 05:13:01 INFO TaskSchedulerImpl: Adding task set 49.0 with 2 tasks resource profile 0
26/07/26 05:13:01 INFO TaskSetManager: Starting task 0.0 in stage 49.0 (TID 98) (ab93cff004a3,executor driver, partition 0, NODE_LOCAL, 9847 bytes)
26/07/26 05:13:01 INFO TaskSetManager: Starting task 1.0 in stage 49.0 (TID 99) (ab93cff004a3,executor driver, partition 1, NODE_LOCAL, 9847 bytes)
26/07/26 05:13:01 INFO Executor: Running task 0.0 in stage 49.0 (TID 98)
26/07/26 05:13:01 INFO Executor: Running task 1.0 in stage 49.0 (TID 99)
26/07/26 05:13:01 INFO ShuffleBlockFetcherIterator: Getting 2 (608.0 B) non-empty blocks including 2 (608.0 B) local and 0 (0.0 B) host-local and 0 (0.0 B) push-merged-local and 0 (0.0 B) remote blocks
26/07/26 05:13:01 INFO ShuffleBlockFetcherIterator: Started 0 remote fetches in 4 ms
26/07/26 05:13:01 INFO ShuffleBlockFetcherIterator: Getting 2 (456.0 B) non-empty blocks including 2 (456.0 B) local and 0 (0.0 B) host-local and 0 (0.0 B) push-merged-local and 0 (0.0 B) remote blocks
26/07/26 05:13:01 INFO ShuffleBlockFetcherIterator: Started 0 remote fetches in 2 ms
26/07/26 05:13:01 INFO Executor: Finished task 0.0 in stage 49.0 (TID 98). 4987 bytes result sent to driver
26/07/26 05:13:01 INFO Executor: Finished task 1.0 in stage 49.0 (TID 99). 4892 bytes result sent to driver
26/07/26 05:13:01 INFO TaskSetManager: Finished task 0.0 in stage 49.0 (TID 98) in 180 ms on ab93cff004a3 (executor driver) (1/2)
26/07/26 05:13:01 INFO TaskSetManager: Finished task 1.0 in stage 49.0 (TID 99) in 181 ms on ab93cff004a3 (executor driver) (2/2)
26/07/26 05:13:01 INFO TaskSchedulerImpl: Removed TaskSet 49.0 whose tasks have all completed, from pool
26/07/26 05:13:01 INFO DAGScheduler: ResultStage 49 (collect at DriverActivationSpec.scala:101) finished in 245 ms
26/07/26 05:13:01 INFO DAGScheduler: Job 24 is finished. Cancelling potential speculative or zombie tasks for this job
26/07/26 05:13:01 INFO TaskSchedulerImpl: Canceling stage 49
26/07/26 05:13:01 INFO TaskSchedulerImpl: Killing all running tasks in stage 49: Stage finished
26/07/26 05:13:01 INFO DAGScheduler: Job 24 finished: collect at DriverActivationSpec.scala:101, took 545.530282 ms
26/07/26 05:13:01 INFO HashAggregateExec: spark.sql.codegen.aggregate.map.twolevel.enabled is set to true, but current version of codegened fast hashmap does not support this aggregate.
26/07/26 05:13:01 INFO SparkContext: Starting job: collect at DriverActivationSpec.scala:101
26/07/26 05:13:01 INFO DAGScheduler: Registering RDD 178 (collect at DriverActivationSpec.scala:101) as input to shuffle 25
26/07/26 05:13:01 INFO DAGScheduler: Got job 25 (collect at DriverActivationSpec.scala:101) with 2 output partitions
26/07/26 05:13:01 INFO DAGScheduler: Final stage: ResultStage 51 (collect at DriverActivationSpec.scala:101)
26/07/26 05:13:01 INFO DAGScheduler: Parents of final stage: List(ShuffleMapStage 50)
26/07/26 05:13:01 INFO DAGScheduler: Missing parents: List(ShuffleMapStage 50)
26/07/26 05:13:01 INFO DAGScheduler: Missing parents found for ResultStage 51: List(ShuffleMapStage 50)
26/07/26 05:13:01 INFO DAGScheduler: Missing parents found for ShuffleMapStage 50: List()
26/07/26 05:13:01 INFO DAGScheduler: Submitting ShuffleMapStage 50 (MapPartitionsRDD[178] at collect at DriverActivationSpec.scala:101), which has no missing parents
26/07/26 05:13:01 INFO MemoryStore: Block broadcast_50 stored as values in memory (estimated size 31.6 KiB, free 1003.1 MiB)
26/07/26 05:13:01 INFO MemoryStore: Block broadcast_50_piece0 stored as bytes in memory (estimated size 13.9 KiB, free 1003.1 MiB)
26/07/26 05:13:01 INFO SparkContext: Created broadcast 50 from broadcast at DAGScheduler.scala:1686
26/07/26 05:13:01 INFO DAGScheduler: Submitting 2 missing tasks from ShuffleMapStage 50 (MapPartitionsRDD[178] at collect at DriverActivationSpec.scala:101) (first 15 tasks are for partitions Vector(0, 1))
26/07/26 05:13:01 INFO TaskSchedulerImpl: Adding task set 50.0 with 2 tasks resource profile 0
26/07/26 05:13:01 INFO TaskSetManager: Starting task 0.0 in stage 50.0 (TID 100) (ab93cff004a3,executor driver, partition 0, PROCESS_LOCAL, 9971 bytes)
26/07/26 05:13:01 INFO TaskSetManager: Starting task 1.0 in stage 50.0 (TID 101) (ab93cff004a3,executor driver, partition 1, PROCESS_LOCAL, 9971 bytes)
26/07/26 05:13:01 INFO Executor: Running task 1.0 in stage 50.0 (TID 101)
26/07/26 05:13:01 INFO Executor: Running task 0.0 in stage 50.0 (TID 100)
26/07/26 05:13:01 INFO Executor: Finished task 0.0 in stage 50.0 (TID 100). 2294 bytes result sent to driver
26/07/26 05:13:01 INFO TaskSetManager: Finished task 0.0 in stage 50.0 (TID 100) in 79 ms on ab93cff004a3 (executor driver) (1/2)
26/07/26 05:13:01 INFO Executor: Finished task 1.0 in stage 50.0 (TID 101). 2294 bytes result sent to driver
26/07/26 05:13:01 INFO TaskSetManager: Finished task 1.0 in stage 50.0 (TID 101) in 66 ms on ab93cff004a3 (executor driver) (2/2)
26/07/26 05:13:01 INFO TaskSchedulerImpl: Removed TaskSet 50.0 whose tasks have all completed, from pool
26/07/26 05:13:01 INFO DAGScheduler: ShuffleMapStage 50 (collect at DriverActivationSpec.scala:101) finished in 130 ms
26/07/26 05:13:01 INFO DAGScheduler: looking for newly runnable stages
26/07/26 05:13:01 INFO DAGScheduler: running: HashSet()
26/07/26 05:13:01 INFO DAGScheduler: waiting: HashSet(ResultStage 51)
26/07/26 05:13:01 INFO DAGScheduler: failed: HashSet()
26/07/26 05:13:01 INFO DAGScheduler: Missing parents found for ResultStage 51: List()
26/07/26 05:13:01 INFO DAGScheduler: Submitting ResultStage 51 (MapPartitionsRDD[181] at collect at DriverActivationSpec.scala:101), which has no missing parents
26/07/26 05:13:01 INFO MemoryStore: Block broadcast_51 stored as values in memory (estimated size 29.2 KiB, free 1003.1 MiB)
26/07/26 05:13:01 INFO MemoryStore: Block broadcast_51_piece0 stored as bytes in memory (estimated size 13.0 KiB, free 1003.1 MiB)
26/07/26 05:13:01 INFO SparkContext: Created broadcast 51 from broadcast at DAGScheduler.scala:1686
26/07/26 05:13:01 INFO DAGScheduler: Submitting 2 missing tasks from ResultStage 51 (MapPartitionsRDD[181] at collect at DriverActivationSpec.scala:101) (first 15 tasks are for partitions Vector(0, 1))
26/07/26 05:13:01 INFO TaskSchedulerImpl: Adding task set 51.0 with 2 tasks resource profile 0
26/07/26 05:13:01 INFO TaskSetManager: Starting task 0.0 in stage 51.0 (TID 102) (ab93cff004a3,executor driver, partition 0, NODE_LOCAL, 9847 bytes)
26/07/26 05:13:01 INFO TaskSetManager: Starting task 1.0 in stage 51.0 (TID 103) (ab93cff004a3,executor driver, partition 1, NODE_LOCAL, 9847 bytes)
26/07/26 05:13:01 INFO Executor: Running task 1.0 in stage 51.0 (TID 103)
26/07/26 05:13:01 INFO Executor: Running task 0.0 in stage 51.0 (TID 102)
26/07/26 05:13:02 INFO ShuffleBlockFetcherIterator: Getting 2 (608.0 B) non-empty blocks including 2 (608.0 B) local and 0 (0.0 B) host-local and 0 (0.0 B) push-merged-local and 0 (0.0 B) remote blocks
26/07/26 05:13:02 INFO ShuffleBlockFetcherIterator: Started 0 remote fetches in 17 ms
26/07/26 05:13:02 INFO ShuffleBlockFetcherIterator: Getting 2 (456.0 B) non-empty blocks including 2 (456.0 B) local and 0 (0.0 B) host-local and 0 (0.0 B) push-merged-local and 0 (0.0 B) remote blocks
26/07/26 05:13:02 INFO ShuffleBlockFetcherIterator: Started 0 remote fetches in 1 ms
26/07/26 05:13:02 INFO Executor: Finished task 0.0 in stage 51.0 (TID 102). 4987 bytes result sent to driver
26/07/26 05:13:02 INFO Executor: Finished task 1.0 in stage 51.0 (TID 103). 4892 bytes result sent to driver
26/07/26 05:13:02 INFO TaskSetManager: Finished task 1.0 in stage 51.0 (TID 103) in 115 ms on ab93cff004a3 (executor driver) (1/2)
26/07/26 05:13:02 INFO TaskSetManager: Finished task 0.0 in stage 51.0 (TID 102) in 116 ms on ab93cff004a3 (executor driver) (2/2)
26/07/26 05:13:02 INFO TaskSchedulerImpl: Removed TaskSet 51.0 whose tasks have all completed, from pool
26/07/26 05:13:02 INFO DAGScheduler: ResultStage 51 (collect at DriverActivationSpec.scala:101) finished in 154 ms
26/07/26 05:13:02 INFO DAGScheduler: Job 25 is finished. Cancelling potential speculative or zombie tasks for this job
26/07/26 05:13:02 INFO TaskSchedulerImpl: Canceling stage 51
26/07/26 05:13:02 INFO TaskSchedulerImpl: Killing all running tasks in stage 51: Stage finished
26/07/26 05:13:02 INFO DAGScheduler: Job 25 finished: collect at DriverActivationSpec.scala:101, took 314.34496 ms
26/07/26 05:13:02 INFO HashAggregateExec: spark.sql.codegen.aggregate.map.twolevel.enabled is set to true, but current version of codegened fast hashmap does not support this aggregate.
26/07/26 05:13:02 INFO SparkContext: Starting job: collect at DriverActivationSpec.scala:101
26/07/26 05:13:02 INFO DAGScheduler: Registering RDD 185 (collect at DriverActivationSpec.scala:101) as input to shuffle 26
26/07/26 05:13:02 INFO DAGScheduler: Got job 26 (collect at DriverActivationSpec.scala:101) with 2 output partitions
26/07/26 05:13:02 INFO DAGScheduler: Final stage: ResultStage 53 (collect at DriverActivationSpec.scala:101)
26/07/26 05:13:02 INFO DAGScheduler: Parents of final stage: List(ShuffleMapStage 52)
26/07/26 05:13:02 INFO DAGScheduler: Missing parents: List(ShuffleMapStage 52)
26/07/26 05:13:02 INFO DAGScheduler: Missing parents found for ResultStage 53: List(ShuffleMapStage 52)
26/07/26 05:13:02 INFO DAGScheduler: Missing parents found for ShuffleMapStage 52: List()
26/07/26 05:13:02 INFO DAGScheduler: Submitting ShuffleMapStage 52 (MapPartitionsRDD[185] at collect at DriverActivationSpec.scala:101), which has no missing parents
26/07/26 05:13:02 INFO MemoryStore: Block broadcast_52 stored as values in memory (estimated size 31.6 KiB, free 1003.1 MiB)
26/07/26 05:13:02 INFO MemoryStore: Block broadcast_52_piece0 stored as bytes in memory (estimated size 13.9 KiB, free 1003.1 MiB)
26/07/26 05:13:02 INFO SparkContext: Created broadcast 52 from broadcast at DAGScheduler.scala:1686
26/07/26 05:13:02 INFO DAGScheduler: Submitting 2 missing tasks from ShuffleMapStage 52 (MapPartitionsRDD[185] at collect at DriverActivationSpec.scala:101) (first 15 tasks are for partitions Vector(0, 1))
26/07/26 05:13:02 INFO TaskSchedulerImpl: Adding task set 52.0 with 2 tasks resource profile 0
26/07/26 05:13:02 INFO TaskSetManager: Starting task 0.0 in stage 52.0 (TID 104) (ab93cff004a3,executor driver, partition 0, PROCESS_LOCAL, 9971 bytes)
26/07/26 05:13:02 INFO TaskSetManager: Starting task 1.0 in stage 52.0 (TID 105) (ab93cff004a3,executor driver, partition 1, PROCESS_LOCAL, 9971 bytes)
26/07/26 05:13:02 INFO Executor: Running task 0.0 in stage 52.0 (TID 104)
26/07/26 05:13:02 INFO Executor: Running task 1.0 in stage 52.0 (TID 105)
26/07/26 05:13:02 INFO Executor: Finished task 1.0 in stage 52.0 (TID 105). 2337 bytes result sent to driver
26/07/26 05:13:02 INFO TaskSetManager: Finished task 1.0 in stage 52.0 (TID 105) in 75 ms on ab93cff004a3 (executor driver) (1/2)
26/07/26 05:13:02 INFO Executor: Finished task 0.0 in stage 52.0 (TID 104). 2337 bytes result sent to driver
26/07/26 05:13:02 INFO TaskSetManager: Finished task 0.0 in stage 52.0 (TID 104) in 103 ms on ab93cff004a3 (executor driver) (2/2)
26/07/26 05:13:02 INFO TaskSchedulerImpl: Removed TaskSet 52.0 whose tasks have all completed, from pool
26/07/26 05:13:02 INFO DAGScheduler: ShuffleMapStage 52 (collect at DriverActivationSpec.scala:101) finished in 141 ms
26/07/26 05:13:02 INFO DAGScheduler: looking for newly runnable stages
26/07/26 05:13:02 INFO DAGScheduler: running: HashSet()
26/07/26 05:13:02 INFO DAGScheduler: waiting: HashSet(ResultStage 53)
26/07/26 05:13:02 INFO DAGScheduler: failed: HashSet()
26/07/26 05:13:02 INFO DAGScheduler: Missing parents found for ResultStage 53: List()
26/07/26 05:13:02 INFO DAGScheduler: Submitting ResultStage 53 (MapPartitionsRDD[188] at collect at DriverActivationSpec.scala:101), which has no missing parents
26/07/26 05:13:02 INFO MemoryStore: Block broadcast_53 stored as values in memory (estimated size 29.2 KiB, free 1003.1 MiB)
26/07/26 05:13:02 INFO MemoryStore: Block broadcast_53_piece0 stored as bytes in memory (estimated size 13.0 KiB, free 1003.1 MiB)
26/07/26 05:13:02 INFO SparkContext: Created broadcast 53 from broadcast at DAGScheduler.scala:1686
26/07/26 05:13:02 INFO DAGScheduler: Submitting 2 missing tasks from ResultStage 53 (MapPartitionsRDD[188] at collect at DriverActivationSpec.scala:101) (first 15 tasks are for partitions Vector(0, 1))
26/07/26 05:13:02 INFO TaskSchedulerImpl: Adding task set 53.0 with 2 tasks resource profile 0
26/07/26 05:13:02 INFO TaskSetManager: Starting task 0.0 in stage 53.0 (TID 106) (ab93cff004a3,executor driver, partition 0, NODE_LOCAL, 9847 bytes)
26/07/26 05:13:02 INFO TaskSetManager: Starting task 1.0 in stage 53.0 (TID 107) (ab93cff004a3,executor driver, partition 1, NODE_LOCAL, 9847 bytes)
26/07/26 05:13:02 INFO Executor: Running task 1.0 in stage 53.0 (TID 107)
26/07/26 05:13:02 INFO Executor: Running task 0.0 in stage 53.0 (TID 106)
26/07/26 05:13:02 INFO ShuffleBlockFetcherIterator: Getting 2 (456.0 B) non-empty blocks including 2 (456.0 B) local and 0 (0.0 B) host-local and 0 (0.0 B) push-merged-local and 0 (0.0 B) remote blocks
26/07/26 05:13:02 INFO ShuffleBlockFetcherIterator: Started 0 remote fetches in 1 ms
26/07/26 05:13:02 INFO ShuffleBlockFetcherIterator: Getting 2 (608.0 B) non-empty blocks including 2 (608.0 B) local and 0 (0.0 B) host-local and 0 (0.0 B) push-merged-local and 0 (0.0 B) remote blocks
26/07/26 05:13:02 INFO ShuffleBlockFetcherIterator: Started 0 remote fetches in 11 ms
26/07/26 05:13:02 INFO Executor: Finished task 0.0 in stage 53.0 (TID 106). 4987 bytes result sent to driver
26/07/26 05:13:02 INFO Executor: Finished task 1.0 in stage 53.0 (TID 107). 4849 bytes result sent to driver
26/07/26 05:13:02 INFO TaskSetManager: Finished task 0.0 in stage 53.0 (TID 106) in 111 ms on ab93cff004a3 (executor driver) (1/2)
26/07/26 05:13:02 INFO TaskSetManager: Finished task 1.0 in stage 53.0 (TID 107) in 111 ms on ab93cff004a3 (executor driver) (2/2)
26/07/26 05:13:02 INFO TaskSchedulerImpl: Removed TaskSet 53.0 whose tasks have all completed, from pool
26/07/26 05:13:02 INFO DAGScheduler: ResultStage 53 (collect at DriverActivationSpec.scala:101) finished in 153 ms
26/07/26 05:13:02 INFO DAGScheduler: Job 26 is finished. Cancelling potential speculative or zombie tasks for this job
26/07/26 05:13:02 INFO TaskSchedulerImpl: Canceling stage 53
26/07/26 05:13:02 INFO TaskSchedulerImpl: Killing all running tasks in stage 53: Stage finished
26/07/26 05:13:02 INFO DAGScheduler: Job 26 finished: collect at DriverActivationSpec.scala:101, took 325.927317 ms
26/07/26 05:13:02 INFO HashAggregateExec: spark.sql.codegen.aggregate.map.twolevel.enabled is set to true, but current version of codegened fast hashmap does not support this aggregate.
26/07/26 05:13:03 INFO SparkContext: Starting job: collect at DriverActivationSpec.scala:101
26/07/26 05:13:03 INFO DAGScheduler: Registering RDD 192 (collect at DriverActivationSpec.scala:101) as input to shuffle 27
26/07/26 05:13:03 INFO DAGScheduler: Got job 27 (collect at DriverActivationSpec.scala:101) with 2 output partitions
26/07/26 05:13:03 INFO DAGScheduler: Final stage: ResultStage 55 (collect at DriverActivationSpec.scala:101)
26/07/26 05:13:03 INFO DAGScheduler: Parents of final stage: List(ShuffleMapStage 54)
26/07/26 05:13:03 INFO DAGScheduler: Missing parents: List(ShuffleMapStage 54)
26/07/26 05:13:03 INFO DAGScheduler: Missing parents found for ResultStage 55: List(ShuffleMapStage 54)
26/07/26 05:13:03 INFO DAGScheduler: Missing parents found for ShuffleMapStage 54: List()
26/07/26 05:13:03 INFO DAGScheduler: Submitting ShuffleMapStage 54 (MapPartitionsRDD[192] at collect at DriverActivationSpec.scala:101), which has no missing parents
26/07/26 05:13:03 INFO MemoryStore: Block broadcast_54 stored as values in memory (estimated size 31.6 KiB, free 1003.1 MiB)
26/07/26 05:13:03 INFO MemoryStore: Block broadcast_54_piece0 stored as bytes in memory (estimated size 13.9 KiB, free 1003.1 MiB)
26/07/26 05:13:03 INFO SparkContext: Created broadcast 54 from broadcast at DAGScheduler.scala:1686
26/07/26 05:13:03 INFO DAGScheduler: Submitting 2 missing tasks from ShuffleMapStage 54 (MapPartitionsRDD[192] at collect at DriverActivationSpec.scala:101) (first 15 tasks are for partitions Vector(0, 1))
26/07/26 05:13:03 INFO TaskSchedulerImpl: Adding task set 54.0 with 2 tasks resource profile 0
26/07/26 05:13:03 INFO TaskSetManager: Starting task 0.0 in stage 54.0 (TID 108) (ab93cff004a3,executor driver, partition 0, PROCESS_LOCAL, 9971 bytes)
26/07/26 05:13:03 INFO TaskSetManager: Starting task 1.0 in stage 54.0 (TID 109) (ab93cff004a3,executor driver, partition 1, PROCESS_LOCAL, 9971 bytes)
26/07/26 05:13:03 INFO Executor: Running task 0.0 in stage 54.0 (TID 108)
26/07/26 05:13:03 INFO Executor: Running task 1.0 in stage 54.0 (TID 109)
26/07/26 05:13:03 INFO Executor: Finished task 1.0 in stage 54.0 (TID 109). 2294 bytes result sent to driver
26/07/26 05:13:03 INFO Executor: Finished task 0.0 in stage 54.0 (TID 108). 2294 bytes result sent to driver
26/07/26 05:13:03 INFO TaskSetManager: Finished task 1.0 in stage 54.0 (TID 109) in 60 ms on ab93cff004a3 (executor driver) (1/2)
26/07/26 05:13:03 INFO TaskSetManager: Finished task 0.0 in stage 54.0 (TID 108) in 71 ms on ab93cff004a3 (executor driver) (2/2)
26/07/26 05:13:03 INFO TaskSchedulerImpl: Removed TaskSet 54.0 whose tasks have all completed, from pool
26/07/26 05:13:03 INFO DAGScheduler: ShuffleMapStage 54 (collect at DriverActivationSpec.scala:101) finished in 136 ms
26/07/26 05:13:03 INFO DAGScheduler: looking for newly runnable stages
26/07/26 05:13:03 INFO DAGScheduler: running: HashSet()
26/07/26 05:13:03 INFO DAGScheduler: waiting: HashSet(ResultStage 55)
26/07/26 05:13:03 INFO DAGScheduler: failed: HashSet()
26/07/26 05:13:03 INFO DAGScheduler: Missing parents found for ResultStage 55: List()
26/07/26 05:13:03 INFO DAGScheduler: Submitting ResultStage 55 (MapPartitionsRDD[195] at collect at DriverActivationSpec.scala:101), which has no missing parents
26/07/26 05:13:03 INFO MemoryStore: Block broadcast_55 stored as values in memory (estimated size 29.2 KiB, free 1003.1 MiB)
26/07/26 05:13:03 INFO MemoryStore: Block broadcast_55_piece0 stored as bytes in memory (estimated size 13.0 KiB, free 1003.1 MiB)
26/07/26 05:13:03 INFO SparkContext: Created broadcast 55 from broadcast at DAGScheduler.scala:1686
26/07/26 05:13:03 INFO DAGScheduler: Submitting 2 missing tasks from ResultStage 55 (MapPartitionsRDD[195] at collect at DriverActivationSpec.scala:101) (first 15 tasks are for partitions Vector(0, 1))
26/07/26 05:13:03 INFO TaskSchedulerImpl: Adding task set 55.0 with 2 tasks resource profile 0
26/07/26 05:13:03 INFO TaskSetManager: Starting task 0.0 in stage 55.0 (TID 110) (ab93cff004a3,executor driver, partition 0, NODE_LOCAL, 9847 bytes)
26/07/26 05:13:03 INFO TaskSetManager: Starting task 1.0 in stage 55.0 (TID 111) (ab93cff004a3,executor driver, partition 1, NODE_LOCAL, 9847 bytes)
26/07/26 05:13:03 INFO Executor: Running task 0.0 in stage 55.0 (TID 110)
26/07/26 05:13:03 INFO Executor: Running task 1.0 in stage 55.0 (TID 111)
26/07/26 05:13:03 INFO ShuffleBlockFetcherIterator: Getting 2 (456.0 B) non-empty blocks including 2 (456.0 B) local and 0 (0.0 B) host-local and 0 (0.0 B) push-merged-local and 0 (0.0 B) remote blocks
26/07/26 05:13:03 INFO ShuffleBlockFetcherIterator: Started 0 remote fetches in 1 ms
26/07/26 05:13:03 INFO ShuffleBlockFetcherIterator: Getting 2 (608.0 B) non-empty blocks including 2 (608.0 B) local and 0 (0.0 B) host-local and 0 (0.0 B) push-merged-local and 0 (0.0 B) remote blocks
26/07/26 05:13:03 INFO ShuffleBlockFetcherIterator: Started 0 remote fetches in 10 ms
26/07/26 05:13:03 INFO Executor: Finished task 1.0 in stage 55.0 (TID 111). 4849 bytes result sent to driver
26/07/26 05:13:03 INFO TaskSetManager: Finished task 1.0 in stage 55.0 (TID 111) in 39 ms on ab93cff004a3 (executor driver) (1/2)
26/07/26 05:13:03 INFO Executor: Finished task 0.0 in stage 55.0 (TID 110). 4944 bytes result sent to driver
26/07/26 05:13:03 INFO TaskSetManager: Finished task 0.0 in stage 55.0 (TID 110) in 48 ms on ab93cff004a3 (executor driver) (2/2)
26/07/26 05:13:03 INFO TaskSchedulerImpl: Removed TaskSet 55.0 whose tasks have all completed, from pool
26/07/26 05:13:03 INFO DAGScheduler: ResultStage 55 (collect at DriverActivationSpec.scala:101) finished in 68 ms
26/07/26 05:13:03 INFO DAGScheduler: Job 27 is finished. Cancelling potential speculative or zombie tasks for this job
26/07/26 05:13:03 INFO TaskSchedulerImpl: Canceling stage 55
26/07/26 05:13:03 INFO TaskSchedulerImpl: Killing all running tasks in stage 55: Stage finished
26/07/26 05:13:03 INFO DAGScheduler: Job 27 finished: collect at DriverActivationSpec.scala:101, took 228.473982 ms
26/07/26 05:13:03 INFO HashAggregateExec: spark.sql.codegen.aggregate.map.twolevel.enabled is set to true, but current version of codegened fast hashmap does not support this aggregate.
26/07/26 05:13:03 INFO SparkContext: Starting job: collect at DriverActivationSpec.scala:101
26/07/26 05:13:03 INFO DAGScheduler: Registering RDD 199 (collect at DriverActivationSpec.scala:101) as input to shuffle 28
26/07/26 05:13:03 INFO DAGScheduler: Got job 28 (collect at DriverActivationSpec.scala:101) with 2 output partitions
26/07/26 05:13:03 INFO DAGScheduler: Final stage: ResultStage 57 (collect at DriverActivationSpec.scala:101)
26/07/26 05:13:03 INFO DAGScheduler: Parents of final stage: List(ShuffleMapStage 56)
26/07/26 05:13:03 INFO DAGScheduler: Missing parents: List(ShuffleMapStage 56)
26/07/26 05:13:03 INFO DAGScheduler: Missing parents found for ResultStage 57: List(ShuffleMapStage 56)
26/07/26 05:13:03 INFO DAGScheduler: Missing parents found for ShuffleMapStage 56: List()
26/07/26 05:13:03 INFO DAGScheduler: Submitting ShuffleMapStage 56 (MapPartitionsRDD[199] at collect at DriverActivationSpec.scala:101), which has no missing parents
26/07/26 05:13:03 INFO MemoryStore: Block broadcast_56 stored as values in memory (estimated size 31.6 KiB, free 1003.1 MiB)
26/07/26 05:13:03 INFO MemoryStore: Block broadcast_56_piece0 stored as bytes in memory (estimated size 13.9 KiB, free 1003.1 MiB)
26/07/26 05:13:03 INFO SparkContext: Created broadcast 56 from broadcast at DAGScheduler.scala:1686
26/07/26 05:13:03 INFO DAGScheduler: Submitting 2 missing tasks from ShuffleMapStage 56 (MapPartitionsRDD[199] at collect at DriverActivationSpec.scala:101) (first 15 tasks are for partitions Vector(0, 1))
26/07/26 05:13:03 INFO TaskSchedulerImpl: Adding task set 56.0 with 2 tasks resource profile 0
26/07/26 05:13:03 INFO TaskSetManager: Starting task 0.0 in stage 56.0 (TID 112) (ab93cff004a3,executor driver, partition 0, PROCESS_LOCAL, 9971 bytes)
26/07/26 05:13:03 INFO TaskSetManager: Starting task 1.0 in stage 56.0 (TID 113) (ab93cff004a3,executor driver, partition 1, PROCESS_LOCAL, 9971 bytes)
26/07/26 05:13:03 INFO Executor: Running task 0.0 in stage 56.0 (TID 112)
26/07/26 05:13:03 INFO Executor: Running task 1.0 in stage 56.0 (TID 113)
26/07/26 05:13:03 INFO Executor: Finished task 0.0 in stage 56.0 (TID 112). 2294 bytes result sent to driver
26/07/26 05:13:03 INFO TaskSetManager: Finished task 0.0 in stage 56.0 (TID 112) in 51 ms on ab93cff004a3 (executor driver) (1/2)
26/07/26 05:13:03 INFO Executor: Finished task 1.0 in stage 56.0 (TID 113). 2294 bytes result sent to driver
26/07/26 05:13:03 INFO TaskSetManager: Finished task 1.0 in stage 56.0 (TID 113) in 66 ms on ab93cff004a3 (executor driver) (2/2)
26/07/26 05:13:03 INFO TaskSchedulerImpl: Removed TaskSet 56.0 whose tasks have all completed, from pool
26/07/26 05:13:03 INFO DAGScheduler: ShuffleMapStage 56 (collect at DriverActivationSpec.scala:101) finished in 129 ms
26/07/26 05:13:03 INFO DAGScheduler: looking for newly runnable stages
26/07/26 05:13:03 INFO DAGScheduler: running: HashSet()
26/07/26 05:13:03 INFO DAGScheduler: waiting: HashSet(ResultStage 57)
26/07/26 05:13:03 INFO DAGScheduler: failed: HashSet()
26/07/26 05:13:03 INFO DAGScheduler: Missing parents found for ResultStage 57: List()
26/07/26 05:13:03 INFO DAGScheduler: Submitting ResultStage 57 (MapPartitionsRDD[202] at collect at DriverActivationSpec.scala:101), which has no missing parents
26/07/26 05:13:03 INFO MemoryStore: Block broadcast_57 stored as values in memory (estimated size 29.2 KiB, free 1003.1 MiB)
26/07/26 05:13:03 INFO MemoryStore: Block broadcast_57_piece0 stored as bytes in memory (estimated size 13.0 KiB, free 1003.1 MiB)
26/07/26 05:13:03 INFO SparkContext: Created broadcast 57 from broadcast at DAGScheduler.scala:1686
26/07/26 05:13:03 INFO DAGScheduler: Submitting 2 missing tasks from ResultStage 57 (MapPartitionsRDD[202] at collect at DriverActivationSpec.scala:101) (first 15 tasks are for partitions Vector(0, 1))
26/07/26 05:13:03 INFO TaskSchedulerImpl: Adding task set 57.0 with 2 tasks resource profile 0
26/07/26 05:13:03 INFO TaskSetManager: Starting task 0.0 in stage 57.0 (TID 114) (ab93cff004a3,executor driver, partition 0, NODE_LOCAL, 9847 bytes)
26/07/26 05:13:03 INFO TaskSetManager: Starting task 1.0 in stage 57.0 (TID 115) (ab93cff004a3,executor driver, partition 1, NODE_LOCAL, 9847 bytes)
26/07/26 05:13:03 INFO Executor: Running task 1.0 in stage 57.0 (TID 115)
26/07/26 05:13:03 INFO Executor: Running task 0.0 in stage 57.0 (TID 114)
26/07/26 05:13:03 INFO ShuffleBlockFetcherIterator: Getting 2 (456.0 B) non-empty blocks including 2 (456.0 B) local and 0 (0.0 B) host-local and 0 (0.0 B) push-merged-local and 0 (0.0 B) remote blocks
26/07/26 05:13:03 INFO ShuffleBlockFetcherIterator: Started 0 remote fetches in 3 ms
26/07/26 05:13:03 INFO ShuffleBlockFetcherIterator: Getting 2 (608.0 B) non-empty blocks including 2 (608.0 B) local and 0 (0.0 B) host-local and 0 (0.0 B) push-merged-local and 0 (0.0 B) remote blocks
26/07/26 05:13:04 INFO ShuffleBlockFetcherIterator: Started 0 remote fetches in 29 ms
26/07/26 05:13:04 INFO Executor: Finished task 1.0 in stage 57.0 (TID 115). 4849 bytes result sent to driver
26/07/26 05:13:04 INFO TaskSetManager: Finished task 1.0 in stage 57.0 (TID 115) in 125 ms on ab93cff004a3 (executor driver) (1/2)
26/07/26 05:13:04 INFO Executor: Finished task 0.0 in stage 57.0 (TID 114). 4944 bytes result sent to driver
26/07/26 05:13:04 INFO TaskSetManager: Finished task 0.0 in stage 57.0 (TID 114) in 134 ms on ab93cff004a3 (executor driver) (2/2)
26/07/26 05:13:04 INFO DAGScheduler: ResultStage 57 (collect at DriverActivationSpec.scala:101) finished in 187 ms
26/07/26 05:13:04 INFO TaskSchedulerImpl: Removed TaskSet 57.0 whose tasks have all completed, from pool
26/07/26 05:13:04 INFO DAGScheduler: Job 28 is finished. Cancelling potential speculative or zombie tasks for this job
26/07/26 05:13:04 INFO TaskSchedulerImpl: Canceling stage 57
26/07/26 05:13:04 INFO TaskSchedulerImpl: Killing all running tasks in stage 57: Stage finished
26/07/26 05:13:04 INFO DAGScheduler: Job 28 finished: collect at DriverActivationSpec.scala:101, took 357.116597 ms
26/07/26 05:13:04 INFO HashAggregateExec: spark.sql.codegen.aggregate.map.twolevel.enabled is set to true, but current version of codegened fast hashmap does not support this aggregate.
26/07/26 05:13:04 INFO SparkContext: Starting job: collect at DriverActivationSpec.scala:101
26/07/26 05:13:04 INFO DAGScheduler: Registering RDD 206 (collect at DriverActivationSpec.scala:101) as input to shuffle 29
26/07/26 05:13:04 INFO DAGScheduler: Got job 29 (collect at DriverActivationSpec.scala:101) with 2 output partitions
26/07/26 05:13:04 INFO DAGScheduler: Final stage: ResultStage 59 (collect at DriverActivationSpec.scala:101)
26/07/26 05:13:04 INFO DAGScheduler: Parents of final stage: List(ShuffleMapStage 58)
26/07/26 05:13:04 INFO DAGScheduler: Missing parents: List(ShuffleMapStage 58)
26/07/26 05:13:04 INFO DAGScheduler: Missing parents found for ResultStage 59: List(ShuffleMapStage 58)
26/07/26 05:13:04 INFO DAGScheduler: Missing parents found for ShuffleMapStage 58: List()
26/07/26 05:13:04 INFO DAGScheduler: Submitting ShuffleMapStage 58 (MapPartitionsRDD[206] at collect at DriverActivationSpec.scala:101), which has no missing parents
26/07/26 05:13:04 INFO MemoryStore: Block broadcast_58 stored as values in memory (estimated size 31.6 KiB, free 1003.1 MiB)
26/07/26 05:13:04 INFO MemoryStore: Block broadcast_58_piece0 stored as bytes in memory (estimated size 13.9 KiB, free 1003.1 MiB)
26/07/26 05:13:04 INFO SparkContext: Created broadcast 58 from broadcast at DAGScheduler.scala:1686
26/07/26 05:13:04 INFO DAGScheduler: Submitting 2 missing tasks from ShuffleMapStage 58 (MapPartitionsRDD[206] at collect at DriverActivationSpec.scala:101) (first 15 tasks are for partitions Vector(0, 1))
26/07/26 05:13:04 INFO TaskSchedulerImpl: Adding task set 58.0 with 2 tasks resource profile 0
26/07/26 05:13:04 INFO TaskSetManager: Starting task 0.0 in stage 58.0 (TID 116) (ab93cff004a3,executor driver, partition 0, PROCESS_LOCAL, 9971 bytes)
26/07/26 05:13:04 INFO TaskSetManager: Starting task 1.0 in stage 58.0 (TID 117) (ab93cff004a3,executor driver, partition 1, PROCESS_LOCAL, 9971 bytes)
26/07/26 05:13:04 INFO Executor: Running task 0.0 in stage 58.0 (TID 116)
26/07/26 05:13:04 INFO Executor: Running task 1.0 in stage 58.0 (TID 117)
26/07/26 05:13:04 INFO Executor: Finished task 0.0 in stage 58.0 (TID 116). 2294 bytes result sent to driver
26/07/26 05:13:04 INFO Executor: Finished task 1.0 in stage 58.0 (TID 117). 2337 bytes result sent to driver
26/07/26 05:13:04 INFO TaskSetManager: Finished task 0.0 in stage 58.0 (TID 116) in 154 ms on ab93cff004a3 (executor driver) (1/2)
26/07/26 05:13:04 INFO TaskSetManager: Finished task 1.0 in stage 58.0 (TID 117) in 161 ms on ab93cff004a3 (executor driver) (2/2)
26/07/26 05:13:04 INFO TaskSchedulerImpl: Removed TaskSet 58.0 whose tasks have all completed, from pool
26/07/26 05:13:04 INFO DAGScheduler: ShuffleMapStage 58 (collect at DriverActivationSpec.scala:101) finished in 195 ms
26/07/26 05:13:04 INFO DAGScheduler: looking for newly runnable stages
26/07/26 05:13:04 INFO DAGScheduler: running: HashSet()
26/07/26 05:13:04 INFO DAGScheduler: waiting: HashSet(ResultStage 59)
26/07/26 05:13:04 INFO DAGScheduler: failed: HashSet()
26/07/26 05:13:04 INFO DAGScheduler: Missing parents found for ResultStage 59: List()
26/07/26 05:13:04 INFO DAGScheduler: Submitting ResultStage 59 (MapPartitionsRDD[209] at collect at DriverActivationSpec.scala:101), which has no missing parents
26/07/26 05:13:04 INFO MemoryStore: Block broadcast_59 stored as values in memory (estimated size 29.2 KiB, free 1003.0 MiB)
26/07/26 05:13:04 INFO MemoryStore: Block broadcast_59_piece0 stored as bytes in memory (estimated size 13.0 KiB, free 1003.0 MiB)
26/07/26 05:13:04 INFO SparkContext: Created broadcast 59 from broadcast at DAGScheduler.scala:1686
26/07/26 05:13:04 INFO DAGScheduler: Submitting 2 missing tasks from ResultStage 59 (MapPartitionsRDD[209] at collect at DriverActivationSpec.scala:101) (first 15 tasks are for partitions Vector(0, 1))
26/07/26 05:13:04 INFO TaskSchedulerImpl: Adding task set 59.0 with 2 tasks resource profile 0
26/07/26 05:13:04 INFO TaskSetManager: Starting task 0.0 in stage 59.0 (TID 118) (ab93cff004a3,executor driver, partition 0, NODE_LOCAL, 9847 bytes)
26/07/26 05:13:04 INFO TaskSetManager: Starting task 1.0 in stage 59.0 (TID 119) (ab93cff004a3,executor driver, partition 1, NODE_LOCAL, 9847 bytes)
26/07/26 05:13:04 INFO Executor: Running task 0.0 in stage 59.0 (TID 118)
26/07/26 05:13:04 INFO Executor: Running task 1.0 in stage 59.0 (TID 119)
26/07/26 05:13:04 INFO ShuffleBlockFetcherIterator: Getting 2 (456.0 B) non-empty blocks including 2 (456.0 B) local and 0 (0.0 B) host-local and 0 (0.0 B) push-merged-local and 0 (0.0 B) remote blocks
26/07/26 05:13:04 INFO ShuffleBlockFetcherIterator: Started 0 remote fetches in 3 ms
26/07/26 05:13:04 INFO ShuffleBlockFetcherIterator: Getting 2 (608.0 B) non-empty blocks including 2 (608.0 B) local and 0 (0.0 B) host-local and 0 (0.0 B) push-merged-local and 0 (0.0 B) remote blocks
26/07/26 05:13:04 INFO ShuffleBlockFetcherIterator: Started 0 remote fetches in 6 ms
26/07/26 05:13:04 INFO Executor: Finished task 1.0 in stage 59.0 (TID 119). 4892 bytes result sent to driver
26/07/26 05:13:04 INFO TaskSetManager: Finished task 1.0 in stage 59.0 (TID 119) in 64 ms on ab93cff004a3 (executor driver) (1/2)
26/07/26 05:13:04 INFO Executor: Finished task 0.0 in stage 59.0 (TID 118). 4987 bytes result sent to driver
26/07/26 05:13:04 INFO TaskSetManager: Finished task 0.0 in stage 59.0 (TID 118) in 80 ms on ab93cff004a3 (executor driver) (2/2)
26/07/26 05:13:04 INFO TaskSchedulerImpl: Removed TaskSet 59.0 whose tasks have all completed, from pool
26/07/26 05:13:04 INFO DAGScheduler: ResultStage 59 (collect at DriverActivationSpec.scala:101) finished in 105 ms
26/07/26 05:13:04 INFO DAGScheduler: Job 29 is finished. Cancelling potential speculative or zombie tasks for this job
26/07/26 05:13:04 INFO TaskSchedulerImpl: Canceling stage 59
26/07/26 05:13:04 INFO TaskSchedulerImpl: Killing all running tasks in stage 59: Stage finished
26/07/26 05:13:04 INFO DAGScheduler: Job 29 finished: collect at DriverActivationSpec.scala:101, took 328.96585 ms
26/07/26 05:13:04 INFO HashAggregateExec: spark.sql.codegen.aggregate.map.twolevel.enabled is set to true, but current version of codegened fast hashmap does not support this aggregate.
26/07/26 05:13:05 INFO SparkContext: Starting job: collect at DriverActivationSpec.scala:101
26/07/26 05:13:05 INFO DAGScheduler: Registering RDD 213 (collect at DriverActivationSpec.scala:101) as input to shuffle 30
26/07/26 05:13:05 INFO DAGScheduler: Got job 30 (collect at DriverActivationSpec.scala:101) with 2 output partitions
26/07/26 05:13:05 INFO DAGScheduler: Final stage: ResultStage 61 (collect at DriverActivationSpec.scala:101)
26/07/26 05:13:05 INFO DAGScheduler: Parents of final stage: List(ShuffleMapStage 60)
26/07/26 05:13:05 INFO DAGScheduler: Missing parents: List(ShuffleMapStage 60)
26/07/26 05:13:05 INFO DAGScheduler: Missing parents found for ResultStage 61: List(ShuffleMapStage 60)
26/07/26 05:13:05 INFO DAGScheduler: Missing parents found for ShuffleMapStage 60: List()
26/07/26 05:13:05 INFO DAGScheduler: Submitting ShuffleMapStage 60 (MapPartitionsRDD[213] at collect at DriverActivationSpec.scala:101), which has no missing parents
26/07/26 05:13:05 INFO MemoryStore: Block broadcast_60 stored as values in memory (estimated size 31.6 KiB, free 1003.1 MiB)
26/07/26 05:13:05 INFO MemoryStore: Block broadcast_60_piece0 stored as bytes in memory (estimated size 13.9 KiB, free 1003.1 MiB)
26/07/26 05:13:05 INFO SparkContext: Created broadcast 60 from broadcast at DAGScheduler.scala:1686
26/07/26 05:13:05 INFO DAGScheduler: Submitting 2 missing tasks from ShuffleMapStage 60 (MapPartitionsRDD[213] at collect at DriverActivationSpec.scala:101) (first 15 tasks are for partitions Vector(0, 1))
26/07/26 05:13:05 INFO TaskSchedulerImpl: Adding task set 60.0 with 2 tasks resource profile 0
26/07/26 05:13:05 INFO TaskSetManager: Starting task 0.0 in stage 60.0 (TID 120) (ab93cff004a3,executor driver, partition 0, PROCESS_LOCAL, 9971 bytes)
26/07/26 05:13:05 INFO TaskSetManager: Starting task 1.0 in stage 60.0 (TID 121) (ab93cff004a3,executor driver, partition 1, PROCESS_LOCAL, 9971 bytes)
26/07/26 05:13:05 INFO Executor: Running task 1.0 in stage 60.0 (TID 121)
26/07/26 05:13:05 INFO Executor: Running task 0.0 in stage 60.0 (TID 120)
26/07/26 05:13:05 INFO Executor: Finished task 1.0 in stage 60.0 (TID 121). 2337 bytes result sent to driver
26/07/26 05:13:05 INFO TaskSetManager: Finished task 1.0 in stage 60.0 (TID 121) in 117 ms on ab93cff004a3 (executor driver) (1/2)
26/07/26 05:13:05 INFO Executor: Finished task 0.0 in stage 60.0 (TID 120). 2337 bytes result sent to driver
26/07/26 05:13:05 INFO TaskSetManager: Finished task 0.0 in stage 60.0 (TID 120) in 143 ms on ab93cff004a3 (executor driver) (2/2)
26/07/26 05:13:05 INFO TaskSchedulerImpl: Removed TaskSet 60.0 whose tasks have all completed, from pool
26/07/26 05:13:05 INFO DAGScheduler: ShuffleMapStage 60 (collect at DriverActivationSpec.scala:101) finished in 207 ms
26/07/26 05:13:05 INFO DAGScheduler: looking for newly runnable stages
26/07/26 05:13:05 INFO DAGScheduler: running: HashSet()
26/07/26 05:13:05 INFO DAGScheduler: waiting: HashSet(ResultStage 61)
26/07/26 05:13:05 INFO DAGScheduler: failed: HashSet()
26/07/26 05:13:05 INFO DAGScheduler: Missing parents found for ResultStage 61: List()
26/07/26 05:13:05 INFO DAGScheduler: Submitting ResultStage 61 (MapPartitionsRDD[216] at collect at DriverActivationSpec.scala:101), which has no missing parents
26/07/26 05:13:05 INFO MemoryStore: Block broadcast_61 stored as values in memory (estimated size 29.2 KiB, free 1003.1 MiB)
26/07/26 05:13:05 INFO MemoryStore: Block broadcast_61_piece0 stored as bytes in memory (estimated size 13.0 KiB, free 1003.1 MiB)
26/07/26 05:13:05 INFO SparkContext: Created broadcast 61 from broadcast at DAGScheduler.scala:1686
26/07/26 05:13:05 INFO DAGScheduler: Submitting 2 missing tasks from ResultStage 61 (MapPartitionsRDD[216] at collect at DriverActivationSpec.scala:101) (first 15 tasks are for partitions Vector(0, 1))
26/07/26 05:13:05 INFO TaskSchedulerImpl: Adding task set 61.0 with 2 tasks resource profile 0
26/07/26 05:13:05 INFO TaskSetManager: Starting task 0.0 in stage 61.0 (TID 122) (ab93cff004a3,executor driver, partition 0, NODE_LOCAL, 9847 bytes)
26/07/26 05:13:05 INFO TaskSetManager: Starting task 1.0 in stage 61.0 (TID 123) (ab93cff004a3,executor driver, partition 1, NODE_LOCAL, 9847 bytes)
26/07/26 05:13:05 INFO Executor: Running task 0.0 in stage 61.0 (TID 122)
26/07/26 05:13:05 INFO ShuffleBlockFetcherIterator: Getting 2 (608.0 B) non-empty blocks including 2 (608.0 B) local and 0 (0.0 B) host-local and 0 (0.0 B) push-merged-local and 0 (0.0 B) remote blocks
26/07/26 05:13:05 INFO ShuffleBlockFetcherIterator: Started 0 remote fetches in 1 ms
26/07/26 05:13:05 INFO Executor: Running task 1.0 in stage 61.0 (TID 123)
26/07/26 05:13:05 INFO Executor: Finished task 0.0 in stage 61.0 (TID 122). 4944 bytes result sent to driver
26/07/26 05:13:05 INFO TaskSetManager: Finished task 0.0 in stage 61.0 (TID 122) in 63 ms on ab93cff004a3 (executor driver) (1/2)
26/07/26 05:13:05 INFO ShuffleBlockFetcherIterator: Getting 2 (456.0 B) non-empty blocks including 2 (456.0 B) local and 0 (0.0 B) host-local and 0 (0.0 B) push-merged-local and 0 (0.0 B) remote blocks
26/07/26 05:13:05 INFO ShuffleBlockFetcherIterator: Started 0 remote fetches in 3 ms
26/07/26 05:13:05 INFO Executor: Finished task 1.0 in stage 61.0 (TID 123). 4849 bytes result sent to driver
26/07/26 05:13:05 INFO TaskSetManager: Finished task 1.0 in stage 61.0 (TID 123) in 217 ms on ab93cff004a3 (executor driver) (2/2)
26/07/26 05:13:05 INFO TaskSchedulerImpl: Removed TaskSet 61.0 whose tasks have all completed, from pool
26/07/26 05:13:05 INFO DAGScheduler: ResultStage 61 (collect at DriverActivationSpec.scala:101) finished in 240 ms
26/07/26 05:13:05 INFO DAGScheduler: Job 30 is finished. Cancelling potential speculative or zombie tasks for this job
26/07/26 05:13:05 INFO TaskSchedulerImpl: Canceling stage 61
26/07/26 05:13:05 INFO TaskSchedulerImpl: Killing all running tasks in stage 61: Stage finished
26/07/26 05:13:05 INFO DAGScheduler: Job 30 finished: collect at DriverActivationSpec.scala:101, took 489.510365 ms
26/07/26 05:13:06 INFO HashAggregateExec: spark.sql.codegen.aggregate.map.twolevel.enabled is set to true, but current version of codegened fast hashmap does not support this aggregate.
26/07/26 05:13:06 INFO SparkContext: Starting job: collect at DriverActivationSpec.scala:101
26/07/26 05:13:06 INFO DAGScheduler: Registering RDD 220 (collect at DriverActivationSpec.scala:101) as input to shuffle 31
26/07/26 05:13:06 INFO DAGScheduler: Got job 31 (collect at DriverActivationSpec.scala:101) with 2 output partitions
26/07/26 05:13:06 INFO DAGScheduler: Final stage: ResultStage 63 (collect at DriverActivationSpec.scala:101)
26/07/26 05:13:06 INFO DAGScheduler: Parents of final stage: List(ShuffleMapStage 62)
26/07/26 05:13:06 INFO DAGScheduler: Missing parents: List(ShuffleMapStage 62)
26/07/26 05:13:06 INFO DAGScheduler: Missing parents found for ResultStage 63: List(ShuffleMapStage 62)
26/07/26 05:13:06 INFO DAGScheduler: Missing parents found for ShuffleMapStage 62: List()
26/07/26 05:13:06 INFO DAGScheduler: Submitting ShuffleMapStage 62 (MapPartitionsRDD[220] at collect at DriverActivationSpec.scala:101), which has no missing parents
26/07/26 05:13:06 INFO MemoryStore: Block broadcast_62 stored as values in memory (estimated size 31.6 KiB, free 1003.1 MiB)
26/07/26 05:13:06 INFO MemoryStore: Block broadcast_62_piece0 stored as bytes in memory (estimated size 13.9 KiB, free 1003.1 MiB)
26/07/26 05:13:06 INFO SparkContext: Created broadcast 62 from broadcast at DAGScheduler.scala:1686
26/07/26 05:13:06 INFO DAGScheduler: Submitting 2 missing tasks from ShuffleMapStage 62 (MapPartitionsRDD[220] at collect at DriverActivationSpec.scala:101) (first 15 tasks are for partitions Vector(0, 1))
26/07/26 05:13:06 INFO TaskSchedulerImpl: Adding task set 62.0 with 2 tasks resource profile 0
26/07/26 05:13:06 INFO TaskSetManager: Starting task 0.0 in stage 62.0 (TID 124) (ab93cff004a3,executor driver, partition 0, PROCESS_LOCAL, 9971 bytes)
26/07/26 05:13:06 INFO TaskSetManager: Starting task 1.0 in stage 62.0 (TID 125) (ab93cff004a3,executor driver, partition 1, PROCESS_LOCAL, 9971 bytes)
26/07/26 05:13:06 INFO Executor: Running task 1.0 in stage 62.0 (TID 125)
26/07/26 05:13:06 INFO Executor: Running task 0.0 in stage 62.0 (TID 124)
26/07/26 05:13:06 INFO Executor: Finished task 0.0 in stage 62.0 (TID 124). 2294 bytes result sent to driver
26/07/26 05:13:07 INFO Executor: Finished task 1.0 in stage 62.0 (TID 125). 2294 bytes result sent to driver
26/07/26 05:13:07 INFO TaskSetManager: Finished task 0.0 in stage 62.0 (TID 124) in 324 ms on ab93cff004a3 (executor driver) (1/2)
26/07/26 05:13:07 INFO TaskSetManager: Finished task 1.0 in stage 62.0 (TID 125) in 328 ms on ab93cff004a3 (executor driver) (2/2)
26/07/26 05:13:07 INFO TaskSchedulerImpl: Removed TaskSet 62.0 whose tasks have all completed, from pool
26/07/26 05:13:07 INFO DAGScheduler: ShuffleMapStage 62 (collect at DriverActivationSpec.scala:101) finished in 362 ms
26/07/26 05:13:07 INFO DAGScheduler: looking for newly runnable stages
26/07/26 05:13:07 INFO DAGScheduler: running: HashSet()
26/07/26 05:13:07 INFO DAGScheduler: waiting: HashSet(ResultStage 63)
26/07/26 05:13:07 INFO DAGScheduler: failed: HashSet()
26/07/26 05:13:07 INFO DAGScheduler: Missing parents found for ResultStage 63: List()
26/07/26 05:13:07 INFO DAGScheduler: Submitting ResultStage 63 (MapPartitionsRDD[223] at collect at DriverActivationSpec.scala:101), which has no missing parents
26/07/26 05:13:07 INFO MemoryStore: Block broadcast_63 stored as values in memory (estimated size 29.2 KiB, free 1003.0 MiB)
26/07/26 05:13:07 INFO MemoryStore: Block broadcast_63_piece0 stored as bytes in memory (estimated size 13.0 KiB, free 1003.0 MiB)
26/07/26 05:13:07 INFO SparkContext: Created broadcast 63 from broadcast at DAGScheduler.scala:1686
26/07/26 05:13:07 INFO DAGScheduler: Submitting 2 missing tasks from ResultStage 63 (MapPartitionsRDD[223] at collect at DriverActivationSpec.scala:101) (first 15 tasks are for partitions Vector(0, 1))
26/07/26 05:13:07 INFO TaskSchedulerImpl: Adding task set 63.0 with 2 tasks resource profile 0
26/07/26 05:13:07 INFO TaskSetManager: Starting task 0.0 in stage 63.0 (TID 126) (ab93cff004a3,executor driver, partition 0, NODE_LOCAL, 9847 bytes)
26/07/26 05:13:07 INFO TaskSetManager: Starting task 1.0 in stage 63.0 (TID 127) (ab93cff004a3,executor driver, partition 1, NODE_LOCAL, 9847 bytes)
26/07/26 05:13:07 INFO Executor: Running task 0.0 in stage 63.0 (TID 126)
26/07/26 05:13:07 INFO Executor: Running task 1.0 in stage 63.0 (TID 127)
26/07/26 05:13:07 INFO ShuffleBlockFetcherIterator: Getting 2 (608.0 B) non-empty blocks including 2 (608.0 B) local and 0 (0.0 B) host-local and 0 (0.0 B) push-merged-local and 0 (0.0 B) remote blocks
26/07/26 05:13:07 INFO ShuffleBlockFetcherIterator: Started 0 remote fetches in 8 ms
26/07/26 05:13:07 INFO ShuffleBlockFetcherIterator: Getting 2 (456.0 B) non-empty blocks including 2 (456.0 B) local and 0 (0.0 B) host-local and 0 (0.0 B) push-merged-local and 0 (0.0 B) remote blocks
26/07/26 05:13:07 INFO ShuffleBlockFetcherIterator: Started 0 remote fetches in 9 ms
26/07/26 05:13:07 INFO Executor: Finished task 0.0 in stage 63.0 (TID 126). 4987 bytes result sent to driver
26/07/26 05:13:07 INFO TaskSetManager: Finished task 0.0 in stage 63.0 (TID 126) in 196 ms on ab93cff004a3 (executor driver) (1/2)
26/07/26 05:13:07 INFO Executor: Finished task 1.0 in stage 63.0 (TID 127). 4892 bytes result sent to driver
26/07/26 05:13:07 INFO TaskSetManager: Finished task 1.0 in stage 63.0 (TID 127) in 205 ms on ab93cff004a3 (executor driver) (2/2)
26/07/26 05:13:07 INFO TaskSchedulerImpl: Removed TaskSet 63.0 whose tasks have all completed, from pool
26/07/26 05:13:07 INFO DAGScheduler: ResultStage 63 (collect at DriverActivationSpec.scala:101) finished in 297 ms
26/07/26 05:13:07 INFO DAGScheduler: Job 31 is finished. Cancelling potential speculative or zombie tasks for this job
26/07/26 05:13:07 INFO TaskSchedulerImpl: Canceling stage 63
26/07/26 05:13:07 INFO TaskSchedulerImpl: Killing all running tasks in stage 63: Stage finished
26/07/26 05:13:07 INFO DAGScheduler: Job 31 finished: collect at DriverActivationSpec.scala:101, took 713.595599 ms
26/07/26 05:13:08 INFO HashAggregateExec: spark.sql.codegen.aggregate.map.twolevel.enabled is set to true, but current version of codegened fast hashmap does not support this aggregate.
26/07/26 05:13:08 INFO SparkContext: Starting job: collect at DriverActivationSpec.scala:101
26/07/26 05:13:08 INFO DAGScheduler: Registering RDD 227 (collect at DriverActivationSpec.scala:101) as input to shuffle 32
26/07/26 05:13:08 INFO DAGScheduler: Got job 32 (collect at DriverActivationSpec.scala:101) with 2 output partitions
26/07/26 05:13:08 INFO DAGScheduler: Final stage: ResultStage 65 (collect at DriverActivationSpec.scala:101)
26/07/26 05:13:08 INFO DAGScheduler: Parents of final stage: List(ShuffleMapStage 64)
26/07/26 05:13:08 INFO DAGScheduler: Missing parents: List(ShuffleMapStage 64)
26/07/26 05:13:08 INFO DAGScheduler: Missing parents found for ResultStage 65: List(ShuffleMapStage 64)
26/07/26 05:13:08 INFO DAGScheduler: Missing parents found for ShuffleMapStage 64: List()
26/07/26 05:13:08 INFO DAGScheduler: Submitting ShuffleMapStage 64 (MapPartitionsRDD[227] at collect at DriverActivationSpec.scala:101), which has no missing parents
26/07/26 05:13:08 INFO MemoryStore: Block broadcast_64 stored as values in memory (estimated size 31.6 KiB, free 1003.1 MiB)
26/07/26 05:13:08 INFO MemoryStore: Block broadcast_64_piece0 stored as bytes in memory (estimated size 13.9 KiB, free 1003.1 MiB)
26/07/26 05:13:08 INFO SparkContext: Created broadcast 64 from broadcast at DAGScheduler.scala:1686
26/07/26 05:13:08 INFO DAGScheduler: Submitting 2 missing tasks from ShuffleMapStage 64 (MapPartitionsRDD[227] at collect at DriverActivationSpec.scala:101) (first 15 tasks are for partitions Vector(0, 1))
26/07/26 05:13:08 INFO TaskSchedulerImpl: Adding task set 64.0 with 2 tasks resource profile 0
26/07/26 05:13:08 INFO TaskSetManager: Starting task 0.0 in stage 64.0 (TID 128) (ab93cff004a3,executor driver, partition 0, PROCESS_LOCAL, 9971 bytes)
26/07/26 05:13:08 INFO TaskSetManager: Starting task 1.0 in stage 64.0 (TID 129) (ab93cff004a3,executor driver, partition 1, PROCESS_LOCAL, 9971 bytes)
26/07/26 05:13:08 INFO Executor: Running task 0.0 in stage 64.0 (TID 128)
26/07/26 05:13:08 INFO Executor: Running task 1.0 in stage 64.0 (TID 129)
26/07/26 05:13:08 INFO Executor: Finished task 1.0 in stage 64.0 (TID 129). 2294 bytes result sent to driver
26/07/26 05:13:08 INFO TaskSetManager: Finished task 1.0 in stage 64.0 (TID 129) in 53 ms on ab93cff004a3 (executor driver) (1/2)
26/07/26 05:13:08 INFO Executor: Finished task 0.0 in stage 64.0 (TID 128). 2294 bytes result sent to driver
26/07/26 05:13:08 INFO TaskSetManager: Finished task 0.0 in stage 64.0 (TID 128) in 73 ms on ab93cff004a3 (executor driver) (2/2)
26/07/26 05:13:08 INFO TaskSchedulerImpl: Removed TaskSet 64.0 whose tasks have all completed, from pool
26/07/26 05:13:08 INFO DAGScheduler: ShuffleMapStage 64 (collect at DriverActivationSpec.scala:101) finished in 118 ms
26/07/26 05:13:08 INFO DAGScheduler: looking for newly runnable stages
26/07/26 05:13:08 INFO DAGScheduler: running: HashSet()
26/07/26 05:13:08 INFO DAGScheduler: waiting: HashSet(ResultStage 65)
26/07/26 05:13:08 INFO DAGScheduler: failed: HashSet()
26/07/26 05:13:08 INFO DAGScheduler: Missing parents found for ResultStage 65: List()
26/07/26 05:13:08 INFO DAGScheduler: Submitting ResultStage 65 (MapPartitionsRDD[230] at collect at DriverActivationSpec.scala:101), which has no missing parents
26/07/26 05:13:08 INFO MemoryStore: Block broadcast_65 stored as values in memory (estimated size 29.2 KiB, free 1003.1 MiB)
26/07/26 05:13:08 INFO MemoryStore: Block broadcast_65_piece0 stored as bytes in memory (estimated size 13.0 KiB, free 1003.1 MiB)
26/07/26 05:13:08 INFO SparkContext: Created broadcast 65 from broadcast at DAGScheduler.scala:1686
26/07/26 05:13:08 INFO DAGScheduler: Submitting 2 missing tasks from ResultStage 65 (MapPartitionsRDD[230] at collect at DriverActivationSpec.scala:101) (first 15 tasks are for partitions Vector(0, 1))
26/07/26 05:13:08 INFO TaskSchedulerImpl: Adding task set 65.0 with 2 tasks resource profile 0
26/07/26 05:13:08 INFO TaskSetManager: Starting task 0.0 in stage 65.0 (TID 130) (ab93cff004a3,executor driver, partition 0, NODE_LOCAL, 9847 bytes)
26/07/26 05:13:08 INFO TaskSetManager: Starting task 1.0 in stage 65.0 (TID 131) (ab93cff004a3,executor driver, partition 1, NODE_LOCAL, 9847 bytes)
26/07/26 05:13:08 INFO Executor: Running task 0.0 in stage 65.0 (TID 130)
26/07/26 05:13:09 INFO ShuffleBlockFetcherIterator: Getting 2 (608.0 B) non-empty blocks including 2 (608.0 B) local and 0 (0.0 B) host-local and 0 (0.0 B) push-merged-local and 0 (0.0 B) remote blocks
26/07/26 05:13:09 INFO ShuffleBlockFetcherIterator: Started 0 remote fetches in 3 ms
26/07/26 05:13:09 INFO Executor: Running task 1.0 in stage 65.0 (TID 131)
26/07/26 05:13:09 INFO ShuffleBlockFetcherIterator: Getting 2 (456.0 B) non-empty blocks including 2 (456.0 B) local and 0 (0.0 B) host-local and 0 (0.0 B) push-merged-local and 0 (0.0 B) remote blocks
26/07/26 05:13:09 INFO ShuffleBlockFetcherIterator: Started 0 remote fetches in 14 ms
26/07/26 05:13:09 INFO Executor: Finished task 0.0 in stage 65.0 (TID 130). 5030 bytes result sent to driver
26/07/26 05:13:09 INFO TaskSetManager: Finished task 0.0 in stage 65.0 (TID 130) in 218 ms on ab93cff004a3 (executor driver) (1/2)
26/07/26 05:13:09 INFO Executor: Finished task 1.0 in stage 65.0 (TID 131). 4892 bytes result sent to driver
26/07/26 05:13:09 INFO TaskSetManager: Finished task 1.0 in stage 65.0 (TID 131) in 739 ms on ab93cff004a3 (executor driver) (2/2)
26/07/26 05:13:09 INFO TaskSchedulerImpl: Removed TaskSet 65.0 whose tasks have all completed, from pool
26/07/26 05:13:09 INFO DAGScheduler: ResultStage 65 (collect at DriverActivationSpec.scala:101) finished in 918 ms
26/07/26 05:13:09 INFO DAGScheduler: Job 32 is finished. Cancelling potential speculative or zombie tasks for this job
26/07/26 05:13:09 INFO TaskSchedulerImpl: Canceling stage 65
26/07/26 05:13:09 INFO TaskSchedulerImpl: Killing all running tasks in stage 65: Stage finished
26/07/26 05:13:09 INFO DAGScheduler: Job 32 finished: collect at DriverActivationSpec.scala:101, took 1126.212144 ms
26/07/26 05:13:10 INFO HashAggregateExec: spark.sql.codegen.aggregate.map.twolevel.enabled is set to true, but current version of codegened fast hashmap does not support this aggregate.
26/07/26 05:13:10 INFO SparkContext: Starting job: collect at DriverActivationSpec.scala:101
26/07/26 05:13:10 INFO DAGScheduler: Registering RDD 234 (collect at DriverActivationSpec.scala:101) as input to shuffle 33
26/07/26 05:13:10 INFO DAGScheduler: Got job 33 (collect at DriverActivationSpec.scala:101) with 2 output partitions
26/07/26 05:13:10 INFO DAGScheduler: Final stage: ResultStage 67 (collect at DriverActivationSpec.scala:101)
26/07/26 05:13:10 INFO DAGScheduler: Parents of final stage: List(ShuffleMapStage 66)
26/07/26 05:13:10 INFO DAGScheduler: Missing parents: List(ShuffleMapStage 66)
26/07/26 05:13:10 INFO DAGScheduler: Missing parents found for ResultStage 67: List(ShuffleMapStage 66)
26/07/26 05:13:10 INFO DAGScheduler: Missing parents found for ShuffleMapStage 66: List()
26/07/26 05:13:10 INFO DAGScheduler: Submitting ShuffleMapStage 66 (MapPartitionsRDD[234] at collect at DriverActivationSpec.scala:101), which has no missing parents
26/07/26 05:13:10 INFO MemoryStore: Block broadcast_66 stored as values in memory (estimated size 31.6 KiB, free 1003.1 MiB)
26/07/26 05:13:10 INFO MemoryStore: Block broadcast_66_piece0 stored as bytes in memory (estimated size 13.9 KiB, free 1003.1 MiB)
26/07/26 05:13:10 INFO SparkContext: Created broadcast 66 from broadcast at DAGScheduler.scala:1686
26/07/26 05:13:10 INFO DAGScheduler: Submitting 2 missing tasks from ShuffleMapStage 66 (MapPartitionsRDD[234] at collect at DriverActivationSpec.scala:101) (first 15 tasks are for partitions Vector(0, 1))
26/07/26 05:13:10 INFO TaskSchedulerImpl: Adding task set 66.0 with 2 tasks resource profile 0
26/07/26 05:13:11 INFO TaskSetManager: Starting task 0.0 in stage 66.0 (TID 132) (ab93cff004a3,executor driver, partition 0, PROCESS_LOCAL, 9971 bytes)
26/07/26 05:13:11 INFO TaskSetManager: Starting task 1.0 in stage 66.0 (TID 133) (ab93cff004a3,executor driver, partition 1, PROCESS_LOCAL, 9971 bytes)
26/07/26 05:13:11 INFO Executor: Running task 1.0 in stage 66.0 (TID 133)
26/07/26 05:13:11 INFO Executor: Running task 0.0 in stage 66.0 (TID 132)
26/07/26 05:13:11 INFO Executor: Finished task 0.0 in stage 66.0 (TID 132). 2294 bytes result sent to driver
26/07/26 05:13:11 INFO TaskSetManager: Finished task 0.0 in stage 66.0 (TID 132) in 253 ms on ab93cff004a3 (executor driver) (1/2)
26/07/26 05:13:11 INFO Executor: Finished task 1.0 in stage 66.0 (TID 133). 2294 bytes result sent to driver
26/07/26 05:13:11 INFO TaskSetManager: Finished task 1.0 in stage 66.0 (TID 133) in 278 ms on ab93cff004a3 (executor driver) (2/2)
26/07/26 05:13:11 INFO DAGScheduler: ShuffleMapStage 66 (collect at DriverActivationSpec.scala:101) finished in 799 ms
26/07/26 05:13:11 INFO DAGScheduler: looking for newly runnable stages
26/07/26 05:13:11 INFO DAGScheduler: running: HashSet()
26/07/26 05:13:11 INFO DAGScheduler: waiting: HashSet(ResultStage 67)
26/07/26 05:13:11 INFO DAGScheduler: failed: HashSet()
26/07/26 05:13:11 INFO DAGScheduler: Missing parents found for ResultStage 67: List()
26/07/26 05:13:11 INFO DAGScheduler: Submitting ResultStage 67 (MapPartitionsRDD[237] at collect at DriverActivationSpec.scala:101), which has no missing parents
26/07/26 05:13:11 INFO TaskSchedulerImpl: Removed TaskSet 66.0 whose tasks have all completed, from pool
26/07/26 05:13:11 INFO MemoryStore: Block broadcast_67 stored as values in memory (estimated size 29.2 KiB, free 1003.1 MiB)
26/07/26 05:13:11 INFO MemoryStore: Block broadcast_67_piece0 stored as bytes in memory (estimated size 13.0 KiB, free 1003.1 MiB)
26/07/26 05:13:11 INFO SparkContext: Created broadcast 67 from broadcast at DAGScheduler.scala:1686
26/07/26 05:13:11 INFO DAGScheduler: Submitting 2 missing tasks from ResultStage 67 (MapPartitionsRDD[237] at collect at DriverActivationSpec.scala:101) (first 15 tasks are for partitions Vector(0, 1))
26/07/26 05:13:11 INFO TaskSchedulerImpl: Adding task set 67.0 with 2 tasks resource profile 0
26/07/26 05:13:11 INFO TaskSetManager: Starting task 0.0 in stage 67.0 (TID 134) (ab93cff004a3,executor driver, partition 0, NODE_LOCAL, 9847 bytes)
26/07/26 05:13:11 INFO TaskSetManager: Starting task 1.0 in stage 67.0 (TID 135) (ab93cff004a3,executor driver, partition 1, NODE_LOCAL, 9847 bytes)
26/07/26 05:13:11 INFO Executor: Running task 1.0 in stage 67.0 (TID 135)
26/07/26 05:13:11 INFO Executor: Running task 0.0 in stage 67.0 (TID 134)
26/07/26 05:13:11 INFO ShuffleBlockFetcherIterator: Getting 2 (456.0 B) non-empty blocks including 2 (456.0 B) local and 0 (0.0 B) host-local and 0 (0.0 B) push-merged-local and 0 (0.0 B) remote blocks
26/07/26 05:13:11 INFO ShuffleBlockFetcherIterator: Started 0 remote fetches in 1 ms
26/07/26 05:13:11 INFO ShuffleBlockFetcherIterator: Getting 2 (608.0 B) non-empty blocks including 2 (608.0 B) local and 0 (0.0 B) host-local and 0 (0.0 B) push-merged-local and 0 (0.0 B) remote blocks
26/07/26 05:13:11 INFO ShuffleBlockFetcherIterator: Started 0 remote fetches in 1 ms
26/07/26 05:13:11 INFO Executor: Finished task 1.0 in stage 67.0 (TID 135). 4849 bytes result sent to driver
26/07/26 05:13:11 INFO Executor: Finished task 0.0 in stage 67.0 (TID 134). 4944 bytes result sent to driver
26/07/26 05:13:11 INFO TaskSetManager: Finished task 1.0 in stage 67.0 (TID 135) in 102 ms on ab93cff004a3 (executor driver) (1/2)
26/07/26 05:13:11 INFO TaskSetManager: Finished task 0.0 in stage 67.0 (TID 134) in 136 ms on ab93cff004a3 (executor driver) (2/2)
26/07/26 05:13:11 INFO TaskSchedulerImpl: Removed TaskSet 67.0 whose tasks have all completed, from pool
26/07/26 05:13:11 INFO DAGScheduler: ResultStage 67 (collect at DriverActivationSpec.scala:101) finished in 169 ms
26/07/26 05:13:11 INFO DAGScheduler: Job 33 is finished. Cancelling potential speculative or zombie tasks for this job
26/07/26 05:13:11 INFO TaskSchedulerImpl: Canceling stage 67
26/07/26 05:13:11 INFO TaskSchedulerImpl: Killing all running tasks in stage 67: Stage finished
26/07/26 05:13:11 INFO DAGScheduler: Job 33 finished: collect at DriverActivationSpec.scala:101, took 1011.256849 ms
26/07/26 05:13:11 INFO HashAggregateExec: spark.sql.codegen.aggregate.map.twolevel.enabled is set to true, but current version of codegened fast hashmap does not support this aggregate.
26/07/26 05:13:12 INFO SparkContext: Starting job: collect at DriverActivationSpec.scala:101
26/07/26 05:13:12 INFO DAGScheduler: Registering RDD 241 (collect at DriverActivationSpec.scala:101) as input to shuffle 34
26/07/26 05:13:12 INFO DAGScheduler: Got job 34 (collect at DriverActivationSpec.scala:101) with 2 output partitions
26/07/26 05:13:12 INFO DAGScheduler: Final stage: ResultStage 69 (collect at DriverActivationSpec.scala:101)
26/07/26 05:13:12 INFO DAGScheduler: Parents of final stage: List(ShuffleMapStage 68)
26/07/26 05:13:12 INFO DAGScheduler: Missing parents: List(ShuffleMapStage 68)
26/07/26 05:13:12 INFO DAGScheduler: Missing parents found for ResultStage 69: List(ShuffleMapStage 68)
26/07/26 05:13:12 INFO DAGScheduler: Missing parents found for ShuffleMapStage 68: List()
26/07/26 05:13:12 INFO DAGScheduler: Submitting ShuffleMapStage 68 (MapPartitionsRDD[241] at collect at DriverActivationSpec.scala:101), which has no missing parents
26/07/26 05:13:12 INFO MemoryStore: Block broadcast_68 stored as values in memory (estimated size 31.6 KiB, free 1003.0 MiB)
26/07/26 05:13:12 INFO MemoryStore: Block broadcast_68_piece0 stored as bytes in memory (estimated size 13.9 KiB, free 1003.0 MiB)
26/07/26 05:13:12 INFO SparkContext: Created broadcast 68 from broadcast at DAGScheduler.scala:1686
26/07/26 05:13:12 INFO DAGScheduler: Submitting 2 missing tasks from ShuffleMapStage 68 (MapPartitionsRDD[241] at collect at DriverActivationSpec.scala:101) (first 15 tasks are for partitions Vector(0, 1))
26/07/26 05:13:12 INFO TaskSchedulerImpl: Adding task set 68.0 with 2 tasks resource profile 0
26/07/26 05:13:12 INFO TaskSetManager: Starting task 0.0 in stage 68.0 (TID 136) (ab93cff004a3,executor driver, partition 0, PROCESS_LOCAL, 9971 bytes)
26/07/26 05:13:12 INFO TaskSetManager: Starting task 1.0 in stage 68.0 (TID 137) (ab93cff004a3,executor driver, partition 1, PROCESS_LOCAL, 9971 bytes)
26/07/26 05:13:12 INFO Executor: Running task 1.0 in stage 68.0 (TID 137)
26/07/26 05:13:12 INFO Executor: Running task 0.0 in stage 68.0 (TID 136)
26/07/26 05:13:12 INFO Executor: Finished task 1.0 in stage 68.0 (TID 137). 2294 bytes result sent to driver
26/07/26 05:13:12 INFO TaskSetManager: Finished task 1.0 in stage 68.0 (TID 137) in 172 ms on ab93cff004a3 (executor driver) (1/2)
26/07/26 05:13:12 INFO Executor: Finished task 0.0 in stage 68.0 (TID 136). 2294 bytes result sent to driver
26/07/26 05:13:12 INFO TaskSetManager: Finished task 0.0 in stage 68.0 (TID 136) in 233 ms on ab93cff004a3 (executor driver) (2/2)
26/07/26 05:13:12 INFO TaskSchedulerImpl: Removed TaskSet 68.0 whose tasks have all completed, from pool
26/07/26 05:13:12 INFO DAGScheduler: ShuffleMapStage 68 (collect at DriverActivationSpec.scala:101) finished in 266 ms
26/07/26 05:13:12 INFO DAGScheduler: looking for newly runnable stages
26/07/26 05:13:12 INFO DAGScheduler: running: HashSet()
26/07/26 05:13:12 INFO DAGScheduler: waiting: HashSet(ResultStage 69)
26/07/26 05:13:12 INFO DAGScheduler: failed: HashSet()
26/07/26 05:13:12 INFO DAGScheduler: Missing parents found for ResultStage 69: List()
26/07/26 05:13:12 INFO DAGScheduler: Submitting ResultStage 69 (MapPartitionsRDD[244] at collect at DriverActivationSpec.scala:101), which has no missing parents
26/07/26 05:13:12 INFO MemoryStore: Block broadcast_69 stored as values in memory (estimated size 29.2 KiB, free 1003.0 MiB)
26/07/26 05:13:12 INFO MemoryStore: Block broadcast_69_piece0 stored as bytes in memory (estimated size 13.0 KiB, free 1003.0 MiB)
26/07/26 05:13:12 INFO SparkContext: Created broadcast 69 from broadcast at DAGScheduler.scala:1686
26/07/26 05:13:12 INFO DAGScheduler: Submitting 2 missing tasks from ResultStage 69 (MapPartitionsRDD[244] at collect at DriverActivationSpec.scala:101) (first 15 tasks are for partitions Vector(0, 1))
26/07/26 05:13:12 INFO TaskSchedulerImpl: Adding task set 69.0 with 2 tasks resource profile 0
26/07/26 05:13:12 INFO TaskSetManager: Starting task 0.0 in stage 69.0 (TID 138) (ab93cff004a3,executor driver, partition 0, NODE_LOCAL, 9847 bytes)
26/07/26 05:13:12 INFO TaskSetManager: Starting task 1.0 in stage 69.0 (TID 139) (ab93cff004a3,executor driver, partition 1, NODE_LOCAL, 9847 bytes)
26/07/26 05:13:12 INFO Executor: Running task 1.0 in stage 69.0 (TID 139)
26/07/26 05:13:12 INFO Executor: Running task 0.0 in stage 69.0 (TID 138)
26/07/26 05:13:12 INFO ShuffleBlockFetcherIterator: Getting 2 (456.0 B) non-empty blocks including 2 (456.0 B) local and 0 (0.0 B) host-local and 0 (0.0 B) push-merged-local and 0 (0.0 B) remote blocks
26/07/26 05:13:12 INFO ShuffleBlockFetcherIterator: Started 0 remote fetches in 1 ms
26/07/26 05:13:12 INFO ShuffleBlockFetcherIterator: Getting 2 (608.0 B) non-empty blocks including 2 (608.0 B) local and 0 (0.0 B) host-local and 0 (0.0 B) push-merged-local and 0 (0.0 B) remote blocks
26/07/26 05:13:12 INFO ShuffleBlockFetcherIterator: Started 0 remote fetches in 1 ms
26/07/26 05:13:12 INFO Executor: Finished task 1.0 in stage 69.0 (TID 139). 4849 bytes result sent to driver
26/07/26 05:13:12 INFO TaskSetManager: Finished task 1.0 in stage 69.0 (TID 139) in 46 ms on ab93cff004a3 (executor driver) (1/2)
26/07/26 05:13:12 INFO Executor: Finished task 0.0 in stage 69.0 (TID 138). 4987 bytes result sent to driver
26/07/26 05:13:12 INFO TaskSetManager: Finished task 0.0 in stage 69.0 (TID 138) in 83 ms on ab93cff004a3 (executor driver) (2/2)
26/07/26 05:13:12 INFO DAGScheduler: ResultStage 69 (collect at DriverActivationSpec.scala:101) finished in 137 ms
26/07/26 05:13:12 INFO DAGScheduler: Job 34 is finished. Cancelling potential speculative or zombie tasks for this job
26/07/26 05:13:12 INFO TaskSchedulerImpl: Removed TaskSet 69.0 whose tasks have all completed, from pool
26/07/26 05:13:12 INFO TaskSchedulerImpl: Canceling stage 69
26/07/26 05:13:12 INFO TaskSchedulerImpl: Killing all running tasks in stage 69: Stage finished
26/07/26 05:13:12 INFO DAGScheduler: Job 34 finished: collect at DriverActivationSpec.scala:101, took 451.121946 ms
26/07/26 05:13:13 INFO HashAggregateExec: spark.sql.codegen.aggregate.map.twolevel.enabled is set to true, but current version of codegened fast hashmap does not support this aggregate.
26/07/26 05:13:13 INFO SparkContext: Starting job: collect at DriverActivationSpec.scala:101
26/07/26 05:13:13 INFO DAGScheduler: Registering RDD 248 (collect at DriverActivationSpec.scala:101) as input to shuffle 35
26/07/26 05:13:13 INFO DAGScheduler: Got job 35 (collect at DriverActivationSpec.scala:101) with 2 output partitions
26/07/26 05:13:13 INFO DAGScheduler: Final stage: ResultStage 71 (collect at DriverActivationSpec.scala:101)
26/07/26 05:13:13 INFO DAGScheduler: Parents of final stage: List(ShuffleMapStage 70)
26/07/26 05:13:13 INFO DAGScheduler: Missing parents: List(ShuffleMapStage 70)
26/07/26 05:13:13 INFO DAGScheduler: Missing parents found for ResultStage 71: List(ShuffleMapStage 70)
26/07/26 05:13:13 INFO DAGScheduler: Missing parents found for ShuffleMapStage 70: List()
26/07/26 05:13:13 INFO DAGScheduler: Submitting ShuffleMapStage 70 (MapPartitionsRDD[248] at collect at DriverActivationSpec.scala:101), which has no missing parents
26/07/26 05:13:13 INFO MemoryStore: Block broadcast_70 stored as values in memory (estimated size 31.6 KiB, free 1003.0 MiB)
26/07/26 05:13:13 INFO MemoryStore: Block broadcast_70_piece0 stored as bytes in memory (estimated size 13.9 KiB, free 1002.9 MiB)
26/07/26 05:13:13 INFO SparkContext: Created broadcast 70 from broadcast at DAGScheduler.scala:1686
26/07/26 05:13:13 INFO DAGScheduler: Submitting 2 missing tasks from ShuffleMapStage 70 (MapPartitionsRDD[248] at collect at DriverActivationSpec.scala:101) (first 15 tasks are for partitions Vector(0, 1))
26/07/26 05:13:13 INFO TaskSchedulerImpl: Adding task set 70.0 with 2 tasks resource profile 0
26/07/26 05:13:13 INFO TaskSetManager: Starting task 0.0 in stage 70.0 (TID 140) (ab93cff004a3,executor driver, partition 0, PROCESS_LOCAL, 9971 bytes)
26/07/26 05:13:13 INFO TaskSetManager: Starting task 1.0 in stage 70.0 (TID 141) (ab93cff004a3,executor driver, partition 1, PROCESS_LOCAL, 9971 bytes)
26/07/26 05:13:13 INFO Executor: Running task 1.0 in stage 70.0 (TID 141)
26/07/26 05:13:13 INFO Executor: Running task 0.0 in stage 70.0 (TID 140)
26/07/26 05:13:13 INFO Executor: Finished task 1.0 in stage 70.0 (TID 141). 2294 bytes result sent to driver
26/07/26 05:13:14 INFO TaskSetManager: Finished task 1.0 in stage 70.0 (TID 141) in 168 ms on ab93cff004a3 (executor driver) (1/2)
26/07/26 05:13:14 INFO Executor: Finished task 0.0 in stage 70.0 (TID 140). 2294 bytes result sent to driver
26/07/26 05:13:14 INFO TaskSetManager: Finished task 0.0 in stage 70.0 (TID 140) in 204 ms on ab93cff004a3 (executor driver) (2/2)
26/07/26 05:13:14 INFO TaskSchedulerImpl: Removed TaskSet 70.0 whose tasks have all completed, from pool
26/07/26 05:13:14 INFO DAGScheduler: ShuffleMapStage 70 (collect at DriverActivationSpec.scala:101) finished in 290 ms
26/07/26 05:13:14 INFO DAGScheduler: looking for newly runnable stages
26/07/26 05:13:14 INFO DAGScheduler: running: HashSet()
26/07/26 05:13:14 INFO DAGScheduler: waiting: HashSet(ResultStage 71)
26/07/26 05:13:14 INFO DAGScheduler: failed: HashSet()
26/07/26 05:13:14 INFO DAGScheduler: Missing parents found for ResultStage 71: List()
26/07/26 05:13:14 INFO DAGScheduler: Submitting ResultStage 71 (MapPartitionsRDD[251] at collect at DriverActivationSpec.scala:101), which has no missing parents
26/07/26 05:13:14 INFO MemoryStore: Block broadcast_71 stored as values in memory (estimated size 29.2 KiB, free 1002.9 MiB)
26/07/26 05:13:14 INFO MemoryStore: Block broadcast_71_piece0 stored as bytes in memory (estimated size 13.0 KiB, free 1002.9 MiB)
26/07/26 05:13:14 INFO SparkContext: Created broadcast 71 from broadcast at DAGScheduler.scala:1686
26/07/26 05:13:14 INFO DAGScheduler: Submitting 2 missing tasks from ResultStage 71 (MapPartitionsRDD[251] at collect at DriverActivationSpec.scala:101) (first 15 tasks are for partitions Vector(0, 1))
26/07/26 05:13:14 INFO TaskSchedulerImpl: Adding task set 71.0 with 2 tasks resource profile 0
26/07/26 05:13:14 INFO TaskSetManager: Starting task 0.0 in stage 71.0 (TID 142) (ab93cff004a3,executor driver, partition 0, NODE_LOCAL, 9847 bytes)
26/07/26 05:13:14 INFO TaskSetManager: Starting task 1.0 in stage 71.0 (TID 143) (ab93cff004a3,executor driver, partition 1, NODE_LOCAL, 9847 bytes)
26/07/26 05:13:14 INFO Executor: Running task 1.0 in stage 71.0 (TID 143)
26/07/26 05:13:14 INFO Executor: Running task 0.0 in stage 71.0 (TID 142)
26/07/26 05:13:14 INFO ShuffleBlockFetcherIterator: Getting 2 (608.0 B) non-empty blocks including 2 (608.0 B) local and 0 (0.0 B) host-local and 0 (0.0 B) push-merged-local and 0 (0.0 B) remote blocks
26/07/26 05:13:14 INFO ShuffleBlockFetcherIterator: Started 0 remote fetches in 5 ms
26/07/26 05:13:14 INFO ShuffleBlockFetcherIterator: Getting 2 (456.0 B) non-empty blocks including 2 (456.0 B) local and 0 (0.0 B) host-local and 0 (0.0 B) push-merged-local and 0 (0.0 B) remote blocks
26/07/26 05:13:14 INFO ShuffleBlockFetcherIterator: Started 0 remote fetches in 4 ms
26/07/26 05:13:14 INFO Executor: Finished task 1.0 in stage 71.0 (TID 143). 4892 bytes result sent to driver
26/07/26 05:13:14 INFO TaskSetManager: Finished task 1.0 in stage 71.0 (TID 143) in 70 ms on ab93cff004a3 (executor driver) (1/2)
26/07/26 05:13:14 INFO Executor: Finished task 0.0 in stage 71.0 (TID 142). 4987 bytes result sent to driver
26/07/26 05:13:14 INFO TaskSetManager: Finished task 0.0 in stage 71.0 (TID 142) in 149 ms on ab93cff004a3 (executor driver) (2/2)
26/07/26 05:13:14 INFO TaskSchedulerImpl: Removed TaskSet 71.0 whose tasks have all completed, from pool
26/07/26 05:13:14 INFO DAGScheduler: ResultStage 71 (collect at DriverActivationSpec.scala:101) finished in 201 ms
26/07/26 05:13:14 INFO DAGScheduler: Job 35 is finished. Cancelling potential speculative or zombie tasks for this job
26/07/26 05:13:14 INFO TaskSchedulerImpl: Canceling stage 71
26/07/26 05:13:14 INFO TaskSchedulerImpl: Killing all running tasks in stage 71: Stage finished
26/07/26 05:13:14 INFO DAGScheduler: Job 35 finished: collect at DriverActivationSpec.scala:101, took 520.095566 ms
26/07/26 05:13:14 INFO HashAggregateExec: spark.sql.codegen.aggregate.map.twolevel.enabled is set to true, but current version of codegened fast hashmap does not support this aggregate.
26/07/26 05:13:14 INFO SparkContext: Starting job: collect at DriverActivationSpec.scala:101
26/07/26 05:13:14 INFO DAGScheduler: Registering RDD 255 (collect at DriverActivationSpec.scala:101) as input to shuffle 36
26/07/26 05:13:14 INFO DAGScheduler: Got job 36 (collect at DriverActivationSpec.scala:101) with 2 output partitions
26/07/26 05:13:14 INFO DAGScheduler: Final stage: ResultStage 73 (collect at DriverActivationSpec.scala:101)
26/07/26 05:13:14 INFO DAGScheduler: Parents of final stage: List(ShuffleMapStage 72)
26/07/26 05:13:14 INFO DAGScheduler: Missing parents: List(ShuffleMapStage 72)
26/07/26 05:13:14 INFO DAGScheduler: Missing parents found for ResultStage 73: List(ShuffleMapStage 72)
26/07/26 05:13:14 INFO DAGScheduler: Missing parents found for ShuffleMapStage 72: List()
26/07/26 05:13:14 INFO DAGScheduler: Submitting ShuffleMapStage 72 (MapPartitionsRDD[255] at collect at DriverActivationSpec.scala:101), which has no missing parents
26/07/26 05:13:14 INFO MemoryStore: Block broadcast_72 stored as values in memory (estimated size 31.6 KiB, free 1002.9 MiB)
26/07/26 05:13:14 INFO MemoryStore: Block broadcast_72_piece0 stored as bytes in memory (estimated size 13.9 KiB, free 1002.9 MiB)
26/07/26 05:13:14 INFO SparkContext: Created broadcast 72 from broadcast at DAGScheduler.scala:1686
26/07/26 05:13:14 INFO DAGScheduler: Submitting 2 missing tasks from ShuffleMapStage 72 (MapPartitionsRDD[255] at collect at DriverActivationSpec.scala:101) (first 15 tasks are for partitions Vector(0, 1))
26/07/26 05:13:14 INFO TaskSchedulerImpl: Adding task set 72.0 with 2 tasks resource profile 0
26/07/26 05:13:14 INFO TaskSetManager: Starting task 0.0 in stage 72.0 (TID 144) (ab93cff004a3,executor driver, partition 0, PROCESS_LOCAL, 9971 bytes)
26/07/26 05:13:14 INFO TaskSetManager: Starting task 1.0 in stage 72.0 (TID 145) (ab93cff004a3,executor driver, partition 1, PROCESS_LOCAL, 9971 bytes)
26/07/26 05:13:14 INFO Executor: Running task 1.0 in stage 72.0 (TID 145)
26/07/26 05:13:14 INFO Executor: Running task 0.0 in stage 72.0 (TID 144)
26/07/26 05:13:14 INFO Executor: Finished task 0.0 in stage 72.0 (TID 144). 2337 bytes result sent to driver
26/07/26 05:13:14 INFO TaskSetManager: Finished task 0.0 in stage 72.0 (TID 144) in 114 ms on ab93cff004a3 (executor driver) (1/2)
26/07/26 05:13:14 INFO Executor: Finished task 1.0 in stage 72.0 (TID 145). 2337 bytes result sent to driver
26/07/26 05:13:14 INFO TaskSetManager: Finished task 1.0 in stage 72.0 (TID 145) in 130 ms on ab93cff004a3 (executor driver) (2/2)
26/07/26 05:13:14 INFO TaskSchedulerImpl: Removed TaskSet 72.0 whose tasks have all completed, from pool
26/07/26 05:13:14 INFO DAGScheduler: ShuffleMapStage 72 (collect at DriverActivationSpec.scala:101) finished in 302 ms
26/07/26 05:13:14 INFO DAGScheduler: looking for newly runnable stages
26/07/26 05:13:14 INFO DAGScheduler: running: HashSet()
26/07/26 05:13:14 INFO DAGScheduler: waiting: HashSet(ResultStage 73)
26/07/26 05:13:14 INFO DAGScheduler: failed: HashSet()
26/07/26 05:13:14 INFO DAGScheduler: Missing parents found for ResultStage 73: List()
26/07/26 05:13:14 INFO DAGScheduler: Submitting ResultStage 73 (MapPartitionsRDD[258] at collect at DriverActivationSpec.scala:101), which has no missing parents
26/07/26 05:13:14 INFO MemoryStore: Block broadcast_73 stored as values in memory (estimated size 29.2 KiB, free 1002.8 MiB)
26/07/26 05:13:14 INFO MemoryStore: Block broadcast_73_piece0 stored as bytes in memory (estimated size 13.0 KiB, free 1002.8 MiB)
26/07/26 05:13:14 INFO SparkContext: Created broadcast 73 from broadcast at DAGScheduler.scala:1686
26/07/26 05:13:14 INFO DAGScheduler: Submitting 2 missing tasks from ResultStage 73 (MapPartitionsRDD[258] at collect at DriverActivationSpec.scala:101) (first 15 tasks are for partitions Vector(0, 1))
26/07/26 05:13:14 INFO TaskSchedulerImpl: Adding task set 73.0 with 2 tasks resource profile 0
26/07/26 05:13:14 INFO TaskSetManager: Starting task 0.0 in stage 73.0 (TID 146) (ab93cff004a3,executor driver, partition 0, NODE_LOCAL, 9847 bytes)
26/07/26 05:13:14 INFO TaskSetManager: Starting task 1.0 in stage 73.0 (TID 147) (ab93cff004a3,executor driver, partition 1, NODE_LOCAL, 9847 bytes)
26/07/26 05:13:14 INFO Executor: Running task 1.0 in stage 73.0 (TID 147)
26/07/26 05:13:14 INFO Executor: Running task 0.0 in stage 73.0 (TID 146)
26/07/26 05:13:14 INFO ShuffleBlockFetcherIterator: Getting 2 (608.0 B) non-empty blocks including 2 (608.0 B) local and 0 (0.0 B) host-local and 0 (0.0 B) push-merged-local and 0 (0.0 B) remote blocks
26/07/26 05:13:14 INFO ShuffleBlockFetcherIterator: Started 0 remote fetches in 1 ms
26/07/26 05:13:14 INFO ShuffleBlockFetcherIterator: Getting 2 (456.0 B) non-empty blocks including 2 (456.0 B) local and 0 (0.0 B) host-local and 0 (0.0 B) push-merged-local and 0 (0.0 B) remote blocks
26/07/26 05:13:14 INFO ShuffleBlockFetcherIterator: Started 0 remote fetches in 1 ms
26/07/26 05:13:14 INFO Executor: Finished task 1.0 in stage 73.0 (TID 147). 4892 bytes result sent to driver
26/07/26 05:13:14 INFO TaskSetManager: Finished task 1.0 in stage 73.0 (TID 147) in 55 ms on ab93cff004a3 (executor driver) (1/2)
26/07/26 05:13:14 INFO Executor: Finished task 0.0 in stage 73.0 (TID 146). 4987 bytes result sent to driver
26/07/26 05:13:14 INFO TaskSetManager: Finished task 0.0 in stage 73.0 (TID 146) in 76 ms on ab93cff004a3 (executor driver) (2/2)
26/07/26 05:13:14 INFO TaskSchedulerImpl: Removed TaskSet 73.0 whose tasks have all completed, from pool
26/07/26 05:13:15 INFO DAGScheduler: ResultStage 73 (collect at DriverActivationSpec.scala:101) finished in 130 ms
26/07/26 05:13:15 INFO DAGScheduler: Job 36 is finished. Cancelling potential speculative or zombie tasks for this job
26/07/26 05:13:15 INFO TaskSchedulerImpl: Canceling stage 73
26/07/26 05:13:15 INFO TaskSchedulerImpl: Killing all running tasks in stage 73: Stage finished
26/07/26 05:13:15 INFO DAGScheduler: Job 36 finished: collect at DriverActivationSpec.scala:101, took 450.789349 ms
26/07/26 05:13:15 INFO HashAggregateExec: spark.sql.codegen.aggregate.map.twolevel.enabled is set to true, but current version of codegened fast hashmap does not support this aggregate.
26/07/26 05:13:15 INFO SparkContext: Starting job: collect at DriverActivationSpec.scala:101
26/07/26 05:13:15 INFO DAGScheduler: Registering RDD 262 (collect at DriverActivationSpec.scala:101) as input to shuffle 37
26/07/26 05:13:15 INFO DAGScheduler: Got job 37 (collect at DriverActivationSpec.scala:101) with 2 output partitions
26/07/26 05:13:15 INFO DAGScheduler: Final stage: ResultStage 75 (collect at DriverActivationSpec.scala:101)
26/07/26 05:13:15 INFO DAGScheduler: Parents of final stage: List(ShuffleMapStage 74)
26/07/26 05:13:15 INFO DAGScheduler: Missing parents: List(ShuffleMapStage 74)
26/07/26 05:13:15 INFO DAGScheduler: Missing parents found for ResultStage 75: List(ShuffleMapStage 74)
26/07/26 05:13:15 INFO DAGScheduler: Missing parents found for ShuffleMapStage 74: List()
26/07/26 05:13:15 INFO DAGScheduler: Submitting ShuffleMapStage 74 (MapPartitionsRDD[262] at collect at DriverActivationSpec.scala:101), which has no missing parents
26/07/26 05:13:16 INFO MemoryStore: Block broadcast_74 stored as values in memory (estimated size 31.6 KiB, free 1002.8 MiB)
26/07/26 05:13:16 INFO MemoryStore: Block broadcast_74_piece0 stored as bytes in memory (estimated size 13.9 KiB, free 1002.8 MiB)
26/07/26 05:13:16 INFO SparkContext: Created broadcast 74 from broadcast at DAGScheduler.scala:1686
26/07/26 05:13:16 INFO DAGScheduler: Submitting 2 missing tasks from ShuffleMapStage 74 (MapPartitionsRDD[262] at collect at DriverActivationSpec.scala:101) (first 15 tasks are for partitions Vector(0, 1))
26/07/26 05:13:16 INFO TaskSchedulerImpl: Adding task set 74.0 with 2 tasks resource profile 0
26/07/26 05:13:16 INFO TaskSetManager: Starting task 0.0 in stage 74.0 (TID 148) (ab93cff004a3,executor driver, partition 0, PROCESS_LOCAL, 9971 bytes)
26/07/26 05:13:16 INFO TaskSetManager: Starting task 1.0 in stage 74.0 (TID 149) (ab93cff004a3,executor driver, partition 1, PROCESS_LOCAL, 9971 bytes)
26/07/26 05:13:16 INFO Executor: Running task 0.0 in stage 74.0 (TID 148)
26/07/26 05:13:16 INFO Executor: Running task 1.0 in stage 74.0 (TID 149)
26/07/26 05:13:16 INFO Executor: Finished task 0.0 in stage 74.0 (TID 148). 2337 bytes result sent to driver
26/07/26 05:13:16 INFO TaskSetManager: Finished task 0.0 in stage 74.0 (TID 148) in 260 ms on ab93cff004a3 (executor driver) (1/2)
26/07/26 05:13:16 INFO Executor: Finished task 1.0 in stage 74.0 (TID 149). 2337 bytes result sent to driver
26/07/26 05:13:16 INFO TaskSetManager: Finished task 1.0 in stage 74.0 (TID 149) in 289 ms on ab93cff004a3 (executor driver) (2/2)
26/07/26 05:13:16 INFO TaskSchedulerImpl: Removed TaskSet 74.0 whose tasks have all completed, from pool
26/07/26 05:13:16 INFO DAGScheduler: ShuffleMapStage 74 (collect at DriverActivationSpec.scala:101) finished in 547 ms
26/07/26 05:13:16 INFO DAGScheduler: looking for newly runnable stages
26/07/26 05:13:16 INFO DAGScheduler: running: HashSet()
26/07/26 05:13:16 INFO DAGScheduler: waiting: HashSet(ResultStage 75)
26/07/26 05:13:16 INFO DAGScheduler: failed: HashSet()
26/07/26 05:13:16 INFO DAGScheduler: Missing parents found for ResultStage 75: List()
26/07/26 05:13:16 INFO DAGScheduler: Submitting ResultStage 75 (MapPartitionsRDD[265] at collect at DriverActivationSpec.scala:101), which has no missing parents
26/07/26 05:13:16 INFO MemoryStore: Block broadcast_75 stored as values in memory (estimated size 29.2 KiB, free 1002.7 MiB)
26/07/26 05:13:16 INFO MemoryStore: Block broadcast_75_piece0 stored as bytes in memory (estimated size 13.0 KiB, free 1002.7 MiB)
26/07/26 05:13:16 INFO SparkContext: Created broadcast 75 from broadcast at DAGScheduler.scala:1686
26/07/26 05:13:16 INFO DAGScheduler: Submitting 2 missing tasks from ResultStage 75 (MapPartitionsRDD[265] at collect at DriverActivationSpec.scala:101) (first 15 tasks are for partitions Vector(0, 1))
26/07/26 05:13:16 INFO TaskSchedulerImpl: Adding task set 75.0 with 2 tasks resource profile 0
26/07/26 05:13:16 INFO TaskSetManager: Starting task 0.0 in stage 75.0 (TID 150) (ab93cff004a3,executor driver, partition 0, NODE_LOCAL, 9847 bytes)
26/07/26 05:13:16 INFO TaskSetManager: Starting task 1.0 in stage 75.0 (TID 151) (ab93cff004a3,executor driver, partition 1, NODE_LOCAL, 9847 bytes)
26/07/26 05:13:16 INFO Executor: Running task 0.0 in stage 75.0 (TID 150)
26/07/26 05:13:16 INFO Executor: Running task 1.0 in stage 75.0 (TID 151)
26/07/26 05:13:16 INFO ShuffleBlockFetcherIterator: Getting 2 (456.0 B) non-empty blocks including 2 (456.0 B) local and 0 (0.0 B) host-local and 0 (0.0 B) push-merged-local and 0 (0.0 B) remote blocks
26/07/26 05:13:16 INFO ShuffleBlockFetcherIterator: Started 0 remote fetches in 30 ms
26/07/26 05:13:16 INFO Executor: Finished task 1.0 in stage 75.0 (TID 151). 4892 bytes result sent to driver
26/07/26 05:13:16 INFO TaskSetManager: Finished task 1.0 in stage 75.0 (TID 151) in 173 ms on ab93cff004a3 (executor driver) (1/2)
26/07/26 05:13:16 INFO ShuffleBlockFetcherIterator: Getting 2 (608.0 B) non-empty blocks including 2 (608.0 B) local and 0 (0.0 B) host-local and 0 (0.0 B) push-merged-local and 0 (0.0 B) remote blocks
26/07/26 05:13:16 INFO ShuffleBlockFetcherIterator: Started 0 remote fetches in 1 ms
26/07/26 05:13:16 INFO Executor: Finished task 0.0 in stage 75.0 (TID 150). 4987 bytes result sent to driver
26/07/26 05:13:16 INFO TaskSetManager: Finished task 0.0 in stage 75.0 (TID 150) in 246 ms on ab93cff004a3 (executor driver) (2/2)
26/07/26 05:13:16 INFO TaskSchedulerImpl: Removed TaskSet 75.0 whose tasks have all completed, from pool
26/07/26 05:13:16 INFO DAGScheduler: ResultStage 75 (collect at DriverActivationSpec.scala:101) finished in 342 ms
26/07/26 05:13:16 INFO DAGScheduler: Job 37 is finished. Cancelling potential speculative or zombie tasks for this job
26/07/26 05:13:16 INFO TaskSchedulerImpl: Canceling stage 75
26/07/26 05:13:16 INFO TaskSchedulerImpl: Killing all running tasks in stage 75: Stage finished
26/07/26 05:13:16 INFO DAGScheduler: Job 37 finished: collect at DriverActivationSpec.scala:101, took 928.277625 ms
26/07/26 05:13:17 INFO HashAggregateExec: spark.sql.codegen.aggregate.map.twolevel.enabled is set to true, but current version of codegened fast hashmap does not support this aggregate.
26/07/26 05:13:18 INFO SparkContext: Starting job: collect at DriverActivationSpec.scala:101
26/07/26 05:13:18 INFO DAGScheduler: Registering RDD 269 (collect at DriverActivationSpec.scala:101) as input to shuffle 38
26/07/26 05:13:18 INFO DAGScheduler: Got job 38 (collect at DriverActivationSpec.scala:101) with 2 output partitions
26/07/26 05:13:18 INFO DAGScheduler: Final stage: ResultStage 77 (collect at DriverActivationSpec.scala:101)
26/07/26 05:13:18 INFO DAGScheduler: Parents of final stage: List(ShuffleMapStage 76)
26/07/26 05:13:18 INFO DAGScheduler: Missing parents: List(ShuffleMapStage 76)
26/07/26 05:13:18 INFO DAGScheduler: Missing parents found for ResultStage 77: List(ShuffleMapStage 76)
26/07/26 05:13:18 INFO DAGScheduler: Missing parents found for ShuffleMapStage 76: List()
26/07/26 05:13:18 INFO DAGScheduler: Submitting ShuffleMapStage 76 (MapPartitionsRDD[269] at collect at DriverActivationSpec.scala:101), which has no missing parents
26/07/26 05:13:18 INFO MemoryStore: Block broadcast_76 stored as values in memory (estimated size 31.6 KiB, free 1002.7 MiB)
26/07/26 05:13:18 INFO MemoryStore: Block broadcast_76_piece0 stored as bytes in memory (estimated size 13.9 KiB, free 1002.7 MiB)
26/07/26 05:13:18 INFO SparkContext: Created broadcast 76 from broadcast at DAGScheduler.scala:1686
26/07/26 05:13:18 INFO DAGScheduler: Submitting 2 missing tasks from ShuffleMapStage 76 (MapPartitionsRDD[269] at collect at DriverActivationSpec.scala:101) (first 15 tasks are for partitions Vector(0, 1))
26/07/26 05:13:18 INFO TaskSchedulerImpl: Adding task set 76.0 with 2 tasks resource profile 0
26/07/26 05:13:18 INFO TaskSetManager: Starting task 0.0 in stage 76.0 (TID 152) (ab93cff004a3,executor driver, partition 0, PROCESS_LOCAL, 9971 bytes)
26/07/26 05:13:18 INFO TaskSetManager: Starting task 1.0 in stage 76.0 (TID 153) (ab93cff004a3,executor driver, partition 1, PROCESS_LOCAL, 9971 bytes)
26/07/26 05:13:18 INFO Executor: Running task 1.0 in stage 76.0 (TID 153)
26/07/26 05:13:18 INFO Executor: Running task 0.0 in stage 76.0 (TID 152)
26/07/26 05:13:18 INFO Executor: Finished task 1.0 in stage 76.0 (TID 153). 2337 bytes result sent to driver
26/07/26 05:13:18 INFO TaskSetManager: Finished task 1.0 in stage 76.0 (TID 153) in 53 ms on ab93cff004a3 (executor driver) (1/2)
26/07/26 05:13:18 INFO Executor: Finished task 0.0 in stage 76.0 (TID 152). 2337 bytes result sent to driver
26/07/26 05:13:18 INFO TaskSetManager: Finished task 0.0 in stage 76.0 (TID 152) in 59 ms on ab93cff004a3 (executor driver) (2/2)
26/07/26 05:13:18 INFO TaskSchedulerImpl: Removed TaskSet 76.0 whose tasks have all completed, from pool
26/07/26 05:13:18 INFO DAGScheduler: ShuffleMapStage 76 (collect at DriverActivationSpec.scala:101) finished in 113 ms
26/07/26 05:13:18 INFO DAGScheduler: looking for newly runnable stages
26/07/26 05:13:18 INFO DAGScheduler: running: HashSet()
26/07/26 05:13:18 INFO DAGScheduler: waiting: HashSet(ResultStage 77)
26/07/26 05:13:18 INFO DAGScheduler: failed: HashSet()
26/07/26 05:13:18 INFO DAGScheduler: Missing parents found for ResultStage 77: List()
26/07/26 05:13:18 INFO DAGScheduler: Submitting ResultStage 77 (MapPartitionsRDD[272] at collect at DriverActivationSpec.scala:101), which has no missing parents
26/07/26 05:13:18 INFO MemoryStore: Block broadcast_77 stored as values in memory (estimated size 29.2 KiB, free 1002.7 MiB)
26/07/26 05:13:18 INFO MemoryStore: Block broadcast_77_piece0 stored as bytes in memory (estimated size 13.0 KiB, free 1002.6 MiB)
26/07/26 05:13:18 INFO SparkContext: Created broadcast 77 from broadcast at DAGScheduler.scala:1686
26/07/26 05:13:18 INFO DAGScheduler: Submitting 2 missing tasks from ResultStage 77 (MapPartitionsRDD[272] at collect at DriverActivationSpec.scala:101) (first 15 tasks are for partitions Vector(0, 1))
26/07/26 05:13:18 INFO TaskSchedulerImpl: Adding task set 77.0 with 2 tasks resource profile 0
26/07/26 05:13:18 INFO TaskSetManager: Starting task 0.0 in stage 77.0 (TID 154) (ab93cff004a3,executor driver, partition 0, NODE_LOCAL, 9847 bytes)
26/07/26 05:13:18 INFO TaskSetManager: Starting task 1.0 in stage 77.0 (TID 155) (ab93cff004a3,executor driver, partition 1, NODE_LOCAL, 9847 bytes)
26/07/26 05:13:18 INFO Executor: Running task 0.0 in stage 77.0 (TID 154)
26/07/26 05:13:18 INFO Executor: Running task 1.0 in stage 77.0 (TID 155)
26/07/26 05:13:18 INFO ShuffleBlockFetcherIterator: Getting 2 (608.0 B) non-empty blocks including 2 (608.0 B) local and 0 (0.0 B) host-local and 0 (0.0 B) push-merged-local and 0 (0.0 B) remote blocks
26/07/26 05:13:18 INFO ShuffleBlockFetcherIterator: Started 0 remote fetches in 2 ms
26/07/26 05:13:18 INFO ShuffleBlockFetcherIterator: Getting 2 (456.0 B) non-empty blocks including 2 (456.0 B) local and 0 (0.0 B) host-local and 0 (0.0 B) push-merged-local and 0 (0.0 B) remote blocks
26/07/26 05:13:18 INFO ShuffleBlockFetcherIterator: Started 0 remote fetches in 1 ms
26/07/26 05:13:18 INFO Executor: Finished task 0.0 in stage 77.0 (TID 154). 4987 bytes result sent to driver
26/07/26 05:13:18 INFO TaskSetManager: Finished task 0.0 in stage 77.0 (TID 154) in 93 ms on ab93cff004a3 (executor driver) (1/2)
26/07/26 05:13:18 INFO Executor: Finished task 1.0 in stage 77.0 (TID 155). 4892 bytes result sent to driver
26/07/26 05:13:18 INFO TaskSetManager: Finished task 1.0 in stage 77.0 (TID 155) in 107 ms on ab93cff004a3 (executor driver) (2/2)
26/07/26 05:13:18 INFO DAGScheduler: ResultStage 77 (collect at DriverActivationSpec.scala:101) finished in 137 ms
26/07/26 05:13:18 INFO DAGScheduler: Job 38 is finished. Cancelling potential speculative or zombie tasks for this job
26/07/26 05:13:18 INFO TaskSchedulerImpl: Removed TaskSet 77.0 whose tasks have all completed, from pool
26/07/26 05:13:18 INFO TaskSchedulerImpl: Canceling stage 77
26/07/26 05:13:18 INFO TaskSchedulerImpl: Killing all running tasks in stage 77: Stage finished
26/07/26 05:13:18 INFO DAGScheduler: Job 38 finished: collect at DriverActivationSpec.scala:101, took 273.814792 ms
26/07/26 05:13:18 INFO HashAggregateExec: spark.sql.codegen.aggregate.map.twolevel.enabled is set to true, but current version of codegened fast hashmap does not support this aggregate.
26/07/26 05:13:18 INFO SparkContext: Starting job: collect at DriverActivationSpec.scala:101
26/07/26 05:13:18 INFO DAGScheduler: Registering RDD 276 (collect at DriverActivationSpec.scala:101) as input to shuffle 39
26/07/26 05:13:18 INFO DAGScheduler: Got job 39 (collect at DriverActivationSpec.scala:101) with 2 output partitions
26/07/26 05:13:18 INFO DAGScheduler: Final stage: ResultStage 79 (collect at DriverActivationSpec.scala:101)
26/07/26 05:13:18 INFO DAGScheduler: Parents of final stage: List(ShuffleMapStage 78)
26/07/26 05:13:18 INFO DAGScheduler: Missing parents: List(ShuffleMapStage 78)
26/07/26 05:13:18 INFO DAGScheduler: Missing parents found for ResultStage 79: List(ShuffleMapStage 78)
26/07/26 05:13:18 INFO DAGScheduler: Missing parents found for ShuffleMapStage 78: List()
26/07/26 05:13:18 INFO DAGScheduler: Submitting ShuffleMapStage 78 (MapPartitionsRDD[276] at collect at DriverActivationSpec.scala:101), which has no missing parents
26/07/26 05:13:18 INFO MemoryStore: Block broadcast_78 stored as values in memory (estimated size 31.6 KiB, free 1002.6 MiB)
26/07/26 05:13:18 INFO MemoryStore: Block broadcast_78_piece0 stored as bytes in memory (estimated size 13.9 KiB, free 1002.6 MiB)
26/07/26 05:13:18 INFO SparkContext: Created broadcast 78 from broadcast at DAGScheduler.scala:1686
26/07/26 05:13:18 INFO DAGScheduler: Submitting 2 missing tasks from ShuffleMapStage 78 (MapPartitionsRDD[276] at collect at DriverActivationSpec.scala:101) (first 15 tasks are for partitions Vector(0, 1))
26/07/26 05:13:18 INFO TaskSchedulerImpl: Adding task set 78.0 with 2 tasks resource profile 0
26/07/26 05:13:18 INFO TaskSetManager: Starting task 0.0 in stage 78.0 (TID 156) (ab93cff004a3,executor driver, partition 0, PROCESS_LOCAL, 9971 bytes)
26/07/26 05:13:18 INFO TaskSetManager: Starting task 1.0 in stage 78.0 (TID 157) (ab93cff004a3,executor driver, partition 1, PROCESS_LOCAL, 9971 bytes)
26/07/26 05:13:18 INFO Executor: Running task 0.0 in stage 78.0 (TID 156)
26/07/26 05:13:18 INFO Executor: Running task 1.0 in stage 78.0 (TID 157)
26/07/26 05:13:18 INFO Executor: Finished task 0.0 in stage 78.0 (TID 156). 2337 bytes result sent to driver
26/07/26 05:13:18 INFO TaskSetManager: Finished task 0.0 in stage 78.0 (TID 156) in 25 ms on ab93cff004a3 (executor driver) (1/2)
26/07/26 05:13:18 INFO Executor: Finished task 1.0 in stage 78.0 (TID 157). 2337 bytes result sent to driver
26/07/26 05:13:18 INFO TaskSetManager: Finished task 1.0 in stage 78.0 (TID 157) in 35 ms on ab93cff004a3 (executor driver) (2/2)
26/07/26 05:13:18 INFO DAGScheduler: ShuffleMapStage 78 (collect at DriverActivationSpec.scala:101) finished in 57 ms
26/07/26 05:13:18 INFO DAGScheduler: looking for newly runnable stages
26/07/26 05:13:18 INFO DAGScheduler: running: HashSet()
26/07/26 05:13:18 INFO DAGScheduler: waiting: HashSet(ResultStage 79)
26/07/26 05:13:18 INFO DAGScheduler: failed: HashSet()
26/07/26 05:13:18 INFO DAGScheduler: Missing parents found for ResultStage 79: List()
26/07/26 05:13:18 INFO DAGScheduler: Submitting ResultStage 79 (MapPartitionsRDD[279] at collect at DriverActivationSpec.scala:101), which has no missing parents
26/07/26 05:13:18 INFO MemoryStore: Block broadcast_79 stored as values in memory (estimated size 29.2 KiB, free 1002.6 MiB)
26/07/26 05:13:18 INFO TaskSchedulerImpl: Removed TaskSet 78.0 whose tasks have all completed, from pool
26/07/26 05:13:18 INFO MemoryStore: Block broadcast_79_piece0 stored as bytes in memory (estimated size 13.0 KiB, free 1002.6 MiB)
26/07/26 05:13:18 INFO SparkContext: Created broadcast 79 from broadcast at DAGScheduler.scala:1686
26/07/26 05:13:18 INFO DAGScheduler: Submitting 2 missing tasks from ResultStage 79 (MapPartitionsRDD[279] at collect at DriverActivationSpec.scala:101) (first 15 tasks are for partitions Vector(0, 1))
26/07/26 05:13:18 INFO TaskSchedulerImpl: Adding task set 79.0 with 2 tasks resource profile 0
26/07/26 05:13:18 INFO TaskSetManager: Starting task 0.0 in stage 79.0 (TID 158) (ab93cff004a3,executor driver, partition 0, NODE_LOCAL, 9847 bytes)
26/07/26 05:13:18 INFO TaskSetManager: Starting task 1.0 in stage 79.0 (TID 159) (ab93cff004a3,executor driver, partition 1, NODE_LOCAL, 9847 bytes)
26/07/26 05:13:18 INFO Executor: Running task 1.0 in stage 79.0 (TID 159)
26/07/26 05:13:18 INFO Executor: Running task 0.0 in stage 79.0 (TID 158)
26/07/26 05:13:18 INFO ShuffleBlockFetcherIterator: Getting 2 (456.0 B) non-empty blocks including 2 (456.0 B) local and 0 (0.0 B) host-local and 0 (0.0 B) push-merged-local and 0 (0.0 B) remote blocks
26/07/26 05:13:18 INFO ShuffleBlockFetcherIterator: Getting 2 (608.0 B) non-empty blocks including 2 (608.0 B) local and 0 (0.0 B) host-local and 0 (0.0 B) push-merged-local and 0 (0.0 B) remote blocks
26/07/26 05:13:18 INFO ShuffleBlockFetcherIterator: Started 0 remote fetches in 1 ms
26/07/26 05:13:18 INFO ShuffleBlockFetcherIterator: Started 0 remote fetches in 1 ms
26/07/26 05:13:18 INFO Executor: Finished task 1.0 in stage 79.0 (TID 159). 4892 bytes result sent to driver
26/07/26 05:13:18 INFO TaskSetManager: Finished task 1.0 in stage 79.0 (TID 159) in 36 ms on ab93cff004a3 (executor driver) (1/2)
26/07/26 05:13:18 INFO Executor: Finished task 0.0 in stage 79.0 (TID 158). 4987 bytes result sent to driver
26/07/26 05:13:18 INFO TaskSetManager: Finished task 0.0 in stage 79.0 (TID 158) in 41 ms on ab93cff004a3 (executor driver) (2/2)
26/07/26 05:13:18 INFO TaskSchedulerImpl: Removed TaskSet 79.0 whose tasks have all completed, from pool
26/07/26 05:13:18 INFO DAGScheduler: ResultStage 79 (collect at DriverActivationSpec.scala:101) finished in 78 ms
26/07/26 05:13:18 INFO DAGScheduler: Job 39 is finished. Cancelling potential speculative or zombie tasks for this job
26/07/26 05:13:18 INFO TaskSchedulerImpl: Canceling stage 79
26/07/26 05:13:18 INFO TaskSchedulerImpl: Killing all running tasks in stage 79: Stage finished
26/07/26 05:13:18 INFO DAGScheduler: Job 39 finished: collect at DriverActivationSpec.scala:101, took 144.163801 ms
26/07/26 05:13:18 INFO HashAggregateExec: spark.sql.codegen.aggregate.map.twolevel.enabled is set to true, but current version of codegened fast hashmap does not support this aggregate.
26/07/26 05:13:18 INFO SparkContext: Starting job: collect at DriverActivationSpec.scala:101
26/07/26 05:13:18 INFO DAGScheduler: Registering RDD 283 (collect at DriverActivationSpec.scala:101) as input to shuffle 40
26/07/26 05:13:18 INFO DAGScheduler: Got job 40 (collect at DriverActivationSpec.scala:101) with 2 output partitions
26/07/26 05:13:18 INFO DAGScheduler: Final stage: ResultStage 81 (collect at DriverActivationSpec.scala:101)
26/07/26 05:13:18 INFO DAGScheduler: Parents of final stage: List(ShuffleMapStage 80)
26/07/26 05:13:18 INFO DAGScheduler: Missing parents: List(ShuffleMapStage 80)
26/07/26 05:13:18 INFO DAGScheduler: Missing parents found for ResultStage 81: List(ShuffleMapStage 80)
26/07/26 05:13:18 INFO DAGScheduler: Missing parents found for ShuffleMapStage 80: List()
26/07/26 05:13:18 INFO DAGScheduler: Submitting ShuffleMapStage 80 (MapPartitionsRDD[283] at collect at DriverActivationSpec.scala:101), which has no missing parents
26/07/26 05:13:18 INFO MemoryStore: Block broadcast_80 stored as values in memory (estimated size 31.6 KiB, free 1002.5 MiB)
26/07/26 05:13:18 INFO MemoryStore: Block broadcast_80_piece0 stored as bytes in memory (estimated size 13.9 KiB, free 1002.5 MiB)
26/07/26 05:13:18 INFO SparkContext: Created broadcast 80 from broadcast at DAGScheduler.scala:1686
26/07/26 05:13:18 INFO DAGScheduler: Submitting 2 missing tasks from ShuffleMapStage 80 (MapPartitionsRDD[283] at collect at DriverActivationSpec.scala:101) (first 15 tasks are for partitions Vector(0, 1))
26/07/26 05:13:18 INFO TaskSchedulerImpl: Adding task set 80.0 with 2 tasks resource profile 0
26/07/26 05:13:18 INFO TaskSetManager: Starting task 0.0 in stage 80.0 (TID 160) (ab93cff004a3,executor driver, partition 0, PROCESS_LOCAL, 9971 bytes)
26/07/26 05:13:18 INFO TaskSetManager: Starting task 1.0 in stage 80.0 (TID 161) (ab93cff004a3,executor driver, partition 1, PROCESS_LOCAL, 9971 bytes)
26/07/26 05:13:18 INFO Executor: Running task 1.0 in stage 80.0 (TID 161)
26/07/26 05:13:18 INFO Executor: Running task 0.0 in stage 80.0 (TID 160)
26/07/26 05:13:18 INFO Executor: Finished task 1.0 in stage 80.0 (TID 161). 2337 bytes result sent to driver
26/07/26 05:13:18 INFO TaskSetManager: Finished task 1.0 in stage 80.0 (TID 161) in 24 ms on ab93cff004a3 (executor driver) (1/2)
26/07/26 05:13:18 INFO Executor: Finished task 0.0 in stage 80.0 (TID 160). 2337 bytes result sent to driver
26/07/26 05:13:18 INFO TaskSetManager: Finished task 0.0 in stage 80.0 (TID 160) in 37 ms on ab93cff004a3 (executor driver) (2/2)
26/07/26 05:13:18 INFO TaskSchedulerImpl: Removed TaskSet 80.0 whose tasks have all completed, from pool
26/07/26 05:13:18 INFO DAGScheduler: ShuffleMapStage 80 (collect at DriverActivationSpec.scala:101) finished in 58 ms
26/07/26 05:13:18 INFO DAGScheduler: looking for newly runnable stages
26/07/26 05:13:18 INFO DAGScheduler: running: HashSet()
26/07/26 05:13:18 INFO DAGScheduler: waiting: HashSet(ResultStage 81)
26/07/26 05:13:18 INFO DAGScheduler: failed: HashSet()
26/07/26 05:13:18 INFO DAGScheduler: Missing parents found for ResultStage 81: List()
26/07/26 05:13:18 INFO DAGScheduler: Submitting ResultStage 81 (MapPartitionsRDD[286] at collect at DriverActivationSpec.scala:101), which has no missing parents
26/07/26 05:13:18 INFO MemoryStore: Block broadcast_81 stored as values in memory (estimated size 29.2 KiB, free 1002.5 MiB)
26/07/26 05:13:18 INFO MemoryStore: Block broadcast_81_piece0 stored as bytes in memory (estimated size 13.0 KiB, free 1002.5 MiB)
26/07/26 05:13:18 INFO SparkContext: Created broadcast 81 from broadcast at DAGScheduler.scala:1686
26/07/26 05:13:18 INFO DAGScheduler: Submitting 2 missing tasks from ResultStage 81 (MapPartitionsRDD[286] at collect at DriverActivationSpec.scala:101) (first 15 tasks are for partitions Vector(0, 1))
26/07/26 05:13:18 INFO TaskSchedulerImpl: Adding task set 81.0 with 2 tasks resource profile 0
26/07/26 05:13:18 INFO TaskSetManager: Starting task 0.0 in stage 81.0 (TID 162) (ab93cff004a3,executor driver, partition 0, NODE_LOCAL, 9847 bytes)
26/07/26 05:13:18 INFO TaskSetManager: Starting task 1.0 in stage 81.0 (TID 163) (ab93cff004a3,executor driver, partition 1, NODE_LOCAL, 9847 bytes)
26/07/26 05:13:18 INFO Executor: Running task 0.0 in stage 81.0 (TID 162)
26/07/26 05:13:18 INFO Executor: Running task 1.0 in stage 81.0 (TID 163)
26/07/26 05:13:18 INFO ShuffleBlockFetcherIterator: Getting 2 (608.0 B) non-empty blocks including 2 (608.0 B) local and 0 (0.0 B) host-local and 0 (0.0 B) push-merged-local and 0 (0.0 B) remote blocks
26/07/26 05:13:18 INFO ShuffleBlockFetcherIterator: Started 0 remote fetches in 2 ms
26/07/26 05:13:18 INFO ShuffleBlockFetcherIterator: Getting 2 (456.0 B) non-empty blocks including 2 (456.0 B) local and 0 (0.0 B) host-local and 0 (0.0 B) push-merged-local and 0 (0.0 B) remote blocks
26/07/26 05:13:18 INFO ShuffleBlockFetcherIterator: Started 0 remote fetches in 1 ms
26/07/26 05:13:18 INFO Executor: Finished task 0.0 in stage 81.0 (TID 162). 4987 bytes result sent to driver
26/07/26 05:13:18 INFO TaskSetManager: Finished task 0.0 in stage 81.0 (TID 162) in 37 ms on ab93cff004a3 (executor driver) (1/2)
26/07/26 05:13:18 INFO Executor: Finished task 1.0 in stage 81.0 (TID 163). 4849 bytes result sent to driver
26/07/26 05:13:18 INFO TaskSetManager: Finished task 1.0 in stage 81.0 (TID 163) in 47 ms on ab93cff004a3 (executor driver) (2/2)
26/07/26 05:13:18 INFO TaskSchedulerImpl: Removed TaskSet 81.0 whose tasks have all completed, from pool
26/07/26 05:13:18 INFO DAGScheduler: ResultStage 81 (collect at DriverActivationSpec.scala:101) finished in 71 ms
26/07/26 05:13:18 INFO DAGScheduler: Job 40 is finished. Cancelling potential speculative or zombie tasks for this job
26/07/26 05:13:18 INFO TaskSchedulerImpl: Canceling stage 81
26/07/26 05:13:18 INFO TaskSchedulerImpl: Killing all running tasks in stage 81: Stage finished
26/07/26 05:13:18 INFO DAGScheduler: Job 40 finished: collect at DriverActivationSpec.scala:101, took 141.226963 ms
26/07/26 05:13:18 INFO HashAggregateExec: spark.sql.codegen.aggregate.map.twolevel.enabled is set to true, but current version of codegened fast hashmap does not support this aggregate.
26/07/26 05:13:18 INFO SparkContext: Starting job: collect at DriverActivationSpec.scala:101
26/07/26 05:13:18 INFO DAGScheduler: Registering RDD 290 (collect at DriverActivationSpec.scala:101) as input to shuffle 41
26/07/26 05:13:18 INFO DAGScheduler: Got job 41 (collect at DriverActivationSpec.scala:101) with 2 output partitions
26/07/26 05:13:18 INFO DAGScheduler: Final stage: ResultStage 83 (collect at DriverActivationSpec.scala:101)
26/07/26 05:13:18 INFO DAGScheduler: Parents of final stage: List(ShuffleMapStage 82)
26/07/26 05:13:18 INFO DAGScheduler: Missing parents: List(ShuffleMapStage 82)
26/07/26 05:13:18 INFO DAGScheduler: Missing parents found for ResultStage 83: List(ShuffleMapStage 82)
26/07/26 05:13:18 INFO DAGScheduler: Missing parents found for ShuffleMapStage 82: List()
26/07/26 05:13:18 INFO DAGScheduler: Submitting ShuffleMapStage 82 (MapPartitionsRDD[290] at collect at DriverActivationSpec.scala:101), which has no missing parents
26/07/26 05:13:18 INFO MemoryStore: Block broadcast_82 stored as values in memory (estimated size 31.6 KiB, free 1002.4 MiB)
26/07/26 05:13:18 INFO MemoryStore: Block broadcast_82_piece0 stored as bytes in memory (estimated size 13.9 KiB, free 1002.4 MiB)
26/07/26 05:13:18 INFO SparkContext: Created broadcast 82 from broadcast at DAGScheduler.scala:1686
26/07/26 05:13:18 INFO DAGScheduler: Submitting 2 missing tasks from ShuffleMapStage 82 (MapPartitionsRDD[290] at collect at DriverActivationSpec.scala:101) (first 15 tasks are for partitions Vector(0, 1))
26/07/26 05:13:18 INFO TaskSchedulerImpl: Adding task set 82.0 with 2 tasks resource profile 0
26/07/26 05:13:18 INFO TaskSetManager: Starting task 0.0 in stage 82.0 (TID 164) (ab93cff004a3,executor driver, partition 0, PROCESS_LOCAL, 9971 bytes)
26/07/26 05:13:18 INFO TaskSetManager: Starting task 1.0 in stage 82.0 (TID 165) (ab93cff004a3,executor driver, partition 1, PROCESS_LOCAL, 9971 bytes)
26/07/26 05:13:18 INFO Executor: Running task 0.0 in stage 82.0 (TID 164)
26/07/26 05:13:18 INFO Executor: Running task 1.0 in stage 82.0 (TID 165)
26/07/26 05:13:19 INFO Executor: Finished task 1.0 in stage 82.0 (TID 165). 2337 bytes result sent to driver
26/07/26 05:13:19 INFO TaskSetManager: Finished task 1.0 in stage 82.0 (TID 165) in 38 ms on ab93cff004a3 (executor driver) (1/2)
26/07/26 05:13:19 INFO Executor: Finished task 0.0 in stage 82.0 (TID 164). 2337 bytes result sent to driver
26/07/26 05:13:19 INFO TaskSetManager: Finished task 0.0 in stage 82.0 (TID 164) in 42 ms on ab93cff004a3 (executor driver) (2/2)
26/07/26 05:13:19 INFO TaskSchedulerImpl: Removed TaskSet 82.0 whose tasks have all completed, from pool
26/07/26 05:13:19 INFO DAGScheduler: ShuffleMapStage 82 (collect at DriverActivationSpec.scala:101) finished in 73 ms
26/07/26 05:13:19 INFO DAGScheduler: looking for newly runnable stages
26/07/26 05:13:19 INFO DAGScheduler: running: HashSet()
26/07/26 05:13:19 INFO DAGScheduler: waiting: HashSet(ResultStage 83)
26/07/26 05:13:19 INFO DAGScheduler: failed: HashSet()
26/07/26 05:13:19 INFO DAGScheduler: Missing parents found for ResultStage 83: List()
26/07/26 05:13:19 INFO DAGScheduler: Submitting ResultStage 83 (MapPartitionsRDD[293] at collect at DriverActivationSpec.scala:101), which has no missing parents
26/07/26 05:13:19 INFO MemoryStore: Block broadcast_83 stored as values in memory (estimated size 29.2 KiB, free 1002.4 MiB)
26/07/26 05:13:19 INFO MemoryStore: Block broadcast_83_piece0 stored as bytes in memory (estimated size 13.0 KiB, free 1002.4 MiB)
26/07/26 05:13:19 INFO SparkContext: Created broadcast 83 from broadcast at DAGScheduler.scala:1686
26/07/26 05:13:19 INFO DAGScheduler: Submitting 2 missing tasks from ResultStage 83 (MapPartitionsRDD[293] at collect at DriverActivationSpec.scala:101) (first 15 tasks are for partitions Vector(0, 1))
26/07/26 05:13:19 INFO TaskSchedulerImpl: Adding task set 83.0 with 2 tasks resource profile 0
26/07/26 05:13:19 INFO TaskSetManager: Starting task 0.0 in stage 83.0 (TID 166) (ab93cff004a3,executor driver, partition 0, NODE_LOCAL, 9847 bytes)
26/07/26 05:13:19 INFO TaskSetManager: Starting task 1.0 in stage 83.0 (TID 167) (ab93cff004a3,executor driver, partition 1, NODE_LOCAL, 9847 bytes)
26/07/26 05:13:19 INFO Executor: Running task 1.0 in stage 83.0 (TID 167)
26/07/26 05:13:19 INFO Executor: Running task 0.0 in stage 83.0 (TID 166)
26/07/26 05:13:19 INFO ShuffleBlockFetcherIterator: Getting 2 (608.0 B) non-empty blocks including 2 (608.0 B) local and 0 (0.0 B) host-local and 0 (0.0 B) push-merged-local and 0 (0.0 B) remote blocks
26/07/26 05:13:19 INFO ShuffleBlockFetcherIterator: Started 0 remote fetches in 2 ms
26/07/26 05:13:19 INFO ShuffleBlockFetcherIterator: Getting 2 (456.0 B) non-empty blocks including 2 (456.0 B) local and 0 (0.0 B) host-local and 0 (0.0 B) push-merged-local and 0 (0.0 B) remote blocks
26/07/26 05:13:19 INFO ShuffleBlockFetcherIterator: Started 0 remote fetches in 1 ms
26/07/26 05:13:19 INFO Executor: Finished task 1.0 in stage 83.0 (TID 167). 4892 bytes result sent to driver
26/07/26 05:13:19 INFO TaskSetManager: Finished task 1.0 in stage 83.0 (TID 167) in 47 ms on ab93cff004a3 (executor driver) (1/2)
26/07/26 05:13:19 INFO Executor: Finished task 0.0 in stage 83.0 (TID 166). 4987 bytes result sent to driver
26/07/26 05:13:19 INFO TaskSetManager: Finished task 0.0 in stage 83.0 (TID 166) in 53 ms on ab93cff004a3 (executor driver) (2/2)
26/07/26 05:13:19 INFO TaskSchedulerImpl: Removed TaskSet 83.0 whose tasks have all completed, from pool
26/07/26 05:13:19 INFO DAGScheduler: ResultStage 83 (collect at DriverActivationSpec.scala:101) finished in 86 ms
26/07/26 05:13:19 INFO DAGScheduler: Job 41 is finished. Cancelling potential speculative or zombie tasks for this job
26/07/26 05:13:19 INFO TaskSchedulerImpl: Canceling stage 83
26/07/26 05:13:19 INFO TaskSchedulerImpl: Killing all running tasks in stage 83: Stage finished
26/07/26 05:13:19 INFO DAGScheduler: Job 41 finished: collect at DriverActivationSpec.scala:101, took 174.867456 ms
26/07/26 05:13:19 INFO HashAggregateExec: spark.sql.codegen.aggregate.map.twolevel.enabled is set to true, but current version of codegened fast hashmap does not support this aggregate.
26/07/26 05:13:19 INFO SparkContext: Starting job: collect at DriverActivationSpec.scala:101
26/07/26 05:13:19 INFO DAGScheduler: Registering RDD 297 (collect at DriverActivationSpec.scala:101) as input to shuffle 42
26/07/26 05:13:19 INFO DAGScheduler: Got job 42 (collect at DriverActivationSpec.scala:101) with 2 output partitions
26/07/26 05:13:19 INFO DAGScheduler: Final stage: ResultStage 85 (collect at DriverActivationSpec.scala:101)
26/07/26 05:13:19 INFO DAGScheduler: Parents of final stage: List(ShuffleMapStage 84)
26/07/26 05:13:19 INFO DAGScheduler: Missing parents: List(ShuffleMapStage 84)
26/07/26 05:13:19 INFO DAGScheduler: Missing parents found for ResultStage 85: List(ShuffleMapStage 84)
26/07/26 05:13:19 INFO DAGScheduler: Missing parents found for ShuffleMapStage 84: List()
26/07/26 05:13:19 INFO DAGScheduler: Submitting ShuffleMapStage 84 (MapPartitionsRDD[297] at collect at DriverActivationSpec.scala:101), which has no missing parents
26/07/26 05:13:19 INFO MemoryStore: Block broadcast_84 stored as values in memory (estimated size 31.6 KiB, free 1002.8 MiB)
26/07/26 05:13:19 INFO MemoryStore: Block broadcast_84_piece0 stored as bytes in memory (estimated size 13.9 KiB, free 1002.8 MiB)
26/07/26 05:13:19 INFO SparkContext: Created broadcast 84 from broadcast at DAGScheduler.scala:1686
26/07/26 05:13:19 INFO DAGScheduler: Submitting 2 missing tasks from ShuffleMapStage 84 (MapPartitionsRDD[297] at collect at DriverActivationSpec.scala:101) (first 15 tasks are for partitions Vector(0, 1))
26/07/26 05:13:19 INFO TaskSchedulerImpl: Adding task set 84.0 with 2 tasks resource profile 0
26/07/26 05:13:19 INFO TaskSetManager: Starting task 0.0 in stage 84.0 (TID 168) (ab93cff004a3,executor driver, partition 0, PROCESS_LOCAL, 9971 bytes)
26/07/26 05:13:19 INFO TaskSetManager: Starting task 1.0 in stage 84.0 (TID 169) (ab93cff004a3,executor driver, partition 1, PROCESS_LOCAL, 9971 bytes)
26/07/26 05:13:19 INFO Executor: Running task 0.0 in stage 84.0 (TID 168)
26/07/26 05:13:19 INFO Executor: Running task 1.0 in stage 84.0 (TID 169)
26/07/26 05:13:19 INFO Executor: Finished task 1.0 in stage 84.0 (TID 169). 2294 bytes result sent to driver
26/07/26 05:13:19 INFO TaskSetManager: Finished task 1.0 in stage 84.0 (TID 169) in 77 ms on ab93cff004a3 (executor driver) (1/2)
26/07/26 05:13:19 INFO Executor: Finished task 0.0 in stage 84.0 (TID 168). 2294 bytes result sent to driver
26/07/26 05:13:19 INFO TaskSetManager: Finished task 0.0 in stage 84.0 (TID 168) in 95 ms on ab93cff004a3 (executor driver) (2/2)
26/07/26 05:13:19 INFO TaskSchedulerImpl: Removed TaskSet 84.0 whose tasks have all completed, from pool
26/07/26 05:13:19 INFO DAGScheduler: ShuffleMapStage 84 (collect at DriverActivationSpec.scala:101) finished in 157 ms
26/07/26 05:13:19 INFO DAGScheduler: looking for newly runnable stages
26/07/26 05:13:19 INFO DAGScheduler: running: HashSet()
26/07/26 05:13:19 INFO DAGScheduler: waiting: HashSet(ResultStage 85)
26/07/26 05:13:19 INFO DAGScheduler: failed: HashSet()
26/07/26 05:13:19 INFO DAGScheduler: Missing parents found for ResultStage 85: List()
26/07/26 05:13:19 INFO DAGScheduler: Submitting ResultStage 85 (MapPartitionsRDD[300] at collect at DriverActivationSpec.scala:101), which has no missing parents
26/07/26 05:13:19 INFO MemoryStore: Block broadcast_85 stored as values in memory (estimated size 29.2 KiB, free 1003.1 MiB)
26/07/26 05:13:19 INFO MemoryStore: Block broadcast_85_piece0 stored as bytes in memory (estimated size 13.0 KiB, free 1003.1 MiB)
26/07/26 05:13:19 INFO SparkContext: Created broadcast 85 from broadcast at DAGScheduler.scala:1686
26/07/26 05:13:19 INFO DAGScheduler: Submitting 2 missing tasks from ResultStage 85 (MapPartitionsRDD[300] at collect at DriverActivationSpec.scala:101) (first 15 tasks are for partitions Vector(0, 1))
26/07/26 05:13:19 INFO TaskSchedulerImpl: Adding task set 85.0 with 2 tasks resource profile 0
26/07/26 05:13:19 INFO TaskSetManager: Starting task 0.0 in stage 85.0 (TID 170) (ab93cff004a3,executor driver, partition 0, NODE_LOCAL, 9847 bytes)
26/07/26 05:13:19 INFO TaskSetManager: Starting task 1.0 in stage 85.0 (TID 171) (ab93cff004a3,executor driver, partition 1, NODE_LOCAL, 9847 bytes)
26/07/26 05:13:19 INFO Executor: Running task 1.0 in stage 85.0 (TID 171)
26/07/26 05:13:19 INFO Executor: Running task 0.0 in stage 85.0 (TID 170)
26/07/26 05:13:19 INFO ShuffleBlockFetcherIterator: Getting 2 (608.0 B) non-empty blocks including 2 (608.0 B) local and 0 (0.0 B) host-local and 0 (0.0 B) push-merged-local and 0 (0.0 B) remote blocks
26/07/26 05:13:19 INFO ShuffleBlockFetcherIterator: Started 0 remote fetches in 1 ms
26/07/26 05:13:19 INFO Executor: Finished task 0.0 in stage 85.0 (TID 170). 4944 bytes result sent to driver
26/07/26 05:13:19 INFO ShuffleBlockFetcherIterator: Getting 2 (456.0 B) non-empty blocks including 2 (456.0 B) local and 0 (0.0 B) host-local and 0 (0.0 B) push-merged-local and 0 (0.0 B) remote blocks
26/07/26 05:13:19 INFO ShuffleBlockFetcherIterator: Started 0 remote fetches in 1 ms
26/07/26 05:13:19 INFO TaskSetManager: Finished task 0.0 in stage 85.0 (TID 170) in 28 ms on ab93cff004a3 (executor driver) (1/2)
26/07/26 05:13:19 INFO Executor: Finished task 1.0 in stage 85.0 (TID 171). 4849 bytes result sent to driver
26/07/26 05:13:19 INFO TaskSetManager: Finished task 1.0 in stage 85.0 (TID 171) in 40 ms on ab93cff004a3 (executor driver) (2/2)
26/07/26 05:13:19 INFO TaskSchedulerImpl: Removed TaskSet 85.0 whose tasks have all completed, from pool
26/07/26 05:13:19 INFO DAGScheduler: ResultStage 85 (collect at DriverActivationSpec.scala:101) finished in 90 ms
26/07/26 05:13:19 INFO DAGScheduler: Job 42 is finished. Cancelling potential speculative or zombie tasks for this job
26/07/26 05:13:19 INFO TaskSchedulerImpl: Canceling stage 85
26/07/26 05:13:19 INFO TaskSchedulerImpl: Killing all running tasks in stage 85: Stage finished
26/07/26 05:13:19 INFO DAGScheduler: Job 42 finished: collect at DriverActivationSpec.scala:101, took 289.498512 ms
26/07/26 05:13:19 INFO HashAggregateExec: spark.sql.codegen.aggregate.map.twolevel.enabled is set to true, but current version of codegened fast hashmap does not support this aggregate.
26/07/26 05:13:20 INFO SparkContext: Starting job: collect at DriverActivationSpec.scala:101
26/07/26 05:13:20 INFO DAGScheduler: Registering RDD 304 (collect at DriverActivationSpec.scala:101) as input to shuffle 43
26/07/26 05:13:20 INFO DAGScheduler: Got job 43 (collect at DriverActivationSpec.scala:101) with 2 output partitions
26/07/26 05:13:20 INFO DAGScheduler: Final stage: ResultStage 87 (collect at DriverActivationSpec.scala:101)
26/07/26 05:13:20 INFO DAGScheduler: Parents of final stage: List(ShuffleMapStage 86)
26/07/26 05:13:20 INFO DAGScheduler: Missing parents: List(ShuffleMapStage 86)
26/07/26 05:13:20 INFO DAGScheduler: Missing parents found for ResultStage 87: List(ShuffleMapStage 86)
26/07/26 05:13:20 INFO DAGScheduler: Missing parents found for ShuffleMapStage 86: List()
26/07/26 05:13:20 INFO DAGScheduler: Submitting ShuffleMapStage 86 (MapPartitionsRDD[304] at collect at DriverActivationSpec.scala:101), which has no missing parents
26/07/26 05:13:20 INFO MemoryStore: Block broadcast_86 stored as values in memory (estimated size 31.6 KiB, free 1003.2 MiB)
26/07/26 05:13:20 INFO MemoryStore: Block broadcast_86_piece0 stored as bytes in memory (estimated size 13.9 KiB, free 1003.2 MiB)
26/07/26 05:13:20 INFO SparkContext: Created broadcast 86 from broadcast at DAGScheduler.scala:1686
26/07/26 05:13:20 INFO DAGScheduler: Submitting 2 missing tasks from ShuffleMapStage 86 (MapPartitionsRDD[304] at collect at DriverActivationSpec.scala:101) (first 15 tasks are for partitions Vector(0, 1))
26/07/26 05:13:20 INFO TaskSchedulerImpl: Adding task set 86.0 with 2 tasks resource profile 0
26/07/26 05:13:20 INFO TaskSetManager: Starting task 0.0 in stage 86.0 (TID 172) (ab93cff004a3,executor driver, partition 0, PROCESS_LOCAL, 9971 bytes)
26/07/26 05:13:20 INFO TaskSetManager: Starting task 1.0 in stage 86.0 (TID 173) (ab93cff004a3,executor driver, partition 1, PROCESS_LOCAL, 9971 bytes)
26/07/26 05:13:20 INFO Executor: Running task 0.0 in stage 86.0 (TID 172)
26/07/26 05:13:20 INFO Executor: Running task 1.0 in stage 86.0 (TID 173)
26/07/26 05:13:20 INFO Executor: Finished task 1.0 in stage 86.0 (TID 173). 2294 bytes result sent to driver
26/07/26 05:13:20 INFO Executor: Finished task 0.0 in stage 86.0 (TID 172). 2294 bytes result sent to driver
26/07/26 05:13:20 INFO TaskSetManager: Finished task 0.0 in stage 86.0 (TID 172) in 69 ms on ab93cff004a3 (executor driver) (1/2)
26/07/26 05:13:20 INFO TaskSetManager: Finished task 1.0 in stage 86.0 (TID 173) in 73 ms on ab93cff004a3 (executor driver) (2/2)
26/07/26 05:13:20 INFO DAGScheduler: ShuffleMapStage 86 (collect at DriverActivationSpec.scala:101) finished in 108 ms
26/07/26 05:13:20 INFO DAGScheduler: looking for newly runnable stages
26/07/26 05:13:20 INFO DAGScheduler: running: HashSet()
26/07/26 05:13:20 INFO DAGScheduler: waiting: HashSet(ResultStage 87)
26/07/26 05:13:20 INFO DAGScheduler: failed: HashSet()
26/07/26 05:13:20 INFO DAGScheduler: Missing parents found for ResultStage 87: List()
26/07/26 05:13:20 INFO DAGScheduler: Submitting ResultStage 87 (MapPartitionsRDD[307] at collect at DriverActivationSpec.scala:101), which has no missing parents
26/07/26 05:13:20 INFO TaskSchedulerImpl: Removed TaskSet 86.0 whose tasks have all completed, from pool
26/07/26 05:13:20 INFO MemoryStore: Block broadcast_87 stored as values in memory (estimated size 29.2 KiB, free 1003.1 MiB)
26/07/26 05:13:20 INFO MemoryStore: Block broadcast_87_piece0 stored as bytes in memory (estimated size 13.0 KiB, free 1003.1 MiB)
26/07/26 05:13:20 INFO SparkContext: Created broadcast 87 from broadcast at DAGScheduler.scala:1686
26/07/26 05:13:20 INFO DAGScheduler: Submitting 2 missing tasks from ResultStage 87 (MapPartitionsRDD[307] at collect at DriverActivationSpec.scala:101) (first 15 tasks are for partitions Vector(0, 1))
26/07/26 05:13:20 INFO TaskSchedulerImpl: Adding task set 87.0 with 2 tasks resource profile 0
26/07/26 05:13:20 INFO TaskSetManager: Starting task 0.0 in stage 87.0 (TID 174) (ab93cff004a3,executor driver, partition 0, NODE_LOCAL, 9847 bytes)
26/07/26 05:13:20 INFO TaskSetManager: Starting task 1.0 in stage 87.0 (TID 175) (ab93cff004a3,executor driver, partition 1, NODE_LOCAL, 9847 bytes)
26/07/26 05:13:20 INFO Executor: Running task 0.0 in stage 87.0 (TID 174)
26/07/26 05:13:20 INFO Executor: Running task 1.0 in stage 87.0 (TID 175)
26/07/26 05:13:20 INFO ShuffleBlockFetcherIterator: Getting 2 (456.0 B) non-empty blocks including 2 (456.0 B) local and 0 (0.0 B) host-local and 0 (0.0 B) push-merged-local and 0 (0.0 B) remote blocks
26/07/26 05:13:20 INFO ShuffleBlockFetcherIterator: Started 0 remote fetches in 1 ms
26/07/26 05:13:20 INFO ShuffleBlockFetcherIterator: Getting 2 (608.0 B) non-empty blocks including 2 (608.0 B) local and 0 (0.0 B) host-local and 0 (0.0 B) push-merged-local and 0 (0.0 B) remote blocks
26/07/26 05:13:20 INFO ShuffleBlockFetcherIterator: Started 0 remote fetches in 0 ms
26/07/26 05:13:20 INFO Executor: Finished task 1.0 in stage 87.0 (TID 175). 4849 bytes result sent to driver
26/07/26 05:13:20 INFO Executor: Finished task 0.0 in stage 87.0 (TID 174). 4944 bytes result sent to driver
26/07/26 05:13:20 INFO TaskSetManager: Finished task 1.0 in stage 87.0 (TID 175) in 27 ms on ab93cff004a3 (executor driver) (1/2)
26/07/26 05:13:20 INFO TaskSetManager: Finished task 0.0 in stage 87.0 (TID 174) in 36 ms on ab93cff004a3 (executor driver) (2/2)
26/07/26 05:13:20 INFO TaskSchedulerImpl: Removed TaskSet 87.0 whose tasks have all completed, from pool
26/07/26 05:13:20 INFO DAGScheduler: ResultStage 87 (collect at DriverActivationSpec.scala:101) finished in 64 ms
26/07/26 05:13:20 INFO DAGScheduler: Job 43 is finished. Cancelling potential speculative or zombie tasks for this job
26/07/26 05:13:20 INFO TaskSchedulerImpl: Canceling stage 87
26/07/26 05:13:20 INFO TaskSchedulerImpl: Killing all running tasks in stage 87: Stage finished
26/07/26 05:13:20 INFO DAGScheduler: Job 43 finished: collect at DriverActivationSpec.scala:101, took 192.335522 ms
26/07/26 05:13:20 INFO HashAggregateExec: spark.sql.codegen.aggregate.map.twolevel.enabled is set to true, but current version of codegened fast hashmap does not support this aggregate.
26/07/26 05:13:20 INFO SparkContext: Starting job: collect at DriverActivationSpec.scala:101
26/07/26 05:13:20 INFO DAGScheduler: Registering RDD 311 (collect at DriverActivationSpec.scala:101) as input to shuffle 44
26/07/26 05:13:20 INFO DAGScheduler: Got job 44 (collect at DriverActivationSpec.scala:101) with 2 output partitions
26/07/26 05:13:20 INFO DAGScheduler: Final stage: ResultStage 89 (collect at DriverActivationSpec.scala:101)
26/07/26 05:13:20 INFO DAGScheduler: Parents of final stage: List(ShuffleMapStage 88)
26/07/26 05:13:20 INFO DAGScheduler: Missing parents: List(ShuffleMapStage 88)
26/07/26 05:13:20 INFO DAGScheduler: Missing parents found for ResultStage 89: List(ShuffleMapStage 88)
26/07/26 05:13:20 INFO DAGScheduler: Missing parents found for ShuffleMapStage 88: List()
26/07/26 05:13:20 INFO DAGScheduler: Submitting ShuffleMapStage 88 (MapPartitionsRDD[311] at collect at DriverActivationSpec.scala:101), which has no missing parents
26/07/26 05:13:20 INFO MemoryStore: Block broadcast_88 stored as values in memory (estimated size 31.6 KiB, free 1003.1 MiB)
26/07/26 05:13:20 INFO MemoryStore: Block broadcast_88_piece0 stored as bytes in memory (estimated size 13.9 KiB, free 1003.1 MiB)
26/07/26 05:13:20 INFO SparkContext: Created broadcast 88 from broadcast at DAGScheduler.scala:1686
26/07/26 05:13:20 INFO DAGScheduler: Submitting 2 missing tasks from ShuffleMapStage 88 (MapPartitionsRDD[311] at collect at DriverActivationSpec.scala:101) (first 15 tasks are for partitions Vector(0, 1))
26/07/26 05:13:20 INFO TaskSchedulerImpl: Adding task set 88.0 with 2 tasks resource profile 0
26/07/26 05:13:20 INFO TaskSetManager: Starting task 0.0 in stage 88.0 (TID 176) (ab93cff004a3,executor driver, partition 0, PROCESS_LOCAL, 9971 bytes)
26/07/26 05:13:20 INFO TaskSetManager: Starting task 1.0 in stage 88.0 (TID 177) (ab93cff004a3,executor driver, partition 1, PROCESS_LOCAL, 9971 bytes)
26/07/26 05:13:20 INFO Executor: Running task 1.0 in stage 88.0 (TID 177)
26/07/26 05:13:20 INFO Executor: Running task 0.0 in stage 88.0 (TID 176)
26/07/26 05:13:20 INFO Executor: Finished task 1.0 in stage 88.0 (TID 177). 2294 bytes result sent to driver
26/07/26 05:13:20 INFO TaskSetManager: Finished task 1.0 in stage 88.0 (TID 177) in 42 ms on ab93cff004a3 (executor driver) (1/2)
26/07/26 05:13:20 INFO Executor: Finished task 0.0 in stage 88.0 (TID 176). 2294 bytes result sent to driver
26/07/26 05:13:20 INFO TaskSetManager: Finished task 0.0 in stage 88.0 (TID 176) in 58 ms on ab93cff004a3 (executor driver) (2/2)
26/07/26 05:13:20 INFO DAGScheduler: ShuffleMapStage 88 (collect at DriverActivationSpec.scala:101) finished in 73 ms
26/07/26 05:13:20 INFO DAGScheduler: looking for newly runnable stages
26/07/26 05:13:20 INFO DAGScheduler: running: HashSet()
26/07/26 05:13:20 INFO DAGScheduler: waiting: HashSet(ResultStage 89)
26/07/26 05:13:20 INFO DAGScheduler: failed: HashSet()
26/07/26 05:13:20 INFO DAGScheduler: Missing parents found for ResultStage 89: List()
26/07/26 05:13:20 INFO DAGScheduler: Submitting ResultStage 89 (MapPartitionsRDD[314] at collect at DriverActivationSpec.scala:101), which has no missing parents
26/07/26 05:13:20 INFO TaskSchedulerImpl: Removed TaskSet 88.0 whose tasks have all completed, from pool
26/07/26 05:13:20 INFO MemoryStore: Block broadcast_89 stored as values in memory (estimated size 29.2 KiB, free 1003.0 MiB)
26/07/26 05:13:20 INFO MemoryStore: Block broadcast_89_piece0 stored as bytes in memory (estimated size 13.0 KiB, free 1003.0 MiB)
26/07/26 05:13:20 INFO SparkContext: Created broadcast 89 from broadcast at DAGScheduler.scala:1686
26/07/26 05:13:20 INFO DAGScheduler: Submitting 2 missing tasks from ResultStage 89 (MapPartitionsRDD[314] at collect at DriverActivationSpec.scala:101) (first 15 tasks are for partitions Vector(0, 1))
26/07/26 05:13:20 INFO TaskSchedulerImpl: Adding task set 89.0 with 2 tasks resource profile 0
26/07/26 05:13:20 INFO TaskSetManager: Starting task 0.0 in stage 89.0 (TID 178) (ab93cff004a3,executor driver, partition 0, NODE_LOCAL, 9847 bytes)
26/07/26 05:13:20 INFO TaskSetManager: Starting task 1.0 in stage 89.0 (TID 179) (ab93cff004a3,executor driver, partition 1, NODE_LOCAL, 9847 bytes)
26/07/26 05:13:20 INFO Executor: Running task 1.0 in stage 89.0 (TID 179)
26/07/26 05:13:20 INFO Executor: Running task 0.0 in stage 89.0 (TID 178)
26/07/26 05:13:20 INFO ShuffleBlockFetcherIterator: Getting 2 (456.0 B) non-empty blocks including 2 (456.0 B) local and 0 (0.0 B) host-local and 0 (0.0 B) push-merged-local and 0 (0.0 B) remote blocks
26/07/26 05:13:20 INFO ShuffleBlockFetcherIterator: Getting 2 (608.0 B) non-empty blocks including 2 (608.0 B) local and 0 (0.0 B) host-local and 0 (0.0 B) push-merged-local and 0 (0.0 B) remote blocks
26/07/26 05:13:20 INFO ShuffleBlockFetcherIterator: Started 0 remote fetches in 0 ms
26/07/26 05:13:20 INFO ShuffleBlockFetcherIterator: Started 0 remote fetches in 0 ms
26/07/26 05:13:20 INFO Executor: Finished task 1.0 in stage 89.0 (TID 179). 4849 bytes result sent to driver
26/07/26 05:13:20 INFO Executor: Finished task 0.0 in stage 89.0 (TID 178). 4944 bytes result sent to driver
26/07/26 05:13:20 INFO TaskSetManager: Finished task 1.0 in stage 89.0 (TID 179) in 24 ms on ab93cff004a3 (executor driver) (1/2)
26/07/26 05:13:20 INFO TaskSetManager: Finished task 0.0 in stage 89.0 (TID 178) in 26 ms on ab93cff004a3 (executor driver) (2/2)
26/07/26 05:13:20 INFO TaskSchedulerImpl: Removed TaskSet 89.0 whose tasks have all completed, from pool
26/07/26 05:13:20 INFO DAGScheduler: ResultStage 89 (collect at DriverActivationSpec.scala:101) finished in 44 ms
26/07/26 05:13:20 INFO DAGScheduler: Job 44 is finished. Cancelling potential speculative or zombie tasks for this job
26/07/26 05:13:20 INFO TaskSchedulerImpl: Canceling stage 89
26/07/26 05:13:20 INFO TaskSchedulerImpl: Killing all running tasks in stage 89: Stage finished
26/07/26 05:13:20 INFO DAGScheduler: Job 44 finished: collect at DriverActivationSpec.scala:101, took 133.776958 ms
26/07/26 05:13:20 INFO HashAggregateExec: spark.sql.codegen.aggregate.map.twolevel.enabled is set to true, but current version of codegened fast hashmap does not support this aggregate.
26/07/26 05:13:20 INFO SparkContext: Starting job: collect at DriverActivationSpec.scala:101
26/07/26 05:13:20 INFO DAGScheduler: Registering RDD 318 (collect at DriverActivationSpec.scala:101) as input to shuffle 45
26/07/26 05:13:20 INFO DAGScheduler: Got job 45 (collect at DriverActivationSpec.scala:101) with 2 output partitions
26/07/26 05:13:20 INFO DAGScheduler: Final stage: ResultStage 91 (collect at DriverActivationSpec.scala:101)
26/07/26 05:13:20 INFO DAGScheduler: Parents of final stage: List(ShuffleMapStage 90)
26/07/26 05:13:20 INFO DAGScheduler: Missing parents: List(ShuffleMapStage 90)
26/07/26 05:13:20 INFO DAGScheduler: Missing parents found for ResultStage 91: List(ShuffleMapStage 90)
26/07/26 05:13:20 INFO DAGScheduler: Missing parents found for ShuffleMapStage 90: List()
26/07/26 05:13:20 INFO DAGScheduler: Submitting ShuffleMapStage 90 (MapPartitionsRDD[318] at collect at DriverActivationSpec.scala:101), which has no missing parents
26/07/26 05:13:20 INFO MemoryStore: Block broadcast_90 stored as values in memory (estimated size 31.6 KiB, free 1003.0 MiB)
26/07/26 05:13:20 INFO MemoryStore: Block broadcast_90_piece0 stored as bytes in memory (estimated size 13.9 KiB, free 1003.0 MiB)
26/07/26 05:13:20 INFO SparkContext: Created broadcast 90 from broadcast at DAGScheduler.scala:1686
26/07/26 05:13:20 INFO DAGScheduler: Submitting 2 missing tasks from ShuffleMapStage 90 (MapPartitionsRDD[318] at collect at DriverActivationSpec.scala:101) (first 15 tasks are for partitions Vector(0, 1))
26/07/26 05:13:20 INFO TaskSchedulerImpl: Adding task set 90.0 with 2 tasks resource profile 0
26/07/26 05:13:20 INFO TaskSetManager: Starting task 0.0 in stage 90.0 (TID 180) (ab93cff004a3,executor driver, partition 0, PROCESS_LOCAL, 9971 bytes)
26/07/26 05:13:20 INFO TaskSetManager: Starting task 1.0 in stage 90.0 (TID 181) (ab93cff004a3,executor driver, partition 1, PROCESS_LOCAL, 9971 bytes)
26/07/26 05:13:20 INFO Executor: Running task 0.0 in stage 90.0 (TID 180)
26/07/26 05:13:20 INFO Executor: Running task 1.0 in stage 90.0 (TID 181)
26/07/26 05:13:20 INFO Executor: Finished task 0.0 in stage 90.0 (TID 180). 2294 bytes result sent to driver
26/07/26 05:13:20 INFO TaskSetManager: Finished task 0.0 in stage 90.0 (TID 180) in 49 ms on ab93cff004a3 (executor driver) (1/2)
26/07/26 05:13:20 INFO Executor: Finished task 1.0 in stage 90.0 (TID 181). 2294 bytes result sent to driver
26/07/26 05:13:20 INFO TaskSetManager: Finished task 1.0 in stage 90.0 (TID 181) in 56 ms on ab93cff004a3 (executor driver) (2/2)
26/07/26 05:13:20 INFO TaskSchedulerImpl: Removed TaskSet 90.0 whose tasks have all completed, from pool
26/07/26 05:13:20 INFO DAGScheduler: ShuffleMapStage 90 (collect at DriverActivationSpec.scala:101) finished in 81 ms
26/07/26 05:13:20 INFO DAGScheduler: looking for newly runnable stages
26/07/26 05:13:20 INFO DAGScheduler: running: HashSet()
26/07/26 05:13:20 INFO DAGScheduler: waiting: HashSet(ResultStage 91)
26/07/26 05:13:20 INFO DAGScheduler: failed: HashSet()
26/07/26 05:13:20 INFO DAGScheduler: Missing parents found for ResultStage 91: List()
26/07/26 05:13:20 INFO DAGScheduler: Submitting ResultStage 91 (MapPartitionsRDD[321] at collect at DriverActivationSpec.scala:101), which has no missing parents
26/07/26 05:13:20 INFO MemoryStore: Block broadcast_91 stored as values in memory (estimated size 29.2 KiB, free 1003.0 MiB)
26/07/26 05:13:20 INFO MemoryStore: Block broadcast_91_piece0 stored as bytes in memory (estimated size 13.0 KiB, free 1002.9 MiB)
26/07/26 05:13:20 INFO SparkContext: Created broadcast 91 from broadcast at DAGScheduler.scala:1686
26/07/26 05:13:20 INFO DAGScheduler: Submitting 2 missing tasks from ResultStage 91 (MapPartitionsRDD[321] at collect at DriverActivationSpec.scala:101) (first 15 tasks are for partitions Vector(0, 1))
26/07/26 05:13:20 INFO TaskSchedulerImpl: Adding task set 91.0 with 2 tasks resource profile 0
26/07/26 05:13:20 INFO TaskSetManager: Starting task 0.0 in stage 91.0 (TID 182) (ab93cff004a3,executor driver, partition 0, NODE_LOCAL, 9847 bytes)
26/07/26 05:13:20 INFO TaskSetManager: Starting task 1.0 in stage 91.0 (TID 183) (ab93cff004a3,executor driver, partition 1, NODE_LOCAL, 9847 bytes)
26/07/26 05:13:20 INFO Executor: Running task 0.0 in stage 91.0 (TID 182)
26/07/26 05:13:20 INFO Executor: Running task 1.0 in stage 91.0 (TID 183)
26/07/26 05:13:20 INFO ShuffleBlockFetcherIterator: Getting 2 (456.0 B) non-empty blocks including 2 (456.0 B) local and 0 (0.0 B) host-local and 0 (0.0 B) push-merged-local and 0 (0.0 B) remote blocks
26/07/26 05:13:20 INFO ShuffleBlockFetcherIterator: Started 0 remote fetches in 1 ms
26/07/26 05:13:20 INFO ShuffleBlockFetcherIterator: Getting 2 (608.0 B) non-empty blocks including 2 (608.0 B) local and 0 (0.0 B) host-local and 0 (0.0 B) push-merged-local and 0 (0.0 B) remote blocks
26/07/26 05:13:20 INFO ShuffleBlockFetcherIterator: Started 0 remote fetches in 1 ms
26/07/26 05:13:20 INFO Executor: Finished task 0.0 in stage 91.0 (TID 182). 4944 bytes result sent to driver
26/07/26 05:13:20 INFO TaskSetManager: Finished task 0.0 in stage 91.0 (TID 182) in 22 ms on ab93cff004a3 (executor driver) (1/2)
26/07/26 05:13:20 INFO Executor: Finished task 1.0 in stage 91.0 (TID 183). 4892 bytes result sent to driver
26/07/26 05:13:20 INFO TaskSetManager: Finished task 1.0 in stage 91.0 (TID 183) in 46 ms on ab93cff004a3 (executor driver) (2/2)
26/07/26 05:13:20 INFO TaskSchedulerImpl: Removed TaskSet 91.0 whose tasks have all completed, from pool
26/07/26 05:13:20 INFO DAGScheduler: ResultStage 91 (collect at DriverActivationSpec.scala:101) finished in 69 ms
26/07/26 05:13:20 INFO DAGScheduler: Job 45 is finished. Cancelling potential speculative or zombie tasks for this job
26/07/26 05:13:20 INFO TaskSchedulerImpl: Canceling stage 91
26/07/26 05:13:20 INFO TaskSchedulerImpl: Killing all running tasks in stage 91: Stage finished
26/07/26 05:13:20 INFO DAGScheduler: Job 45 finished: collect at DriverActivationSpec.scala:101, took 159.252206 ms
26/07/26 05:13:20 INFO HashAggregateExec: spark.sql.codegen.aggregate.map.twolevel.enabled is set to true, but current version of codegened fast hashmap does not support this aggregate.
26/07/26 05:13:21 INFO SparkContext: Starting job: collect at DriverActivationSpec.scala:101
26/07/26 05:13:21 INFO DAGScheduler: Registering RDD 325 (collect at DriverActivationSpec.scala:101) as input to shuffle 46
26/07/26 05:13:21 INFO DAGScheduler: Got job 46 (collect at DriverActivationSpec.scala:101) with 2 output partitions
26/07/26 05:13:21 INFO DAGScheduler: Final stage: ResultStage 93 (collect at DriverActivationSpec.scala:101)
26/07/26 05:13:21 INFO DAGScheduler: Parents of final stage: List(ShuffleMapStage 92)
26/07/26 05:13:21 INFO DAGScheduler: Missing parents: List(ShuffleMapStage 92)
26/07/26 05:13:21 INFO DAGScheduler: Missing parents found for ResultStage 93: List(ShuffleMapStage 92)
26/07/26 05:13:21 INFO DAGScheduler: Missing parents found for ShuffleMapStage 92: List()
26/07/26 05:13:21 INFO DAGScheduler: Submitting ShuffleMapStage 92 (MapPartitionsRDD[325] at collect at DriverActivationSpec.scala:101), which has no missing parents
26/07/26 05:13:21 INFO MemoryStore: Block broadcast_92 stored as values in memory (estimated size 31.6 KiB, free 1002.9 MiB)
26/07/26 05:13:21 INFO MemoryStore: Block broadcast_92_piece0 stored as bytes in memory (estimated size 13.9 KiB, free 1002.9 MiB)
26/07/26 05:13:21 INFO SparkContext: Created broadcast 92 from broadcast at DAGScheduler.scala:1686
26/07/26 05:13:21 INFO DAGScheduler: Submitting 2 missing tasks from ShuffleMapStage 92 (MapPartitionsRDD[325] at collect at DriverActivationSpec.scala:101) (first 15 tasks are for partitions Vector(0, 1))
26/07/26 05:13:21 INFO TaskSchedulerImpl: Adding task set 92.0 with 2 tasks resource profile 0
26/07/26 05:13:21 INFO TaskSetManager: Starting task 0.0 in stage 92.0 (TID 184) (ab93cff004a3,executor driver, partition 0, PROCESS_LOCAL, 9971 bytes)
26/07/26 05:13:21 INFO TaskSetManager: Starting task 1.0 in stage 92.0 (TID 185) (ab93cff004a3,executor driver, partition 1, PROCESS_LOCAL, 9971 bytes)
26/07/26 05:13:21 INFO Executor: Running task 1.0 in stage 92.0 (TID 185)
26/07/26 05:13:21 INFO Executor: Running task 0.0 in stage 92.0 (TID 184)
26/07/26 05:13:21 INFO Executor: Finished task 0.0 in stage 92.0 (TID 184). 2294 bytes result sent to driver
26/07/26 05:13:21 INFO TaskSetManager: Finished task 0.0 in stage 92.0 (TID 184) in 62 ms on ab93cff004a3 (executor driver) (1/2)
26/07/26 05:13:21 INFO Executor: Finished task 1.0 in stage 92.0 (TID 185). 2337 bytes result sent to driver
26/07/26 05:13:21 INFO TaskSetManager: Finished task 1.0 in stage 92.0 (TID 185) in 79 ms on ab93cff004a3 (executor driver) (2/2)
26/07/26 05:13:21 INFO TaskSchedulerImpl: Removed TaskSet 92.0 whose tasks have all completed, from pool
26/07/26 05:13:21 INFO DAGScheduler: ShuffleMapStage 92 (collect at DriverActivationSpec.scala:101) finished in 119 ms
26/07/26 05:13:21 INFO DAGScheduler: looking for newly runnable stages
26/07/26 05:13:21 INFO DAGScheduler: running: HashSet()
26/07/26 05:13:21 INFO DAGScheduler: waiting: HashSet(ResultStage 93)
26/07/26 05:13:21 INFO DAGScheduler: failed: HashSet()
26/07/26 05:13:21 INFO DAGScheduler: Missing parents found for ResultStage 93: List()
26/07/26 05:13:21 INFO DAGScheduler: Submitting ResultStage 93 (MapPartitionsRDD[328] at collect at DriverActivationSpec.scala:101), which has no missing parents
26/07/26 05:13:21 INFO MemoryStore: Block broadcast_93 stored as values in memory (estimated size 29.2 KiB, free 1002.9 MiB)
26/07/26 05:13:21 INFO MemoryStore: Block broadcast_93_piece0 stored as bytes in memory (estimated size 13.0 KiB, free 1002.9 MiB)
26/07/26 05:13:21 INFO SparkContext: Created broadcast 93 from broadcast at DAGScheduler.scala:1686
26/07/26 05:13:21 INFO DAGScheduler: Submitting 2 missing tasks from ResultStage 93 (MapPartitionsRDD[328] at collect at DriverActivationSpec.scala:101) (first 15 tasks are for partitions Vector(0, 1))
26/07/26 05:13:21 INFO TaskSchedulerImpl: Adding task set 93.0 with 2 tasks resource profile 0
26/07/26 05:13:21 INFO TaskSetManager: Starting task 0.0 in stage 93.0 (TID 186) (ab93cff004a3,executor driver, partition 0, NODE_LOCAL, 9847 bytes)
26/07/26 05:13:21 INFO TaskSetManager: Starting task 1.0 in stage 93.0 (TID 187) (ab93cff004a3,executor driver, partition 1, NODE_LOCAL, 9847 bytes)
26/07/26 05:13:21 INFO Executor: Running task 0.0 in stage 93.0 (TID 186)
26/07/26 05:13:21 INFO Executor: Running task 1.0 in stage 93.0 (TID 187)
26/07/26 05:13:21 INFO ShuffleBlockFetcherIterator: Getting 2 (608.0 B) non-empty blocks including 2 (608.0 B) local and 0 (0.0 B) host-local and 0 (0.0 B) push-merged-local and 0 (0.0 B) remote blocks
26/07/26 05:13:21 INFO ShuffleBlockFetcherIterator: Getting 2 (456.0 B) non-empty blocks including 2 (456.0 B) local and 0 (0.0 B) host-local and 0 (0.0 B) push-merged-local and 0 (0.0 B) remote blocks
26/07/26 05:13:21 INFO ShuffleBlockFetcherIterator: Started 0 remote fetches in 6 ms
26/07/26 05:13:21 INFO ShuffleBlockFetcherIterator: Started 0 remote fetches in 2 ms
26/07/26 05:13:21 INFO Executor: Finished task 1.0 in stage 93.0 (TID 187). 4849 bytes result sent to driver
26/07/26 05:13:21 INFO TaskSetManager: Finished task 1.0 in stage 93.0 (TID 187) in 58 ms on ab93cff004a3 (executor driver) (1/2)
26/07/26 05:13:21 INFO Executor: Finished task 0.0 in stage 93.0 (TID 186). 4944 bytes result sent to driver
26/07/26 05:13:21 INFO TaskSetManager: Finished task 0.0 in stage 93.0 (TID 186) in 73 ms on ab93cff004a3 (executor driver) (2/2)
26/07/26 05:13:21 INFO TaskSchedulerImpl: Removed TaskSet 93.0 whose tasks have all completed, from pool
26/07/26 05:13:21 INFO DAGScheduler: ResultStage 93 (collect at DriverActivationSpec.scala:101) finished in 117 ms
26/07/26 05:13:21 INFO DAGScheduler: Job 46 is finished. Cancelling potential speculative or zombie tasks for this job
26/07/26 05:13:21 INFO TaskSchedulerImpl: Canceling stage 93
26/07/26 05:13:21 INFO TaskSchedulerImpl: Killing all running tasks in stage 93: Stage finished
26/07/26 05:13:21 INFO DAGScheduler: Job 46 finished: collect at DriverActivationSpec.scala:101, took 263.195908 ms
26/07/26 05:13:21 INFO HashAggregateExec: spark.sql.codegen.aggregate.map.twolevel.enabled is set to true, but current version of codegened fast hashmap does not support this aggregate.
26/07/26 05:13:21 INFO SparkContext: Starting job: collect at DriverActivationSpec.scala:101
26/07/26 05:13:21 INFO DAGScheduler: Registering RDD 332 (collect at DriverActivationSpec.scala:101) as input to shuffle 47
26/07/26 05:13:21 INFO DAGScheduler: Got job 47 (collect at DriverActivationSpec.scala:101) with 2 output partitions
26/07/26 05:13:21 INFO DAGScheduler: Final stage: ResultStage 95 (collect at DriverActivationSpec.scala:101)
26/07/26 05:13:21 INFO DAGScheduler: Parents of final stage: List(ShuffleMapStage 94)
26/07/26 05:13:21 INFO DAGScheduler: Missing parents: List(ShuffleMapStage 94)
26/07/26 05:13:21 INFO DAGScheduler: Missing parents found for ResultStage 95: List(ShuffleMapStage 94)
26/07/26 05:13:21 INFO DAGScheduler: Missing parents found for ShuffleMapStage 94: List()
26/07/26 05:13:21 INFO DAGScheduler: Submitting ShuffleMapStage 94 (MapPartitionsRDD[332] at collect at DriverActivationSpec.scala:101), which has no missing parents
26/07/26 05:13:21 INFO MemoryStore: Block broadcast_94 stored as values in memory (estimated size 31.6 KiB, free 1002.8 MiB)
26/07/26 05:13:21 INFO MemoryStore: Block broadcast_94_piece0 stored as bytes in memory (estimated size 13.9 KiB, free 1002.8 MiB)
26/07/26 05:13:21 INFO SparkContext: Created broadcast 94 from broadcast at DAGScheduler.scala:1686
26/07/26 05:13:21 INFO DAGScheduler: Submitting 2 missing tasks from ShuffleMapStage 94 (MapPartitionsRDD[332] at collect at DriverActivationSpec.scala:101) (first 15 tasks are for partitions Vector(0, 1))
26/07/26 05:13:21 INFO TaskSchedulerImpl: Adding task set 94.0 with 2 tasks resource profile 0
26/07/26 05:13:21 INFO TaskSetManager: Starting task 0.0 in stage 94.0 (TID 188) (ab93cff004a3,executor driver, partition 0, PROCESS_LOCAL, 9971 bytes)
26/07/26 05:13:21 INFO TaskSetManager: Starting task 1.0 in stage 94.0 (TID 189) (ab93cff004a3,executor driver, partition 1, PROCESS_LOCAL, 9971 bytes)
26/07/26 05:13:21 INFO Executor: Running task 1.0 in stage 94.0 (TID 189)
26/07/26 05:13:21 INFO Executor: Running task 0.0 in stage 94.0 (TID 188)
26/07/26 05:13:21 INFO Executor: Finished task 1.0 in stage 94.0 (TID 189). 2294 bytes result sent to driver
26/07/26 05:13:21 INFO TaskSetManager: Finished task 1.0 in stage 94.0 (TID 189) in 30 ms on ab93cff004a3 (executor driver) (1/2)
26/07/26 05:13:21 INFO Executor: Finished task 0.0 in stage 94.0 (TID 188). 2337 bytes result sent to driver
26/07/26 05:13:21 INFO TaskSetManager: Finished task 0.0 in stage 94.0 (TID 188) in 41 ms on ab93cff004a3 (executor driver) (2/2)
26/07/26 05:13:21 INFO DAGScheduler: ShuffleMapStage 94 (collect at DriverActivationSpec.scala:101) finished in 63 ms
26/07/26 05:13:21 INFO DAGScheduler: looking for newly runnable stages
26/07/26 05:13:21 INFO DAGScheduler: running: HashSet()
26/07/26 05:13:21 INFO DAGScheduler: waiting: HashSet(ResultStage 95)
26/07/26 05:13:21 INFO DAGScheduler: failed: HashSet()
26/07/26 05:13:21 INFO DAGScheduler: Missing parents found for ResultStage 95: List()
26/07/26 05:13:21 INFO DAGScheduler: Submitting ResultStage 95 (MapPartitionsRDD[335] at collect at DriverActivationSpec.scala:101), which has no missing parents
26/07/26 05:13:21 INFO TaskSchedulerImpl: Removed TaskSet 94.0 whose tasks have all completed, from pool
26/07/26 05:13:21 INFO MemoryStore: Block broadcast_95 stored as values in memory (estimated size 29.2 KiB, free 1002.8 MiB)
26/07/26 05:13:21 INFO MemoryStore: Block broadcast_95_piece0 stored as bytes in memory (estimated size 13.0 KiB, free 1002.8 MiB)
26/07/26 05:13:21 INFO SparkContext: Created broadcast 95 from broadcast at DAGScheduler.scala:1686
26/07/26 05:13:21 INFO DAGScheduler: Submitting 2 missing tasks from ResultStage 95 (MapPartitionsRDD[335] at collect at DriverActivationSpec.scala:101) (first 15 tasks are for partitions Vector(0, 1))
26/07/26 05:13:21 INFO TaskSchedulerImpl: Adding task set 95.0 with 2 tasks resource profile 0
26/07/26 05:13:21 INFO TaskSetManager: Starting task 0.0 in stage 95.0 (TID 190) (ab93cff004a3,executor driver, partition 0, NODE_LOCAL, 9847 bytes)
26/07/26 05:13:21 INFO TaskSetManager: Starting task 1.0 in stage 95.0 (TID 191) (ab93cff004a3,executor driver, partition 1, NODE_LOCAL, 9847 bytes)
26/07/26 05:13:21 INFO Executor: Running task 1.0 in stage 95.0 (TID 191)
26/07/26 05:13:21 INFO Executor: Running task 0.0 in stage 95.0 (TID 190)
26/07/26 05:13:21 INFO ShuffleBlockFetcherIterator: Getting 2 (456.0 B) non-empty blocks including 2 (456.0 B) local and 0 (0.0 B) host-local and 0 (0.0 B) push-merged-local and 0 (0.0 B) remote blocks
26/07/26 05:13:21 INFO ShuffleBlockFetcherIterator: Started 0 remote fetches in 1 ms
26/07/26 05:13:21 INFO ShuffleBlockFetcherIterator: Getting 2 (608.0 B) non-empty blocks including 2 (608.0 B) local and 0 (0.0 B) host-local and 0 (0.0 B) push-merged-local and 0 (0.0 B) remote blocks
26/07/26 05:13:21 INFO ShuffleBlockFetcherIterator: Started 0 remote fetches in 13 ms
26/07/26 05:13:21 INFO Executor: Finished task 1.0 in stage 95.0 (TID 191). 4849 bytes result sent to driver
26/07/26 05:13:21 INFO TaskSetManager: Finished task 1.0 in stage 95.0 (TID 191) in 39 ms on ab93cff004a3 (executor driver) (1/2)
26/07/26 05:13:21 INFO Executor: Finished task 0.0 in stage 95.0 (TID 190). 4987 bytes result sent to driver
26/07/26 05:13:21 INFO TaskSetManager: Finished task 0.0 in stage 95.0 (TID 190) in 74 ms on ab93cff004a3 (executor driver) (2/2)
26/07/26 05:13:21 INFO TaskSchedulerImpl: Removed TaskSet 95.0 whose tasks have all completed, from pool
26/07/26 05:13:21 INFO DAGScheduler: ResultStage 95 (collect at DriverActivationSpec.scala:101) finished in 97 ms
26/07/26 05:13:21 INFO DAGScheduler: Job 47 is finished. Cancelling potential speculative or zombie tasks for this job
26/07/26 05:13:21 INFO TaskSchedulerImpl: Canceling stage 95
26/07/26 05:13:21 INFO TaskSchedulerImpl: Killing all running tasks in stage 95: Stage finished
26/07/26 05:13:21 INFO DAGScheduler: Job 47 finished: collect at DriverActivationSpec.scala:101, took 183.068737 ms
26/07/26 05:13:21 INFO HashAggregateExec: spark.sql.codegen.aggregate.map.twolevel.enabled is set to true, but current version of codegened fast hashmap does not support this aggregate.
26/07/26 05:13:22 INFO SparkContext: Starting job: collect at DriverActivationSpec.scala:101
26/07/26 05:13:22 INFO DAGScheduler: Registering RDD 339 (collect at DriverActivationSpec.scala:101) as input to shuffle 48
26/07/26 05:13:22 INFO DAGScheduler: Got job 48 (collect at DriverActivationSpec.scala:101) with 2 output partitions
26/07/26 05:13:22 INFO DAGScheduler: Final stage: ResultStage 97 (collect at DriverActivationSpec.scala:101)
26/07/26 05:13:22 INFO DAGScheduler: Parents of final stage: List(ShuffleMapStage 96)
26/07/26 05:13:22 INFO DAGScheduler: Missing parents: List(ShuffleMapStage 96)
26/07/26 05:13:22 INFO DAGScheduler: Missing parents found for ResultStage 97: List(ShuffleMapStage 96)
26/07/26 05:13:22 INFO DAGScheduler: Missing parents found for ShuffleMapStage 96: List()
26/07/26 05:13:22 INFO DAGScheduler: Submitting ShuffleMapStage 96 (MapPartitionsRDD[339] at collect at DriverActivationSpec.scala:101), which has no missing parents
26/07/26 05:13:22 INFO MemoryStore: Block broadcast_96 stored as values in memory (estimated size 31.6 KiB, free 1002.7 MiB)
26/07/26 05:13:22 INFO MemoryStore: Block broadcast_96_piece0 stored as bytes in memory (estimated size 13.9 KiB, free 1002.7 MiB)
26/07/26 05:13:22 INFO SparkContext: Created broadcast 96 from broadcast at DAGScheduler.scala:1686
26/07/26 05:13:22 INFO DAGScheduler: Submitting 2 missing tasks from ShuffleMapStage 96 (MapPartitionsRDD[339] at collect at DriverActivationSpec.scala:101) (first 15 tasks are for partitions Vector(0, 1))
26/07/26 05:13:22 INFO TaskSchedulerImpl: Adding task set 96.0 with 2 tasks resource profile 0
26/07/26 05:13:22 INFO TaskSetManager: Starting task 0.0 in stage 96.0 (TID 192) (ab93cff004a3,executor driver, partition 0, PROCESS_LOCAL, 9971 bytes)
26/07/26 05:13:22 INFO TaskSetManager: Starting task 1.0 in stage 96.0 (TID 193) (ab93cff004a3,executor driver, partition 1, PROCESS_LOCAL, 9971 bytes)
26/07/26 05:13:22 INFO Executor: Running task 0.0 in stage 96.0 (TID 192)
26/07/26 05:13:22 INFO Executor: Running task 1.0 in stage 96.0 (TID 193)
26/07/26 05:13:22 INFO Executor: Finished task 0.0 in stage 96.0 (TID 192). 2294 bytes result sent to driver
26/07/26 05:13:22 INFO Executor: Finished task 1.0 in stage 96.0 (TID 193). 2337 bytes result sent to driver
26/07/26 05:13:22 INFO TaskSetManager: Finished task 1.0 in stage 96.0 (TID 193) in 21 ms on ab93cff004a3 (executor driver) (1/2)
26/07/26 05:13:22 INFO TaskSetManager: Finished task 0.0 in stage 96.0 (TID 192) in 26 ms on ab93cff004a3 (executor driver) (2/2)
26/07/26 05:13:22 INFO DAGScheduler: ShuffleMapStage 96 (collect at DriverActivationSpec.scala:101) finished in 44 ms
26/07/26 05:13:22 INFO DAGScheduler: looking for newly runnable stages
26/07/26 05:13:22 INFO DAGScheduler: running: HashSet()
26/07/26 05:13:22 INFO DAGScheduler: waiting: HashSet(ResultStage 97)
26/07/26 05:13:22 INFO DAGScheduler: failed: HashSet()
26/07/26 05:13:22 INFO DAGScheduler: Missing parents found for ResultStage 97: List()
26/07/26 05:13:22 INFO DAGScheduler: Submitting ResultStage 97 (MapPartitionsRDD[342] at collect at DriverActivationSpec.scala:101), which has no missing parents
26/07/26 05:13:22 INFO TaskSchedulerImpl: Removed TaskSet 96.0 whose tasks have all completed, from pool
26/07/26 05:13:22 INFO MemoryStore: Block broadcast_97 stored as values in memory (estimated size 29.2 KiB, free 1002.7 MiB)
26/07/26 05:13:22 INFO MemoryStore: Block broadcast_97_piece0 stored as bytes in memory (estimated size 13.0 KiB, free 1002.7 MiB)
26/07/26 05:13:22 INFO SparkContext: Created broadcast 97 from broadcast at DAGScheduler.scala:1686
26/07/26 05:13:22 INFO DAGScheduler: Submitting 2 missing tasks from ResultStage 97 (MapPartitionsRDD[342] at collect at DriverActivationSpec.scala:101) (first 15 tasks are for partitions Vector(0, 1))
26/07/26 05:13:22 INFO TaskSchedulerImpl: Adding task set 97.0 with 2 tasks resource profile 0
26/07/26 05:13:22 INFO TaskSetManager: Starting task 0.0 in stage 97.0 (TID 194) (ab93cff004a3,executor driver, partition 0, NODE_LOCAL, 9847 bytes)
26/07/26 05:13:22 INFO TaskSetManager: Starting task 1.0 in stage 97.0 (TID 195) (ab93cff004a3,executor driver, partition 1, NODE_LOCAL, 9847 bytes)
26/07/26 05:13:22 INFO Executor: Running task 0.0 in stage 97.0 (TID 194)
26/07/26 05:13:22 INFO Executor: Running task 1.0 in stage 97.0 (TID 195)
26/07/26 05:13:22 INFO ShuffleBlockFetcherIterator: Getting 2 (456.0 B) non-empty blocks including 2 (456.0 B) local and 0 (0.0 B) host-local and 0 (0.0 B) push-merged-local and 0 (0.0 B) remote blocks
26/07/26 05:13:22 INFO ShuffleBlockFetcherIterator: Getting 2 (608.0 B) non-empty blocks including 2 (608.0 B) local and 0 (0.0 B) host-local and 0 (0.0 B) push-merged-local and 0 (0.0 B) remote blocks
26/07/26 05:13:22 INFO ShuffleBlockFetcherIterator: Started 0 remote fetches in 2 ms
26/07/26 05:13:22 INFO ShuffleBlockFetcherIterator: Started 0 remote fetches in 4 ms
26/07/26 05:13:22 INFO Executor: Finished task 0.0 in stage 97.0 (TID 194). 4987 bytes result sent to driver
26/07/26 05:13:22 INFO Executor: Finished task 1.0 in stage 97.0 (TID 195). 4892 bytes result sent to driver
26/07/26 05:13:22 INFO TaskSetManager: Finished task 0.0 in stage 97.0 (TID 194) in 50 ms on ab93cff004a3 (executor driver) (1/2)
26/07/26 05:13:22 INFO TaskSetManager: Finished task 1.0 in stage 97.0 (TID 195) in 51 ms on ab93cff004a3 (executor driver) (2/2)
26/07/26 05:13:22 INFO TaskSchedulerImpl: Removed TaskSet 97.0 whose tasks have all completed, from pool
26/07/26 05:13:22 INFO DAGScheduler: ResultStage 97 (collect at DriverActivationSpec.scala:101) finished in 67 ms
26/07/26 05:13:22 INFO DAGScheduler: Job 48 is finished. Cancelling potential speculative or zombie tasks for this job
26/07/26 05:13:22 INFO TaskSchedulerImpl: Canceling stage 97
26/07/26 05:13:22 INFO TaskSchedulerImpl: Killing all running tasks in stage 97: Stage finished
26/07/26 05:13:22 INFO DAGScheduler: Job 48 finished: collect at DriverActivationSpec.scala:101, took 122.19558 ms
26/07/26 05:13:22 INFO HashAggregateExec: spark.sql.codegen.aggregate.map.twolevel.enabled is set to true, but current version of codegened fast hashmap does not support this aggregate.
26/07/26 05:13:22 INFO SparkContext: Starting job: collect at DriverActivationSpec.scala:101
26/07/26 05:13:22 INFO DAGScheduler: Registering RDD 346 (collect at DriverActivationSpec.scala:101) as input to shuffle 49
26/07/26 05:13:22 INFO DAGScheduler: Got job 49 (collect at DriverActivationSpec.scala:101) with 2 output partitions
26/07/26 05:13:22 INFO DAGScheduler: Final stage: ResultStage 99 (collect at DriverActivationSpec.scala:101)
26/07/26 05:13:22 INFO DAGScheduler: Parents of final stage: List(ShuffleMapStage 98)
26/07/26 05:13:22 INFO DAGScheduler: Missing parents: List(ShuffleMapStage 98)
26/07/26 05:13:22 INFO DAGScheduler: Missing parents found for ResultStage 99: List(ShuffleMapStage 98)
26/07/26 05:13:22 INFO DAGScheduler: Missing parents found for ShuffleMapStage 98: List()
26/07/26 05:13:22 INFO DAGScheduler: Submitting ShuffleMapStage 98 (MapPartitionsRDD[346] at collect at DriverActivationSpec.scala:101), which has no missing parents
26/07/26 05:13:22 INFO MemoryStore: Block broadcast_98 stored as values in memory (estimated size 31.6 KiB, free 1002.7 MiB)
26/07/26 05:13:22 INFO MemoryStore: Block broadcast_98_piece0 stored as bytes in memory (estimated size 13.9 KiB, free 1002.6 MiB)
26/07/26 05:13:22 INFO SparkContext: Created broadcast 98 from broadcast at DAGScheduler.scala:1686
26/07/26 05:13:22 INFO DAGScheduler: Submitting 2 missing tasks from ShuffleMapStage 98 (MapPartitionsRDD[346] at collect at DriverActivationSpec.scala:101) (first 15 tasks are for partitions Vector(0, 1))
26/07/26 05:13:22 INFO TaskSchedulerImpl: Adding task set 98.0 with 2 tasks resource profile 0
26/07/26 05:13:22 INFO TaskSetManager: Starting task 0.0 in stage 98.0 (TID 196) (ab93cff004a3,executor driver, partition 0, PROCESS_LOCAL, 9971 bytes)
26/07/26 05:13:22 INFO TaskSetManager: Starting task 1.0 in stage 98.0 (TID 197) (ab93cff004a3,executor driver, partition 1, PROCESS_LOCAL, 9971 bytes)
26/07/26 05:13:22 INFO Executor: Running task 1.0 in stage 98.0 (TID 197)
26/07/26 05:13:22 INFO Executor: Running task 0.0 in stage 98.0 (TID 196)
26/07/26 05:13:22 INFO Executor: Finished task 0.0 in stage 98.0 (TID 196). 2294 bytes result sent to driver
26/07/26 05:13:22 INFO Executor: Finished task 1.0 in stage 98.0 (TID 197). 2294 bytes result sent to driver
26/07/26 05:13:22 INFO TaskSetManager: Finished task 0.0 in stage 98.0 (TID 196) in 41 ms on ab93cff004a3 (executor driver) (1/2)
26/07/26 05:13:22 INFO TaskSetManager: Finished task 1.0 in stage 98.0 (TID 197) in 43 ms on ab93cff004a3 (executor driver) (2/2)
26/07/26 05:13:22 INFO TaskSchedulerImpl: Removed TaskSet 98.0 whose tasks have all completed, from pool
26/07/26 05:13:22 INFO DAGScheduler: ShuffleMapStage 98 (collect at DriverActivationSpec.scala:101) finished in 91 ms
26/07/26 05:13:22 INFO DAGScheduler: looking for newly runnable stages
26/07/26 05:13:22 INFO DAGScheduler: running: HashSet()
26/07/26 05:13:22 INFO DAGScheduler: waiting: HashSet(ResultStage 99)
26/07/26 05:13:22 INFO DAGScheduler: failed: HashSet()
26/07/26 05:13:22 INFO DAGScheduler: Missing parents found for ResultStage 99: List()
26/07/26 05:13:22 INFO DAGScheduler: Submitting ResultStage 99 (MapPartitionsRDD[349] at collect at DriverActivationSpec.scala:101), which has no missing parents
26/07/26 05:13:22 INFO MemoryStore: Block broadcast_99 stored as values in memory (estimated size 29.2 KiB, free 1002.6 MiB)
26/07/26 05:13:22 INFO MemoryStore: Block broadcast_99_piece0 stored as bytes in memory (estimated size 13.0 KiB, free 1002.6 MiB)
26/07/26 05:13:22 INFO SparkContext: Created broadcast 99 from broadcast at DAGScheduler.scala:1686
26/07/26 05:13:22 INFO DAGScheduler: Submitting 2 missing tasks from ResultStage 99 (MapPartitionsRDD[349] at collect at DriverActivationSpec.scala:101) (first 15 tasks are for partitions Vector(0, 1))
26/07/26 05:13:22 INFO TaskSchedulerImpl: Adding task set 99.0 with 2 tasks resource profile 0
26/07/26 05:13:22 INFO TaskSetManager: Starting task 0.0 in stage 99.0 (TID 198) (ab93cff004a3,executor driver, partition 0, NODE_LOCAL, 9847 bytes)
26/07/26 05:13:22 INFO TaskSetManager: Starting task 1.0 in stage 99.0 (TID 199) (ab93cff004a3,executor driver, partition 1, NODE_LOCAL, 9847 bytes)
26/07/26 05:13:22 INFO Executor: Running task 1.0 in stage 99.0 (TID 199)
26/07/26 05:13:22 INFO Executor: Running task 0.0 in stage 99.0 (TID 198)
26/07/26 05:13:22 INFO ShuffleBlockFetcherIterator: Getting 2 (608.0 B) non-empty blocks including 2 (608.0 B) local and 0 (0.0 B) host-local and 0 (0.0 B) push-merged-local and 0 (0.0 B) remote blocks
26/07/26 05:13:22 INFO ShuffleBlockFetcherIterator: Started 0 remote fetches in 0 ms
26/07/26 05:13:22 INFO ShuffleBlockFetcherIterator: Getting 2 (456.0 B) non-empty blocks including 2 (456.0 B) local and 0 (0.0 B) host-local and 0 (0.0 B) push-merged-local and 0 (0.0 B) remote blocks
26/07/26 05:13:22 INFO ShuffleBlockFetcherIterator: Started 0 remote fetches in 1 ms
26/07/26 05:13:22 INFO Executor: Finished task 0.0 in stage 99.0 (TID 198). 4944 bytes result sent to driver
26/07/26 05:13:22 INFO TaskSetManager: Finished task 0.0 in stage 99.0 (TID 198) in 22 ms on ab93cff004a3 (executor driver) (1/2)
26/07/26 05:13:22 INFO Executor: Finished task 1.0 in stage 99.0 (TID 199). 4892 bytes result sent to driver
26/07/26 05:13:22 INFO TaskSetManager: Finished task 1.0 in stage 99.0 (TID 199) in 30 ms on ab93cff004a3 (executor driver) (2/2)
26/07/26 05:13:22 INFO TaskSchedulerImpl: Removed TaskSet 99.0 whose tasks have all completed, from pool
26/07/26 05:13:22 INFO DAGScheduler: ResultStage 99 (collect at DriverActivationSpec.scala:101) finished in 52 ms
26/07/26 05:13:22 INFO DAGScheduler: Job 49 is finished. Cancelling potential speculative or zombie tasks for this job
26/07/26 05:13:22 INFO TaskSchedulerImpl: Canceling stage 99
26/07/26 05:13:22 INFO TaskSchedulerImpl: Killing all running tasks in stage 99: Stage finished
26/07/26 05:13:22 INFO DAGScheduler: Job 49 finished: collect at DriverActivationSpec.scala:101, took 158.590722 ms
26/07/26 05:13:22 INFO SparkContext: SparkContext is stopping with exitCode 0 from stop at DriverActivationSpec.scala:106.
26/07/26 05:13:22 INFO MapOutputTrackerMasterEndpoint: MapOutputTrackerMasterEndpoint stopped!
26/07/26 05:13:22 INFO MemoryStore: MemoryStore cleared
26/07/26 05:13:22 INFO BlockManager: BlockManager stopped
26/07/26 05:13:22 INFO BlockManagerMaster: BlockManagerMaster stopped
26/07/26 05:13:22 INFO OutputCommitCoordinator$OutputCommitCoordinatorEndpoint: OutputCommitCoordinator stopped!
26/07/26 05:13:22 INFO SparkContext: Successfully stopped SparkContext (Uptime: 82818 ms)
26/07/26 05:13:22 INFO SparkContext: Running Spark version 4.1.2
26/07/26 05:13:22 INFO SparkContext: OS info Linux, 6.18.33.2-microsoft-standard-WSL2, amd64
26/07/26 05:13:22 INFO SparkContext: Java version 17.0.10+7
26/07/26 05:13:22 INFO ResourceUtils: ==============================================================
26/07/26 05:13:22 INFO ResourceUtils: No custom resources configured for spark.driver.
26/07/26 05:13:22 INFO ResourceUtils: ==============================================================
26/07/26 05:13:22 INFO SparkContext: Submitted application: apex-safety
26/07/26 05:13:22 INFO SecurityManager: Changing view acls to: root
26/07/26 05:13:22 INFO SecurityManager: Changing modify acls to: root
26/07/26 05:13:22 INFO SecurityManager: Changing view acls groups to: root
26/07/26 05:13:22 INFO SecurityManager: Changing modify acls groups to: root
26/07/26 05:13:22 INFO SecurityManager: SecurityManager: authentication disabled; ui acls disabled; users with view permissions: root groups with view permissions: EMPTY; users with modify permissions: root; groups with modify permissions: EMPTY; RPC SSL disabled
26/07/26 05:13:22 INFO Utils: Successfully started service 'sparkDriver' on port 40829.
26/07/26 05:13:22 INFO SparkEnv: Registering MapOutputTracker
26/07/26 05:13:22 INFO SparkEnv: Registering BlockManagerMaster
26/07/26 05:13:22 INFO BlockManagerMasterEndpoint: Using org.apache.spark.storage.DefaultTopologyMapper for getting topology information
26/07/26 05:13:22 INFO BlockManagerMasterEndpoint: BlockManagerMasterEndpoint up
26/07/26 05:13:22 INFO SparkEnv: Registering BlockManagerMasterHeartbeat
26/07/26 05:13:22 INFO DiskBlockManager: Created local directory at /tmp/blockmgr-0e554691-d69e-4a9b-bb84-5119a8f28cc6
26/07/26 05:13:22 INFO SparkEnv: Registering OutputCommitCoordinator
26/07/26 05:13:24 INFO DriverPluginContainer: Initialized driver component for plugin apex.ApexPlugin.
26/07/26 05:13:24 INFO ResourceProfile: Default ResourceProfile created, executor resources: Map(cores -> name: cores, amount: 1, script: , vendor: , memory -> name: memory, amount: 1024, script: , vendor: , offHeap -> name: offHeap, amount: 0, script: , vendor: ), task resources: Map(cpus -> name: cpus, amount: 1.0)
26/07/26 05:13:24 INFO ResourceProfile: Limiting resource is cpu
26/07/26 05:13:24 INFO ResourceProfileManager: Added ResourceProfile id: 0
26/07/26 05:13:24 INFO SecurityManager: Changing view acls to: root
26/07/26 05:13:24 INFO SecurityManager: Changing modify acls to: root
26/07/26 05:13:24 INFO SecurityManager: Changing view acls groups to: root
26/07/26 05:13:24 INFO SecurityManager: Changing modify acls groups to: root
26/07/26 05:13:24 INFO SecurityManager: SecurityManager: authentication disabled; ui acls disabled; users with view permissions: root groups with view permissions: EMPTY; users with modify permissions: root; groups with modify permissions: EMPTY; RPC SSL disabled
26/07/26 05:13:24 INFO Executor: Starting executor ID driver on host ab93cff004a3
26/07/26 05:13:24 INFO Executor: OS info Linux, 6.18.33.2-microsoft-standard-WSL2, amd64
26/07/26 05:13:24 INFO Executor: Java version 17.0.10+7
26/07/26 05:13:24 INFO Executor: Starting executor with user classpath (userClassPathFirst = false): ''
26/07/26 05:13:24 INFO Executor: Created or updated repl class loader org.apache.spark.util.MutableURLClassLoader@233d4e2 for default.
26/07/26 05:13:24 INFO Utils: Successfully started service 'org.apache.spark.network.netty.NettyBlockTransferService' on port 35549.
26/07/26 05:13:24 INFO NettyBlockTransferService: Server created on ab93cff004a3:35549
26/07/26 05:13:24 INFO BlockManager: Using org.apache.spark.storage.RandomBlockReplicationPolicy for block replication policy
26/07/26 05:13:24 INFO BlockManagerMaster: Registering BlockManager BlockManagerId(driver, ab93cff004a3, 35549, None)
26/07/26 05:13:24 INFO BlockManagerMasterEndpoint: Registering block manager ab93cff004a3:35549 with 1003.2 MiB RAM, BlockManagerId(driver, ab93cff004a3, 35549, None)
26/07/26 05:13:24 INFO BlockManagerMaster: Registered BlockManager BlockManagerId(driver, ab93cff004a3, 35549, None)
26/07/26 05:13:24 INFO BlockManager: Initialized BlockManager: BlockManagerId(driver, ab93cff004a3, 35549, None)
26/07/26 05:13:25 INFO SharedState: Setting hive.metastore.warehouse.dir ('null') to the value of spark.sql.warehouse.dir.
26/07/26 05:13:25 INFO SharedState: Warehouse path is 'file:/workspace/jar/.sbt/matrix/apex_41/spark-warehouse'.
26/07/26 05:13:25 INFO HashAggregateExec: spark.sql.codegen.aggregate.map.twolevel.enabled is set to true, but current version of codegened fast hashmap does not support this aggregate.
26/07/26 05:13:25 INFO SparkContext: Starting job: collect at DriverActivationSpec.scala:101
26/07/26 05:13:25 INFO DAGScheduler: Registering RDD 3 (collect at DriverActivationSpec.scala:101) as input to shuffle 0
26/07/26 05:13:25 INFO DAGScheduler: Got job 0 (collect at DriverActivationSpec.scala:101) with 2 output partitions
26/07/26 05:13:25 INFO DAGScheduler: Final stage: ResultStage 1 (collect at DriverActivationSpec.scala:101)
26/07/26 05:13:25 INFO DAGScheduler: Parents of final stage: List(ShuffleMapStage 0)
26/07/26 05:13:25 INFO DAGScheduler: Missing parents: List(ShuffleMapStage 0)
26/07/26 05:13:25 INFO DAGScheduler: Missing parents found for ResultStage 1: List(ShuffleMapStage 0)
26/07/26 05:13:25 INFO DAGScheduler: Missing parents found for ShuffleMapStage 0: List()
26/07/26 05:13:25 INFO DAGScheduler: Submitting ShuffleMapStage 0 (MapPartitionsRDD[3] at collect at DriverActivationSpec.scala:101), which has no missing parents
26/07/26 05:13:25 INFO MemoryStore: MemoryStore started with capacity 1003.2 MiB
26/07/26 05:13:25 INFO MemoryStore: Block broadcast_0 stored as values in memory (estimated size 31.6 KiB, free 1003.2 MiB)
26/07/26 05:13:25 INFO MemoryStore: Block broadcast_0_piece0 stored as bytes in memory (estimated size 13.9 KiB, free 1003.2 MiB)
26/07/26 05:13:25 INFO SparkContext: Created broadcast 0 from broadcast at DAGScheduler.scala:1686
26/07/26 05:13:25 INFO DAGScheduler: Submitting 2 missing tasks from ShuffleMapStage 0 (MapPartitionsRDD[3] at collect at DriverActivationSpec.scala:101) (first 15 tasks are for partitions Vector(0, 1))
26/07/26 05:13:25 INFO TaskSchedulerImpl: Adding task set 0.0 with 2 tasks resource profile 0
26/07/26 05:13:25 INFO TaskSetManager: Starting task 0.0 in stage 0.0 (TID 0) (ab93cff004a3,executor driver, partition 0, PROCESS_LOCAL, 9971 bytes)
26/07/26 05:13:25 INFO TaskSetManager: Starting task 1.0 in stage 0.0 (TID 1) (ab93cff004a3,executor driver, partition 1, PROCESS_LOCAL, 9971 bytes)
26/07/26 05:13:25 INFO Executor: Starting executor with user classpath (userClassPathFirst = false): ''
26/07/26 05:13:25 INFO Executor: Using REPL class URI: spark://ab93cff004a3:40829/artifacts/7855aeb9-a7b8-460f-a361-b1f32482d11b/classes/
26/07/26 05:13:25 INFO Executor: Created or updated repl class loader org.apache.spark.executor.ExecutorClassLoader@44977af0 for 7855aeb9-a7b8-460f-a361-b1f32482d11b.
26/07/26 05:13:25 INFO Executor: Running task 0.0 in stage 0.0 (TID 0)
26/07/26 05:13:25 INFO Executor: Running task 1.0 in stage 0.0 (TID 1)
26/07/26 05:13:25 INFO TransportClientFactory: Successfully created connection to ab93cff004a3/172.17.0.2:40829 after 5 ms (0 ms spent in bootstraps)
26/07/26 05:13:25 INFO CodeGenerator: Code generated in 360.471916 ms
26/07/26 05:13:25 INFO CodeGenerator: Code generated in 191.576342 ms
26/07/26 05:13:26 INFO SecurityManager: Changing view acls to: root
26/07/26 05:13:26 INFO SecurityManager: Changing modify acls to: root
26/07/26 05:13:26 INFO SecurityManager: Changing view acls groups to: root
26/07/26 05:13:26 INFO SecurityManager: Changing modify acls groups to: root
26/07/26 05:13:26 INFO SecurityManager: SecurityManager: authentication disabled; ui acls disabled; users with view permissions: root groups with view permissions: EMPTY; users with modify permissions: root; groups with modify permissions: EMPTY; RPC SSL disabled
26/07/26 05:13:26 INFO CodeGenerator: Code generated in 21.617267 ms
26/07/26 05:13:26 INFO CodeGenerator: Code generated in 29.748849 ms
26/07/26 05:13:26 INFO Executor: Finished task 1.0 in stage 0.0 (TID 1). 2294 bytes result sent to driver
26/07/26 05:13:26 INFO TaskSetManager: Finished task 1.0 in stage 0.0 (TID 1) in 831 ms on ab93cff004a3 (executor driver) (1/2)
26/07/26 05:13:26 INFO Executor: Finished task 0.0 in stage 0.0 (TID 0). 2294 bytes result sent to driver
26/07/26 05:13:26 INFO TaskSetManager: Finished task 0.0 in stage 0.0 (TID 0) in 865 ms on ab93cff004a3 (executor driver) (2/2)
26/07/26 05:13:26 INFO TaskSchedulerImpl: Removed TaskSet 0.0 whose tasks have all completed, from pool
26/07/26 05:13:26 INFO DAGScheduler: ShuffleMapStage 0 (collect at DriverActivationSpec.scala:101) finished in 913 ms
26/07/26 05:13:26 INFO DAGScheduler: looking for newly runnable stages
26/07/26 05:13:26 INFO DAGScheduler: running: HashSet()
26/07/26 05:13:26 INFO DAGScheduler: waiting: HashSet(ResultStage 1)
26/07/26 05:13:26 INFO DAGScheduler: failed: HashSet()
26/07/26 05:13:26 INFO DAGScheduler: Missing parents found for ResultStage 1: List()
26/07/26 05:13:26 INFO DAGScheduler: Submitting ResultStage 1 (MapPartitionsRDD[6] at collect at DriverActivationSpec.scala:101), which has no missing parents
26/07/26 05:13:26 INFO MemoryStore: Block broadcast_1 stored as values in memory (estimated size 29.2 KiB, free 1003.1 MiB)
26/07/26 05:13:26 INFO MemoryStore: Block broadcast_1_piece0 stored as bytes in memory (estimated size 13.0 KiB, free 1003.1 MiB)
26/07/26 05:13:26 INFO SparkContext: Created broadcast 1 from broadcast at DAGScheduler.scala:1686
26/07/26 05:13:26 INFO DAGScheduler: Submitting 2 missing tasks from ResultStage 1 (MapPartitionsRDD[6] at collect at DriverActivationSpec.scala:101) (first 15 tasks are for partitions Vector(0, 1))
26/07/26 05:13:26 INFO TaskSchedulerImpl: Adding task set 1.0 with 2 tasks resource profile 0
26/07/26 05:13:26 INFO TaskSetManager: Starting task 0.0 in stage 1.0 (TID 2) (ab93cff004a3,executor driver, partition 0, NODE_LOCAL, 9847 bytes)
26/07/26 05:13:26 INFO TaskSetManager: Starting task 1.0 in stage 1.0 (TID 3) (ab93cff004a3,executor driver, partition 1, NODE_LOCAL, 9847 bytes)
26/07/26 05:13:26 INFO Executor: Running task 0.0 in stage 1.0 (TID 2)
26/07/26 05:13:26 INFO Executor: Running task 1.0 in stage 1.0 (TID 3)
26/07/26 05:13:26 INFO ShuffleBlockFetcherIterator: Getting 2 (608.0 B) non-empty blocks including 2 (608.0 B) local and 0 (0.0 B) host-local and 0 (0.0 B) push-merged-local and 0 (0.0 B) remote blocks
26/07/26 05:13:26 INFO ShuffleBlockFetcherIterator: Started 0 remote fetches in 14 ms
26/07/26 05:13:26 INFO ShuffleBlockFetcherIterator: Getting 2 (456.0 B) non-empty blocks including 2 (456.0 B) local and 0 (0.0 B) host-local and 0 (0.0 B) push-merged-local and 0 (0.0 B) remote blocks
26/07/26 05:13:26 INFO ShuffleBlockFetcherIterator: Started 0 remote fetches in 19 ms
26/07/26 05:13:27 INFO CodeGenerator: Code generated in 728.016089 ms
26/07/26 05:13:27 INFO Executor: Finished task 1.0 in stage 1.0 (TID 3). 4849 bytes result sent to driver
26/07/26 05:13:27 INFO TaskSetManager: Finished task 1.0 in stage 1.0 (TID 3) in 908 ms on ab93cff004a3 (executor driver) (1/2)
26/07/26 05:13:27 INFO Executor: Finished task 0.0 in stage 1.0 (TID 2). 5030 bytes result sent to driver
26/07/26 05:13:27 INFO TaskSetManager: Finished task 0.0 in stage 1.0 (TID 2) in 986 ms on ab93cff004a3 (executor driver) (2/2)
26/07/26 05:13:27 INFO DAGScheduler: ResultStage 1 (collect at DriverActivationSpec.scala:101) finished in 1043 ms
26/07/26 05:13:27 INFO DAGScheduler: Job 0 is finished. Cancelling potential speculative or zombie tasks for this job
26/07/26 05:13:27 INFO TaskSchedulerImpl: Removed TaskSet 1.0 whose tasks have all completed, from pool
26/07/26 05:13:27 INFO TaskSchedulerImpl: Canceling stage 1
26/07/26 05:13:27 INFO TaskSchedulerImpl: Killing all running tasks in stage 1: Stage finished
26/07/26 05:13:27 INFO DAGScheduler: Job 0 finished: collect at DriverActivationSpec.scala:101, took 2042.611328 ms
26/07/26 05:13:27 INFO HashAggregateExec: spark.sql.codegen.aggregate.map.twolevel.enabled is set to true, but current version of codegened fast hashmap does not support this aggregate.
26/07/26 05:13:27 INFO SparkContext: Starting job: collect at DriverActivationSpec.scala:101
26/07/26 05:13:27 INFO DAGScheduler: Registering RDD 10 (collect at DriverActivationSpec.scala:101) as input to shuffle 1
26/07/26 05:13:27 INFO DAGScheduler: Got job 1 (collect at DriverActivationSpec.scala:101) with 2 output partitions
26/07/26 05:13:27 INFO DAGScheduler: Final stage: ResultStage 3 (collect at DriverActivationSpec.scala:101)
26/07/26 05:13:27 INFO DAGScheduler: Parents of final stage: List(ShuffleMapStage 2)
26/07/26 05:13:27 INFO DAGScheduler: Missing parents: List(ShuffleMapStage 2)
26/07/26 05:13:27 INFO DAGScheduler: Missing parents found for ResultStage 3: List(ShuffleMapStage 2)
26/07/26 05:13:27 INFO DAGScheduler: Missing parents found for ShuffleMapStage 2: List()
26/07/26 05:13:27 INFO DAGScheduler: Submitting ShuffleMapStage 2 (MapPartitionsRDD[10] at collect at DriverActivationSpec.scala:101), which has no missing parents
26/07/26 05:13:27 INFO MemoryStore: Block broadcast_2 stored as values in memory (estimated size 31.6 KiB, free 1003.1 MiB)
26/07/26 05:13:27 INFO MemoryStore: Block broadcast_2_piece0 stored as bytes in memory (estimated size 13.9 KiB, free 1003.1 MiB)
26/07/26 05:13:27 INFO SparkContext: Created broadcast 2 from broadcast at DAGScheduler.scala:1686
26/07/26 05:13:27 INFO DAGScheduler: Submitting 2 missing tasks from ShuffleMapStage 2 (MapPartitionsRDD[10] at collect at DriverActivationSpec.scala:101) (first 15 tasks are for partitions Vector(0, 1))
26/07/26 05:13:27 INFO TaskSchedulerImpl: Adding task set 2.0 with 2 tasks resource profile 0
26/07/26 05:13:27 INFO TaskSetManager: Starting task 0.0 in stage 2.0 (TID 4) (ab93cff004a3,executor driver, partition 0, PROCESS_LOCAL, 9971 bytes)
26/07/26 05:13:27 INFO TaskSetManager: Starting task 1.0 in stage 2.0 (TID 5) (ab93cff004a3,executor driver, partition 1, PROCESS_LOCAL, 9971 bytes)
26/07/26 05:13:27 INFO Executor: Running task 0.0 in stage 2.0 (TID 4)
26/07/26 05:13:27 INFO Executor: Running task 1.0 in stage 2.0 (TID 5)
26/07/26 05:13:27 INFO Executor: Finished task 1.0 in stage 2.0 (TID 5). 2294 bytes result sent to driver
26/07/26 05:13:27 INFO TaskSetManager: Finished task 1.0 in stage 2.0 (TID 5) in 52 ms on ab93cff004a3 (executor driver) (1/2)
26/07/26 05:13:27 INFO Executor: Finished task 0.0 in stage 2.0 (TID 4). 2294 bytes result sent to driver
26/07/26 05:13:27 INFO TaskSetManager: Finished task 0.0 in stage 2.0 (TID 4) in 61 ms on ab93cff004a3 (executor driver) (2/2)
26/07/26 05:13:27 INFO TaskSchedulerImpl: Removed TaskSet 2.0 whose tasks have all completed, from pool
26/07/26 05:13:27 INFO DAGScheduler: ShuffleMapStage 2 (collect at DriverActivationSpec.scala:101) finished in 92 ms
26/07/26 05:13:27 INFO DAGScheduler: looking for newly runnable stages
26/07/26 05:13:27 INFO DAGScheduler: running: HashSet()
26/07/26 05:13:27 INFO DAGScheduler: waiting: HashSet(ResultStage 3)
26/07/26 05:13:27 INFO DAGScheduler: failed: HashSet()
26/07/26 05:13:27 INFO DAGScheduler: Missing parents found for ResultStage 3: List()
26/07/26 05:13:27 INFO DAGScheduler: Submitting ResultStage 3 (MapPartitionsRDD[13] at collect at DriverActivationSpec.scala:101), which has no missing parents
26/07/26 05:13:27 INFO MemoryStore: Block broadcast_3 stored as values in memory (estimated size 29.2 KiB, free 1003.1 MiB)
26/07/26 05:13:27 INFO MemoryStore: Block broadcast_3_piece0 stored as bytes in memory (estimated size 13.0 KiB, free 1003.1 MiB)
26/07/26 05:13:27 INFO SparkContext: Created broadcast 3 from broadcast at DAGScheduler.scala:1686
26/07/26 05:13:27 INFO DAGScheduler: Submitting 2 missing tasks from ResultStage 3 (MapPartitionsRDD[13] at collect at DriverActivationSpec.scala:101) (first 15 tasks are for partitions Vector(0, 1))
26/07/26 05:13:27 INFO TaskSchedulerImpl: Adding task set 3.0 with 2 tasks resource profile 0
26/07/26 05:13:27 INFO TaskSetManager: Starting task 0.0 in stage 3.0 (TID 6) (ab93cff004a3,executor driver, partition 0, NODE_LOCAL, 9847 bytes)
26/07/26 05:13:27 INFO TaskSetManager: Starting task 1.0 in stage 3.0 (TID 7) (ab93cff004a3,executor driver, partition 1, NODE_LOCAL, 9847 bytes)
26/07/26 05:13:27 INFO Executor: Running task 0.0 in stage 3.0 (TID 6)
26/07/26 05:13:27 INFO Executor: Running task 1.0 in stage 3.0 (TID 7)
26/07/26 05:13:27 INFO ShuffleBlockFetcherIterator: Getting 2 (608.0 B) non-empty blocks including 2 (608.0 B) local and 0 (0.0 B) host-local and 0 (0.0 B) push-merged-local and 0 (0.0 B) remote blocks
26/07/26 05:13:27 INFO ShuffleBlockFetcherIterator: Started 0 remote fetches in 2 ms
26/07/26 05:13:27 INFO ShuffleBlockFetcherIterator: Getting 2 (456.0 B) non-empty blocks including 2 (456.0 B) local and 0 (0.0 B) host-local and 0 (0.0 B) push-merged-local and 0 (0.0 B) remote blocks
26/07/26 05:13:27 INFO ShuffleBlockFetcherIterator: Started 0 remote fetches in 8 ms
26/07/26 05:13:27 INFO Executor: Finished task 0.0 in stage 3.0 (TID 6). 4944 bytes result sent to driver
26/07/26 05:13:27 INFO TaskSetManager: Finished task 0.0 in stage 3.0 (TID 6) in 41 ms on ab93cff004a3 (executor driver) (1/2)
26/07/26 05:13:27 INFO Executor: Finished task 1.0 in stage 3.0 (TID 7). 4849 bytes result sent to driver
26/07/26 05:13:27 INFO TaskSetManager: Finished task 1.0 in stage 3.0 (TID 7) in 41 ms on ab93cff004a3 (executor driver) (2/2)
26/07/26 05:13:27 INFO TaskSchedulerImpl: Removed TaskSet 3.0 whose tasks have all completed, from pool
26/07/26 05:13:27 INFO DAGScheduler: ResultStage 3 (collect at DriverActivationSpec.scala:101) finished in 60 ms
26/07/26 05:13:27 INFO DAGScheduler: Job 1 is finished. Cancelling potential speculative or zombie tasks for this job
26/07/26 05:13:27 INFO TaskSchedulerImpl: Canceling stage 3
26/07/26 05:13:27 INFO TaskSchedulerImpl: Killing all running tasks in stage 3: Stage finished
26/07/26 05:13:27 INFO DAGScheduler: Job 1 finished: collect at DriverActivationSpec.scala:101, took 192.409205 ms
26/07/26 05:13:28 INFO HashAggregateExec: spark.sql.codegen.aggregate.map.twolevel.enabled is set to true, but current version of codegened fast hashmap does not support this aggregate.
26/07/26 05:13:28 INFO SparkContext: Starting job: collect at DriverActivationSpec.scala:101
26/07/26 05:13:28 INFO DAGScheduler: Registering RDD 17 (collect at DriverActivationSpec.scala:101) as input to shuffle 2
26/07/26 05:13:28 INFO DAGScheduler: Got job 2 (collect at DriverActivationSpec.scala:101) with 2 output partitions
26/07/26 05:13:28 INFO DAGScheduler: Final stage: ResultStage 5 (collect at DriverActivationSpec.scala:101)
26/07/26 05:13:28 INFO DAGScheduler: Parents of final stage: List(ShuffleMapStage 4)
26/07/26 05:13:28 INFO DAGScheduler: Missing parents: List(ShuffleMapStage 4)
26/07/26 05:13:28 INFO DAGScheduler: Missing parents found for ResultStage 5: List(ShuffleMapStage 4)
26/07/26 05:13:28 INFO DAGScheduler: Missing parents found for ShuffleMapStage 4: List()
26/07/26 05:13:28 INFO DAGScheduler: Submitting ShuffleMapStage 4 (MapPartitionsRDD[17] at collect at DriverActivationSpec.scala:101), which has no missing parents
26/07/26 05:13:28 INFO MemoryStore: Block broadcast_4 stored as values in memory (estimated size 31.6 KiB, free 1003.1 MiB)
26/07/26 05:13:28 INFO MemoryStore: Block broadcast_4_piece0 stored as bytes in memory (estimated size 13.9 KiB, free 1003.1 MiB)
26/07/26 05:13:28 INFO SparkContext: Created broadcast 4 from broadcast at DAGScheduler.scala:1686
26/07/26 05:13:28 INFO DAGScheduler: Submitting 2 missing tasks from ShuffleMapStage 4 (MapPartitionsRDD[17] at collect at DriverActivationSpec.scala:101) (first 15 tasks are for partitions Vector(0, 1))
26/07/26 05:13:28 INFO TaskSchedulerImpl: Adding task set 4.0 with 2 tasks resource profile 0
26/07/26 05:13:28 INFO TaskSetManager: Starting task 0.0 in stage 4.0 (TID 8) (ab93cff004a3,executor driver, partition 0, PROCESS_LOCAL, 9971 bytes)
26/07/26 05:13:28 INFO TaskSetManager: Starting task 1.0 in stage 4.0 (TID 9) (ab93cff004a3,executor driver, partition 1, PROCESS_LOCAL, 9971 bytes)
26/07/26 05:13:28 INFO Executor: Running task 1.0 in stage 4.0 (TID 9)
26/07/26 05:13:28 INFO Executor: Running task 0.0 in stage 4.0 (TID 8)
26/07/26 05:13:28 INFO Executor: Finished task 1.0 in stage 4.0 (TID 9). 2294 bytes result sent to driver
26/07/26 05:13:28 INFO TaskSetManager: Finished task 1.0 in stage 4.0 (TID 9) in 54 ms on ab93cff004a3 (executor driver) (1/2)
26/07/26 05:13:28 INFO Executor: Finished task 0.0 in stage 4.0 (TID 8). 2294 bytes result sent to driver
26/07/26 05:13:28 INFO TaskSetManager: Finished task 0.0 in stage 4.0 (TID 8) in 87 ms on ab93cff004a3 (executor driver) (2/2)
26/07/26 05:13:28 INFO DAGScheduler: ShuffleMapStage 4 (collect at DriverActivationSpec.scala:101) finished in 131 ms
26/07/26 05:13:28 INFO DAGScheduler: looking for newly runnable stages
26/07/26 05:13:28 INFO DAGScheduler: running: HashSet()
26/07/26 05:13:28 INFO DAGScheduler: waiting: HashSet(ResultStage 5)
26/07/26 05:13:28 INFO DAGScheduler: failed: HashSet()
26/07/26 05:13:28 INFO DAGScheduler: Missing parents found for ResultStage 5: List()
26/07/26 05:13:28 INFO DAGScheduler: Submitting ResultStage 5 (MapPartitionsRDD[20] at collect at DriverActivationSpec.scala:101), which has no missing parents
26/07/26 05:13:28 INFO TaskSchedulerImpl: Removed TaskSet 4.0 whose tasks have all completed, from pool
26/07/26 05:13:28 INFO MemoryStore: Block broadcast_5 stored as values in memory (estimated size 29.2 KiB, free 1003.0 MiB)
26/07/26 05:13:28 INFO MemoryStore: Block broadcast_5_piece0 stored as bytes in memory (estimated size 13.0 KiB, free 1003.0 MiB)
26/07/26 05:13:28 INFO SparkContext: Created broadcast 5 from broadcast at DAGScheduler.scala:1686
26/07/26 05:13:28 INFO DAGScheduler: Submitting 2 missing tasks from ResultStage 5 (MapPartitionsRDD[20] at collect at DriverActivationSpec.scala:101) (first 15 tasks are for partitions Vector(0, 1))
26/07/26 05:13:28 INFO TaskSchedulerImpl: Adding task set 5.0 with 2 tasks resource profile 0
26/07/26 05:13:28 INFO TaskSetManager: Starting task 0.0 in stage 5.0 (TID 10) (ab93cff004a3,executor driver, partition 0, NODE_LOCAL, 9847 bytes)
26/07/26 05:13:28 INFO TaskSetManager: Starting task 1.0 in stage 5.0 (TID 11) (ab93cff004a3,executor driver, partition 1, NODE_LOCAL, 9847 bytes)
26/07/26 05:13:28 INFO Executor: Running task 0.0 in stage 5.0 (TID 10)
26/07/26 05:13:28 INFO Executor: Running task 1.0 in stage 5.0 (TID 11)
26/07/26 05:13:28 INFO ShuffleBlockFetcherIterator: Getting 2 (608.0 B) non-empty blocks including 2 (608.0 B) local and 0 (0.0 B) host-local and 0 (0.0 B) push-merged-local and 0 (0.0 B) remote blocks
26/07/26 05:13:28 INFO ShuffleBlockFetcherIterator: Started 0 remote fetches in 1 ms
26/07/26 05:13:28 INFO ShuffleBlockFetcherIterator: Getting 2 (456.0 B) non-empty blocks including 2 (456.0 B) local and 0 (0.0 B) host-local and 0 (0.0 B) push-merged-local and 0 (0.0 B) remote blocks
26/07/26 05:13:28 INFO ShuffleBlockFetcherIterator: Started 0 remote fetches in 6 ms
26/07/26 05:13:28 INFO Executor: Finished task 0.0 in stage 5.0 (TID 10). 4944 bytes result sent to driver
26/07/26 05:13:28 INFO Executor: Finished task 1.0 in stage 5.0 (TID 11). 4849 bytes result sent to driver
26/07/26 05:13:28 INFO TaskSetManager: Finished task 0.0 in stage 5.0 (TID 10) in 72 ms on ab93cff004a3 (executor driver) (1/2)
26/07/26 05:13:28 INFO TaskSetManager: Finished task 1.0 in stage 5.0 (TID 11) in 81 ms on ab93cff004a3 (executor driver) (2/2)
26/07/26 05:13:28 INFO TaskSchedulerImpl: Removed TaskSet 5.0 whose tasks have all completed, from pool
26/07/26 05:13:28 INFO DAGScheduler: ResultStage 5 (collect at DriverActivationSpec.scala:101) finished in 110 ms
26/07/26 05:13:28 INFO DAGScheduler: Job 2 is finished. Cancelling potential speculative or zombie tasks for this job
26/07/26 05:13:28 INFO TaskSchedulerImpl: Canceling stage 5
26/07/26 05:13:28 INFO TaskSchedulerImpl: Killing all running tasks in stage 5: Stage finished
26/07/26 05:13:28 INFO DAGScheduler: Job 2 finished: collect at DriverActivationSpec.scala:101, took 260.664253 ms
26/07/26 05:13:28 INFO HashAggregateExec: spark.sql.codegen.aggregate.map.twolevel.enabled is set to true, but current version of codegened fast hashmap does not support this aggregate.
26/07/26 05:13:28 INFO SparkContext: Starting job: collect at DriverActivationSpec.scala:101
26/07/26 05:13:28 INFO DAGScheduler: Registering RDD 24 (collect at DriverActivationSpec.scala:101) as input to shuffle 3
26/07/26 05:13:28 INFO DAGScheduler: Got job 3 (collect at DriverActivationSpec.scala:101) with 2 output partitions
26/07/26 05:13:28 INFO DAGScheduler: Final stage: ResultStage 7 (collect at DriverActivationSpec.scala:101)
26/07/26 05:13:28 INFO DAGScheduler: Parents of final stage: List(ShuffleMapStage 6)
26/07/26 05:13:28 INFO DAGScheduler: Missing parents: List(ShuffleMapStage 6)
26/07/26 05:13:28 INFO DAGScheduler: Missing parents found for ResultStage 7: List(ShuffleMapStage 6)
26/07/26 05:13:28 INFO DAGScheduler: Missing parents found for ShuffleMapStage 6: List()
26/07/26 05:13:28 INFO DAGScheduler: Submitting ShuffleMapStage 6 (MapPartitionsRDD[24] at collect at DriverActivationSpec.scala:101), which has no missing parents
26/07/26 05:13:28 INFO MemoryStore: Block broadcast_6 stored as values in memory (estimated size 31.6 KiB, free 1003.0 MiB)
26/07/26 05:13:28 INFO MemoryStore: Block broadcast_6_piece0 stored as bytes in memory (estimated size 13.9 KiB, free 1003.0 MiB)
26/07/26 05:13:28 INFO SparkContext: Created broadcast 6 from broadcast at DAGScheduler.scala:1686
26/07/26 05:13:28 INFO DAGScheduler: Submitting 2 missing tasks from ShuffleMapStage 6 (MapPartitionsRDD[24] at collect at DriverActivationSpec.scala:101) (first 15 tasks are for partitions Vector(0, 1))
26/07/26 05:13:28 INFO TaskSchedulerImpl: Adding task set 6.0 with 2 tasks resource profile 0
26/07/26 05:13:29 INFO TaskSetManager: Starting task 0.0 in stage 6.0 (TID 12) (ab93cff004a3,executor driver, partition 0, PROCESS_LOCAL, 9971 bytes)
26/07/26 05:13:29 INFO TaskSetManager: Starting task 1.0 in stage 6.0 (TID 13) (ab93cff004a3,executor driver, partition 1, PROCESS_LOCAL, 9971 bytes)
26/07/26 05:13:29 INFO Executor: Running task 0.0 in stage 6.0 (TID 12)
26/07/26 05:13:29 INFO Executor: Running task 1.0 in stage 6.0 (TID 13)
26/07/26 05:13:29 INFO Executor: Finished task 0.0 in stage 6.0 (TID 12). 2294 bytes result sent to driver
26/07/26 05:13:29 INFO TaskSetManager: Finished task 0.0 in stage 6.0 (TID 12) in 70 ms on ab93cff004a3 (executor driver) (1/2)
26/07/26 05:13:29 INFO Executor: Finished task 1.0 in stage 6.0 (TID 13). 2294 bytes result sent to driver
26/07/26 05:13:29 INFO TaskSetManager: Finished task 1.0 in stage 6.0 (TID 13) in 159 ms on ab93cff004a3 (executor driver) (2/2)
26/07/26 05:13:29 INFO TaskSchedulerImpl: Removed TaskSet 6.0 whose tasks have all completed, from pool
26/07/26 05:13:29 INFO DAGScheduler: ShuffleMapStage 6 (collect at DriverActivationSpec.scala:101) finished in 194 ms
26/07/26 05:13:29 INFO DAGScheduler: looking for newly runnable stages
26/07/26 05:13:29 INFO DAGScheduler: running: HashSet()
26/07/26 05:13:29 INFO DAGScheduler: waiting: HashSet(ResultStage 7)
26/07/26 05:13:29 INFO DAGScheduler: failed: HashSet()
26/07/26 05:13:29 INFO DAGScheduler: Missing parents found for ResultStage 7: List()
26/07/26 05:13:29 INFO DAGScheduler: Submitting ResultStage 7 (MapPartitionsRDD[27] at collect at DriverActivationSpec.scala:101), which has no missing parents
26/07/26 05:13:29 INFO MemoryStore: Block broadcast_7 stored as values in memory (estimated size 29.2 KiB, free 1003.0 MiB)
26/07/26 05:13:29 INFO MemoryStore: Block broadcast_7_piece0 stored as bytes in memory (estimated size 13.0 KiB, free 1002.9 MiB)
26/07/26 05:13:29 INFO SparkContext: Created broadcast 7 from broadcast at DAGScheduler.scala:1686
26/07/26 05:13:29 INFO DAGScheduler: Submitting 2 missing tasks from ResultStage 7 (MapPartitionsRDD[27] at collect at DriverActivationSpec.scala:101) (first 15 tasks are for partitions Vector(0, 1))
26/07/26 05:13:29 INFO TaskSchedulerImpl: Adding task set 7.0 with 2 tasks resource profile 0
26/07/26 05:13:29 INFO TaskSetManager: Starting task 0.0 in stage 7.0 (TID 14) (ab93cff004a3,executor driver, partition 0, NODE_LOCAL, 9847 bytes)
26/07/26 05:13:29 INFO TaskSetManager: Starting task 1.0 in stage 7.0 (TID 15) (ab93cff004a3,executor driver, partition 1, NODE_LOCAL, 9847 bytes)
26/07/26 05:13:29 INFO Executor: Running task 0.0 in stage 7.0 (TID 14)
26/07/26 05:13:29 INFO Executor: Running task 1.0 in stage 7.0 (TID 15)
26/07/26 05:13:29 INFO ShuffleBlockFetcherIterator: Getting 2 (608.0 B) non-empty blocks including 2 (608.0 B) local and 0 (0.0 B) host-local and 0 (0.0 B) push-merged-local and 0 (0.0 B) remote blocks
26/07/26 05:13:29 INFO ShuffleBlockFetcherIterator: Getting 2 (456.0 B) non-empty blocks including 2 (456.0 B) local and 0 (0.0 B) host-local and 0 (0.0 B) push-merged-local and 0 (0.0 B) remote blocks
26/07/26 05:13:29 INFO ShuffleBlockFetcherIterator: Started 0 remote fetches in 12 ms
26/07/26 05:13:29 INFO ShuffleBlockFetcherIterator: Started 0 remote fetches in 2 ms
26/07/26 05:13:29 INFO Executor: Finished task 1.0 in stage 7.0 (TID 15). 4849 bytes result sent to driver
26/07/26 05:13:29 INFO TaskSetManager: Finished task 1.0 in stage 7.0 (TID 15) in 126 ms on ab93cff004a3 (executor driver) (1/2)
26/07/26 05:13:29 INFO Executor: Finished task 0.0 in stage 7.0 (TID 14). 4944 bytes result sent to driver
26/07/26 05:13:29 INFO TaskSetManager: Finished task 0.0 in stage 7.0 (TID 14) in 145 ms on ab93cff004a3 (executor driver) (2/2)
26/07/26 05:13:29 INFO TaskSchedulerImpl: Removed TaskSet 7.0 whose tasks have all completed, from pool
26/07/26 05:13:29 INFO DAGScheduler: ResultStage 7 (collect at DriverActivationSpec.scala:101) finished in 214 ms
26/07/26 05:13:29 INFO DAGScheduler: Job 3 is finished. Cancelling potential speculative or zombie tasks for this job
26/07/26 05:13:29 INFO TaskSchedulerImpl: Canceling stage 7
26/07/26 05:13:29 INFO TaskSchedulerImpl: Killing all running tasks in stage 7: Stage finished
26/07/26 05:13:29 INFO DAGScheduler: Job 3 finished: collect at DriverActivationSpec.scala:101, took 479.658941 ms
26/07/26 05:13:29 INFO HashAggregateExec: spark.sql.codegen.aggregate.map.twolevel.enabled is set to true, but current version of codegened fast hashmap does not support this aggregate.
26/07/26 05:13:29 INFO SparkContext: Starting job: collect at DriverActivationSpec.scala:101
26/07/26 05:13:29 INFO DAGScheduler: Registering RDD 31 (collect at DriverActivationSpec.scala:101) as input to shuffle 4
26/07/26 05:13:29 INFO DAGScheduler: Got job 4 (collect at DriverActivationSpec.scala:101) with 2 output partitions
26/07/26 05:13:29 INFO DAGScheduler: Final stage: ResultStage 9 (collect at DriverActivationSpec.scala:101)
26/07/26 05:13:29 INFO DAGScheduler: Parents of final stage: List(ShuffleMapStage 8)
26/07/26 05:13:29 INFO DAGScheduler: Missing parents: List(ShuffleMapStage 8)
26/07/26 05:13:29 INFO DAGScheduler: Missing parents found for ResultStage 9: List(ShuffleMapStage 8)
26/07/26 05:13:29 INFO DAGScheduler: Missing parents found for ShuffleMapStage 8: List()
26/07/26 05:13:29 INFO DAGScheduler: Submitting ShuffleMapStage 8 (MapPartitionsRDD[31] at collect at DriverActivationSpec.scala:101), which has no missing parents
26/07/26 05:13:29 INFO MemoryStore: Block broadcast_8 stored as values in memory (estimated size 31.6 KiB, free 1002.9 MiB)
26/07/26 05:13:29 INFO MemoryStore: Block broadcast_8_piece0 stored as bytes in memory (estimated size 13.9 KiB, free 1002.9 MiB)
26/07/26 05:13:29 INFO SparkContext: Created broadcast 8 from broadcast at DAGScheduler.scala:1686
26/07/26 05:13:29 INFO DAGScheduler: Submitting 2 missing tasks from ShuffleMapStage 8 (MapPartitionsRDD[31] at collect at DriverActivationSpec.scala:101) (first 15 tasks are for partitions Vector(0, 1))
26/07/26 05:13:29 INFO TaskSchedulerImpl: Adding task set 8.0 with 2 tasks resource profile 0
26/07/26 05:13:29 INFO TaskSetManager: Starting task 0.0 in stage 8.0 (TID 16) (ab93cff004a3,executor driver, partition 0, PROCESS_LOCAL, 9971 bytes)
26/07/26 05:13:29 INFO TaskSetManager: Starting task 1.0 in stage 8.0 (TID 17) (ab93cff004a3,executor driver, partition 1, PROCESS_LOCAL, 9971 bytes)
26/07/26 05:13:29 INFO Executor: Running task 1.0 in stage 8.0 (TID 17)
26/07/26 05:13:29 INFO Executor: Running task 0.0 in stage 8.0 (TID 16)
26/07/26 05:13:30 INFO Executor: Finished task 0.0 in stage 8.0 (TID 16). 2294 bytes result sent to driver
26/07/26 05:13:30 INFO TaskSetManager: Finished task 0.0 in stage 8.0 (TID 16) in 86 ms on ab93cff004a3 (executor driver) (1/2)
26/07/26 05:13:30 INFO Executor: Finished task 1.0 in stage 8.0 (TID 17). 2294 bytes result sent to driver
26/07/26 05:13:30 INFO TaskSetManager: Finished task 1.0 in stage 8.0 (TID 17) in 191 ms on ab93cff004a3 (executor driver) (2/2)
26/07/26 05:13:30 INFO TaskSchedulerImpl: Removed TaskSet 8.0 whose tasks have all completed, from pool
26/07/26 05:13:30 INFO DAGScheduler: ShuffleMapStage 8 (collect at DriverActivationSpec.scala:101) finished in 218 ms
26/07/26 05:13:30 INFO DAGScheduler: looking for newly runnable stages
26/07/26 05:13:30 INFO DAGScheduler: running: HashSet()
26/07/26 05:13:30 INFO DAGScheduler: waiting: HashSet(ResultStage 9)
26/07/26 05:13:30 INFO DAGScheduler: failed: HashSet()
26/07/26 05:13:30 INFO DAGScheduler: Missing parents found for ResultStage 9: List()
26/07/26 05:13:30 INFO DAGScheduler: Submitting ResultStage 9 (MapPartitionsRDD[34] at collect at DriverActivationSpec.scala:101), which has no missing parents
26/07/26 05:13:30 INFO MemoryStore: Block broadcast_9 stored as values in memory (estimated size 29.2 KiB, free 1002.9 MiB)
26/07/26 05:13:30 INFO MemoryStore: Block broadcast_9_piece0 stored as bytes in memory (estimated size 13.0 KiB, free 1002.9 MiB)
26/07/26 05:13:30 INFO SparkContext: Created broadcast 9 from broadcast at DAGScheduler.scala:1686
26/07/26 05:13:30 INFO DAGScheduler: Submitting 2 missing tasks from ResultStage 9 (MapPartitionsRDD[34] at collect at DriverActivationSpec.scala:101) (first 15 tasks are for partitions Vector(0, 1))
26/07/26 05:13:30 INFO TaskSchedulerImpl: Adding task set 9.0 with 2 tasks resource profile 0
26/07/26 05:13:30 INFO TaskSetManager: Starting task 0.0 in stage 9.0 (TID 18) (ab93cff004a3,executor driver, partition 0, NODE_LOCAL, 9847 bytes)
26/07/26 05:13:30 INFO TaskSetManager: Starting task 1.0 in stage 9.0 (TID 19) (ab93cff004a3,executor driver, partition 1, NODE_LOCAL, 9847 bytes)
26/07/26 05:13:30 INFO Executor: Running task 1.0 in stage 9.0 (TID 19)
26/07/26 05:13:30 INFO Executor: Running task 0.0 in stage 9.0 (TID 18)
26/07/26 05:13:30 INFO ShuffleBlockFetcherIterator: Getting 2 (608.0 B) non-empty blocks including 2 (608.0 B) local and 0 (0.0 B) host-local and 0 (0.0 B) push-merged-local and 0 (0.0 B) remote blocks
26/07/26 05:13:30 INFO ShuffleBlockFetcherIterator: Started 0 remote fetches in 7 ms
26/07/26 05:13:30 INFO ShuffleBlockFetcherIterator: Getting 2 (456.0 B) non-empty blocks including 2 (456.0 B) local and 0 (0.0 B) host-local and 0 (0.0 B) push-merged-local and 0 (0.0 B) remote blocks
26/07/26 05:13:30 INFO ShuffleBlockFetcherIterator: Started 0 remote fetches in 4 ms
26/07/26 05:13:30 INFO Executor: Finished task 0.0 in stage 9.0 (TID 18). 4944 bytes result sent to driver
26/07/26 05:13:30 INFO Executor: Finished task 1.0 in stage 9.0 (TID 19). 4892 bytes result sent to driver
26/07/26 05:13:30 INFO TaskSetManager: Finished task 0.0 in stage 9.0 (TID 18) in 76 ms on ab93cff004a3 (executor driver) (1/2)
26/07/26 05:13:30 INFO TaskSetManager: Finished task 1.0 in stage 9.0 (TID 19) in 82 ms on ab93cff004a3 (executor driver) (2/2)
26/07/26 05:13:30 INFO TaskSchedulerImpl: Removed TaskSet 9.0 whose tasks have all completed, from pool
26/07/26 05:13:30 INFO DAGScheduler: ResultStage 9 (collect at DriverActivationSpec.scala:101) finished in 124 ms
26/07/26 05:13:30 INFO DAGScheduler: Job 4 is finished. Cancelling potential speculative or zombie tasks for this job
26/07/26 05:13:30 INFO TaskSchedulerImpl: Canceling stage 9
26/07/26 05:13:30 INFO TaskSchedulerImpl: Killing all running tasks in stage 9: Stage finished
26/07/26 05:13:30 INFO DAGScheduler: Job 4 finished: collect at DriverActivationSpec.scala:101, took 402.009666 ms
26/07/26 05:13:30 INFO HashAggregateExec: spark.sql.codegen.aggregate.map.twolevel.enabled is set to true, but current version of codegened fast hashmap does not support this aggregate.
26/07/26 05:13:30 INFO SparkContext: Starting job: collect at DriverActivationSpec.scala:101
26/07/26 05:13:30 INFO DAGScheduler: Registering RDD 38 (collect at DriverActivationSpec.scala:101) as input to shuffle 5
26/07/26 05:13:30 INFO DAGScheduler: Got job 5 (collect at DriverActivationSpec.scala:101) with 2 output partitions
26/07/26 05:13:30 INFO DAGScheduler: Final stage: ResultStage 11 (collect at DriverActivationSpec.scala:101)
26/07/26 05:13:30 INFO DAGScheduler: Parents of final stage: List(ShuffleMapStage 10)
26/07/26 05:13:30 INFO DAGScheduler: Missing parents: List(ShuffleMapStage 10)
26/07/26 05:13:30 INFO DAGScheduler: Missing parents found for ResultStage 11: List(ShuffleMapStage 10)
26/07/26 05:13:30 INFO DAGScheduler: Missing parents found for ShuffleMapStage 10: List()
26/07/26 05:13:30 INFO DAGScheduler: Submitting ShuffleMapStage 10 (MapPartitionsRDD[38] at collect at DriverActivationSpec.scala:101), which has no missing parents
26/07/26 05:13:30 INFO MemoryStore: Block broadcast_10 stored as values in memory (estimated size 31.6 KiB, free 1002.8 MiB)
26/07/26 05:13:30 INFO MemoryStore: Block broadcast_10_piece0 stored as bytes in memory (estimated size 13.9 KiB, free 1002.8 MiB)
26/07/26 05:13:30 INFO SparkContext: Created broadcast 10 from broadcast at DAGScheduler.scala:1686
26/07/26 05:13:30 INFO DAGScheduler: Submitting 2 missing tasks from ShuffleMapStage 10 (MapPartitionsRDD[38] at collect at DriverActivationSpec.scala:101) (first 15 tasks are for partitions Vector(0, 1))
26/07/26 05:13:30 INFO TaskSchedulerImpl: Adding task set 10.0 with 2 tasks resource profile 0
26/07/26 05:13:30 INFO TaskSetManager: Starting task 0.0 in stage 10.0 (TID 20) (ab93cff004a3,executor driver, partition 0, PROCESS_LOCAL, 9971 bytes)
26/07/26 05:13:30 INFO TaskSetManager: Starting task 1.0 in stage 10.0 (TID 21) (ab93cff004a3,executor driver, partition 1, PROCESS_LOCAL, 9971 bytes)
26/07/26 05:13:30 INFO Executor: Running task 0.0 in stage 10.0 (TID 20)
26/07/26 05:13:30 INFO Executor: Running task 1.0 in stage 10.0 (TID 21)
26/07/26 05:13:31 INFO Executor: Finished task 1.0 in stage 10.0 (TID 21). 2294 bytes result sent to driver
26/07/26 05:13:31 INFO Executor: Finished task 0.0 in stage 10.0 (TID 20). 2337 bytes result sent to driver
26/07/26 05:13:31 INFO TaskSetManager: Finished task 1.0 in stage 10.0 (TID 21) in 91 ms on ab93cff004a3 (executor driver) (1/2)
26/07/26 05:13:31 INFO TaskSetManager: Finished task 0.0 in stage 10.0 (TID 20) in 108 ms on ab93cff004a3 (executor driver) (2/2)
26/07/26 05:13:31 INFO TaskSchedulerImpl: Removed TaskSet 10.0 whose tasks have all completed, from pool
26/07/26 05:13:31 INFO DAGScheduler: ShuffleMapStage 10 (collect at DriverActivationSpec.scala:101) finished in 234 ms
26/07/26 05:13:31 INFO DAGScheduler: looking for newly runnable stages
26/07/26 05:13:31 INFO DAGScheduler: running: HashSet()
26/07/26 05:13:31 INFO DAGScheduler: waiting: HashSet(ResultStage 11)
26/07/26 05:13:31 INFO DAGScheduler: failed: HashSet()
26/07/26 05:13:31 INFO DAGScheduler: Missing parents found for ResultStage 11: List()
26/07/26 05:13:31 INFO DAGScheduler: Submitting ResultStage 11 (MapPartitionsRDD[41] at collect at DriverActivationSpec.scala:101), which has no missing parents
26/07/26 05:13:31 INFO MemoryStore: Block broadcast_11 stored as values in memory (estimated size 29.2 KiB, free 1002.8 MiB)
26/07/26 05:13:31 INFO MemoryStore: Block broadcast_11_piece0 stored as bytes in memory (estimated size 13.0 KiB, free 1002.8 MiB)
26/07/26 05:13:31 INFO SparkContext: Created broadcast 11 from broadcast at DAGScheduler.scala:1686
26/07/26 05:13:31 INFO DAGScheduler: Submitting 2 missing tasks from ResultStage 11 (MapPartitionsRDD[41] at collect at DriverActivationSpec.scala:101) (first 15 tasks are for partitions Vector(0, 1))
26/07/26 05:13:31 INFO TaskSchedulerImpl: Adding task set 11.0 with 2 tasks resource profile 0
26/07/26 05:13:31 INFO TaskSetManager: Starting task 0.0 in stage 11.0 (TID 22) (ab93cff004a3,executor driver, partition 0, NODE_LOCAL, 9847 bytes)
26/07/26 05:13:31 INFO TaskSetManager: Starting task 1.0 in stage 11.0 (TID 23) (ab93cff004a3,executor driver, partition 1, NODE_LOCAL, 9847 bytes)
26/07/26 05:13:31 INFO Executor: Running task 0.0 in stage 11.0 (TID 22)
26/07/26 05:13:31 INFO Executor: Running task 1.0 in stage 11.0 (TID 23)
26/07/26 05:13:31 INFO ShuffleBlockFetcherIterator: Getting 2 (456.0 B) non-empty blocks including 2 (456.0 B) local and 0 (0.0 B) host-local and 0 (0.0 B) push-merged-local and 0 (0.0 B) remote blocks
26/07/26 05:13:31 INFO ShuffleBlockFetcherIterator: Started 0 remote fetches in 6 ms
26/07/26 05:13:31 INFO Executor: Finished task 1.0 in stage 11.0 (TID 23). 4849 bytes result sent to driver
26/07/26 05:13:31 INFO ShuffleBlockFetcherIterator: Getting 2 (608.0 B) non-empty blocks including 2 (608.0 B) local and 0 (0.0 B) host-local and 0 (0.0 B) push-merged-local and 0 (0.0 B) remote blocks
26/07/26 05:13:31 INFO ShuffleBlockFetcherIterator: Started 0 remote fetches in 11 ms
26/07/26 05:13:31 INFO Executor: Finished task 0.0 in stage 11.0 (TID 22). 4944 bytes result sent to driver
26/07/26 05:13:31 INFO TaskSetManager: Finished task 0.0 in stage 11.0 (TID 22) in 74 ms on ab93cff004a3 (executor driver) (1/2)
26/07/26 05:13:31 INFO TaskSetManager: Finished task 1.0 in stage 11.0 (TID 23) in 76 ms on ab93cff004a3 (executor driver) (2/2)
26/07/26 05:13:31 INFO TaskSchedulerImpl: Removed TaskSet 11.0 whose tasks have all completed, from pool
26/07/26 05:13:31 INFO DAGScheduler: ResultStage 11 (collect at DriverActivationSpec.scala:101) finished in 138 ms
26/07/26 05:13:31 INFO DAGScheduler: Job 5 is finished. Cancelling potential speculative or zombie tasks for this job
26/07/26 05:13:31 INFO TaskSchedulerImpl: Canceling stage 11
26/07/26 05:13:31 INFO TaskSchedulerImpl: Killing all running tasks in stage 11: Stage finished
26/07/26 05:13:31 INFO DAGScheduler: Job 5 finished: collect at DriverActivationSpec.scala:101, took 413.731132 ms
26/07/26 05:13:31 INFO HashAggregateExec: spark.sql.codegen.aggregate.map.twolevel.enabled is set to true, but current version of codegened fast hashmap does not support this aggregate.
26/07/26 05:13:31 INFO SparkContext: Starting job: collect at DriverActivationSpec.scala:101
26/07/26 05:13:31 INFO DAGScheduler: Registering RDD 45 (collect at DriverActivationSpec.scala:101) as input to shuffle 6
26/07/26 05:13:31 INFO DAGScheduler: Got job 6 (collect at DriverActivationSpec.scala:101) with 2 output partitions
26/07/26 05:13:31 INFO DAGScheduler: Final stage: ResultStage 13 (collect at DriverActivationSpec.scala:101)
26/07/26 05:13:31 INFO DAGScheduler: Parents of final stage: List(ShuffleMapStage 12)
26/07/26 05:13:31 INFO DAGScheduler: Missing parents: List(ShuffleMapStage 12)
26/07/26 05:13:31 INFO DAGScheduler: Missing parents found for ResultStage 13: List(ShuffleMapStage 12)
26/07/26 05:13:31 INFO DAGScheduler: Missing parents found for ShuffleMapStage 12: List()
26/07/26 05:13:31 INFO DAGScheduler: Submitting ShuffleMapStage 12 (MapPartitionsRDD[45] at collect at DriverActivationSpec.scala:101), which has no missing parents
26/07/26 05:13:31 INFO MemoryStore: Block broadcast_12 stored as values in memory (estimated size 31.6 KiB, free 1002.7 MiB)
26/07/26 05:13:31 INFO MemoryStore: Block broadcast_12_piece0 stored as bytes in memory (estimated size 13.9 KiB, free 1002.7 MiB)
26/07/26 05:13:31 INFO SparkContext: Created broadcast 12 from broadcast at DAGScheduler.scala:1686
26/07/26 05:13:31 INFO DAGScheduler: Submitting 2 missing tasks from ShuffleMapStage 12 (MapPartitionsRDD[45] at collect at DriverActivationSpec.scala:101) (first 15 tasks are for partitions Vector(0, 1))
26/07/26 05:13:31 INFO TaskSchedulerImpl: Adding task set 12.0 with 2 tasks resource profile 0
26/07/26 05:13:31 INFO TaskSetManager: Starting task 0.0 in stage 12.0 (TID 24) (ab93cff004a3,executor driver, partition 0, PROCESS_LOCAL, 9971 bytes)
26/07/26 05:13:31 INFO TaskSetManager: Starting task 1.0 in stage 12.0 (TID 25) (ab93cff004a3,executor driver, partition 1, PROCESS_LOCAL, 9971 bytes)
26/07/26 05:13:31 INFO Executor: Running task 0.0 in stage 12.0 (TID 24)
26/07/26 05:13:31 INFO Executor: Running task 1.0 in stage 12.0 (TID 25)
26/07/26 05:13:31 INFO Executor: Finished task 0.0 in stage 12.0 (TID 24). 2294 bytes result sent to driver
26/07/26 05:13:31 INFO Executor: Finished task 1.0 in stage 12.0 (TID 25). 2337 bytes result sent to driver
26/07/26 05:13:31 INFO TaskSetManager: Finished task 0.0 in stage 12.0 (TID 24) in 30 ms on ab93cff004a3 (executor driver) (1/2)
26/07/26 05:13:31 INFO TaskSetManager: Finished task 1.0 in stage 12.0 (TID 25) in 31 ms on ab93cff004a3 (executor driver) (2/2)
26/07/26 05:13:31 INFO TaskSchedulerImpl: Removed TaskSet 12.0 whose tasks have all completed, from pool
26/07/26 05:13:31 INFO DAGScheduler: ShuffleMapStage 12 (collect at DriverActivationSpec.scala:101) finished in 50 ms
26/07/26 05:13:31 INFO DAGScheduler: looking for newly runnable stages
26/07/26 05:13:31 INFO DAGScheduler: running: HashSet()
26/07/26 05:13:31 INFO DAGScheduler: waiting: HashSet(ResultStage 13)
26/07/26 05:13:31 INFO DAGScheduler: failed: HashSet()
26/07/26 05:13:31 INFO DAGScheduler: Missing parents found for ResultStage 13: List()
26/07/26 05:13:31 INFO DAGScheduler: Submitting ResultStage 13 (MapPartitionsRDD[48] at collect at DriverActivationSpec.scala:101), which has no missing parents
26/07/26 05:13:31 INFO MemoryStore: Block broadcast_13 stored as values in memory (estimated size 29.2 KiB, free 1002.7 MiB)
26/07/26 05:13:31 INFO MemoryStore: Block broadcast_13_piece0 stored as bytes in memory (estimated size 13.0 KiB, free 1002.7 MiB)
26/07/26 05:13:31 INFO SparkContext: Created broadcast 13 from broadcast at DAGScheduler.scala:1686
26/07/26 05:13:31 INFO DAGScheduler: Submitting 2 missing tasks from ResultStage 13 (MapPartitionsRDD[48] at collect at DriverActivationSpec.scala:101) (first 15 tasks are for partitions Vector(0, 1))
26/07/26 05:13:31 INFO TaskSchedulerImpl: Adding task set 13.0 with 2 tasks resource profile 0
26/07/26 05:13:31 INFO TaskSetManager: Starting task 0.0 in stage 13.0 (TID 26) (ab93cff004a3,executor driver, partition 0, NODE_LOCAL, 9847 bytes)
26/07/26 05:13:31 INFO TaskSetManager: Starting task 1.0 in stage 13.0 (TID 27) (ab93cff004a3,executor driver, partition 1, NODE_LOCAL, 9847 bytes)
26/07/26 05:13:31 INFO Executor: Running task 0.0 in stage 13.0 (TID 26)
26/07/26 05:13:31 INFO Executor: Running task 1.0 in stage 13.0 (TID 27)
26/07/26 05:13:31 INFO ShuffleBlockFetcherIterator: Getting 2 (608.0 B) non-empty blocks including 2 (608.0 B) local and 0 (0.0 B) host-local and 0 (0.0 B) push-merged-local and 0 (0.0 B) remote blocks
26/07/26 05:13:31 INFO ShuffleBlockFetcherIterator: Started 0 remote fetches in 2 ms
26/07/26 05:13:31 INFO Executor: Finished task 0.0 in stage 13.0 (TID 26). 4944 bytes result sent to driver
26/07/26 05:13:31 INFO TaskSetManager: Finished task 0.0 in stage 13.0 (TID 26) in 52 ms on ab93cff004a3 (executor driver) (1/2)
26/07/26 05:13:31 INFO ShuffleBlockFetcherIterator: Getting 2 (456.0 B) non-empty blocks including 2 (456.0 B) local and 0 (0.0 B) host-local and 0 (0.0 B) push-merged-local and 0 (0.0 B) remote blocks
26/07/26 05:13:31 INFO ShuffleBlockFetcherIterator: Started 0 remote fetches in 2 ms
26/07/26 05:13:31 INFO Executor: Finished task 1.0 in stage 13.0 (TID 27). 4849 bytes result sent to driver
26/07/26 05:13:31 INFO TaskSetManager: Finished task 1.0 in stage 13.0 (TID 27) in 77 ms on ab93cff004a3 (executor driver) (2/2)
26/07/26 05:13:31 INFO DAGScheduler: ResultStage 13 (collect at DriverActivationSpec.scala:101) finished in 88 ms
26/07/26 05:13:31 INFO DAGScheduler: Job 6 is finished. Cancelling potential speculative or zombie tasks for this job
26/07/26 05:13:31 INFO TaskSchedulerImpl: Removed TaskSet 13.0 whose tasks have all completed, from pool
26/07/26 05:13:31 INFO TaskSchedulerImpl: Canceling stage 13
26/07/26 05:13:31 INFO TaskSchedulerImpl: Killing all running tasks in stage 13: Stage finished
26/07/26 05:13:31 INFO DAGScheduler: Job 6 finished: collect at DriverActivationSpec.scala:101, took 154.540482 ms
26/07/26 05:13:31 INFO HashAggregateExec: spark.sql.codegen.aggregate.map.twolevel.enabled is set to true, but current version of codegened fast hashmap does not support this aggregate.
26/07/26 05:13:31 INFO SparkContext: Starting job: collect at DriverActivationSpec.scala:101
26/07/26 05:13:31 INFO DAGScheduler: Registering RDD 52 (collect at DriverActivationSpec.scala:101) as input to shuffle 7
26/07/26 05:13:31 INFO DAGScheduler: Got job 7 (collect at DriverActivationSpec.scala:101) with 2 output partitions
26/07/26 05:13:31 INFO DAGScheduler: Final stage: ResultStage 15 (collect at DriverActivationSpec.scala:101)
26/07/26 05:13:31 INFO DAGScheduler: Parents of final stage: List(ShuffleMapStage 14)
26/07/26 05:13:31 INFO DAGScheduler: Missing parents: List(ShuffleMapStage 14)
26/07/26 05:13:31 INFO DAGScheduler: Missing parents found for ResultStage 15: List(ShuffleMapStage 14)
26/07/26 05:13:31 INFO DAGScheduler: Missing parents found for ShuffleMapStage 14: List()
26/07/26 05:13:31 INFO DAGScheduler: Submitting ShuffleMapStage 14 (MapPartitionsRDD[52] at collect at DriverActivationSpec.scala:101), which has no missing parents
26/07/26 05:13:31 INFO MemoryStore: Block broadcast_14 stored as values in memory (estimated size 31.6 KiB, free 1002.7 MiB)
26/07/26 05:13:31 INFO MemoryStore: Block broadcast_14_piece0 stored as bytes in memory (estimated size 13.9 KiB, free 1002.6 MiB)
26/07/26 05:13:31 INFO SparkContext: Created broadcast 14 from broadcast at DAGScheduler.scala:1686
26/07/26 05:13:31 INFO DAGScheduler: Submitting 2 missing tasks from ShuffleMapStage 14 (MapPartitionsRDD[52] at collect at DriverActivationSpec.scala:101) (first 15 tasks are for partitions Vector(0, 1))
26/07/26 05:13:32 INFO TaskSchedulerImpl: Adding task set 14.0 with 2 tasks resource profile 0
26/07/26 05:13:32 INFO TaskSetManager: Starting task 0.0 in stage 14.0 (TID 28) (ab93cff004a3,executor driver, partition 0, PROCESS_LOCAL, 9971 bytes)
26/07/26 05:13:32 INFO TaskSetManager: Starting task 1.0 in stage 14.0 (TID 29) (ab93cff004a3,executor driver, partition 1, PROCESS_LOCAL, 9971 bytes)
26/07/26 05:13:32 INFO Executor: Running task 1.0 in stage 14.0 (TID 29)
26/07/26 05:13:32 INFO Executor: Running task 0.0 in stage 14.0 (TID 28)
26/07/26 05:13:32 INFO Executor: Finished task 1.0 in stage 14.0 (TID 29). 2294 bytes result sent to driver
26/07/26 05:13:32 INFO TaskSetManager: Finished task 1.0 in stage 14.0 (TID 29) in 211 ms on ab93cff004a3 (executor driver) (1/2)
26/07/26 05:13:32 INFO Executor: Finished task 0.0 in stage 14.0 (TID 28). 2337 bytes result sent to driver
26/07/26 05:13:32 INFO TaskSetManager: Finished task 0.0 in stage 14.0 (TID 28) in 265 ms on ab93cff004a3 (executor driver) (2/2)
26/07/26 05:13:32 INFO TaskSchedulerImpl: Removed TaskSet 14.0 whose tasks have all completed, from pool
26/07/26 05:13:32 INFO DAGScheduler: ShuffleMapStage 14 (collect at DriverActivationSpec.scala:101) finished in 300 ms
26/07/26 05:13:32 INFO DAGScheduler: looking for newly runnable stages
26/07/26 05:13:32 INFO DAGScheduler: running: HashSet()
26/07/26 05:13:32 INFO DAGScheduler: waiting: HashSet(ResultStage 15)
26/07/26 05:13:32 INFO DAGScheduler: failed: HashSet()
26/07/26 05:13:32 INFO DAGScheduler: Missing parents found for ResultStage 15: List()
26/07/26 05:13:32 INFO DAGScheduler: Submitting ResultStage 15 (MapPartitionsRDD[55] at collect at DriverActivationSpec.scala:101), which has no missing parents
26/07/26 05:13:32 INFO MemoryStore: Block broadcast_15 stored as values in memory (estimated size 29.2 KiB, free 1002.6 MiB)
26/07/26 05:13:32 INFO MemoryStore: Block broadcast_15_piece0 stored as bytes in memory (estimated size 13.0 KiB, free 1002.6 MiB)
26/07/26 05:13:32 INFO SparkContext: Created broadcast 15 from broadcast at DAGScheduler.scala:1686
26/07/26 05:13:32 INFO DAGScheduler: Submitting 2 missing tasks from ResultStage 15 (MapPartitionsRDD[55] at collect at DriverActivationSpec.scala:101) (first 15 tasks are for partitions Vector(0, 1))
26/07/26 05:13:32 INFO TaskSchedulerImpl: Adding task set 15.0 with 2 tasks resource profile 0
26/07/26 05:13:32 INFO TaskSetManager: Starting task 0.0 in stage 15.0 (TID 30) (ab93cff004a3,executor driver, partition 0, NODE_LOCAL, 9847 bytes)
26/07/26 05:13:32 INFO TaskSetManager: Starting task 1.0 in stage 15.0 (TID 31) (ab93cff004a3,executor driver, partition 1, NODE_LOCAL, 9847 bytes)
26/07/26 05:13:32 INFO Executor: Running task 1.0 in stage 15.0 (TID 31)
26/07/26 05:13:32 INFO Executor: Running task 0.0 in stage 15.0 (TID 30)
26/07/26 05:13:32 INFO ShuffleBlockFetcherIterator: Getting 2 (456.0 B) non-empty blocks including 2 (456.0 B) local and 0 (0.0 B) host-local and 0 (0.0 B) push-merged-local and 0 (0.0 B) remote blocks
26/07/26 05:13:32 INFO ShuffleBlockFetcherIterator: Started 0 remote fetches in 1 ms
26/07/26 05:13:32 INFO Executor: Finished task 1.0 in stage 15.0 (TID 31). 4849 bytes result sent to driver
26/07/26 05:13:32 INFO ShuffleBlockFetcherIterator: Getting 2 (608.0 B) non-empty blocks including 2 (608.0 B) local and 0 (0.0 B) host-local and 0 (0.0 B) push-merged-local and 0 (0.0 B) remote blocks
26/07/26 05:13:32 INFO ShuffleBlockFetcherIterator: Started 0 remote fetches in 12 ms
26/07/26 05:13:32 INFO TaskSetManager: Finished task 1.0 in stage 15.0 (TID 31) in 188 ms on ab93cff004a3 (executor driver) (1/2)
26/07/26 05:13:32 INFO Executor: Finished task 0.0 in stage 15.0 (TID 30). 4944 bytes result sent to driver
26/07/26 05:13:32 INFO TaskSetManager: Finished task 0.0 in stage 15.0 (TID 30) in 356 ms on ab93cff004a3 (executor driver) (2/2)
26/07/26 05:13:32 INFO TaskSchedulerImpl: Removed TaskSet 15.0 whose tasks have all completed, from pool
26/07/26 05:13:32 INFO DAGScheduler: ResultStage 15 (collect at DriverActivationSpec.scala:101) finished in 468 ms
26/07/26 05:13:32 INFO DAGScheduler: Job 7 is finished. Cancelling potential speculative or zombie tasks for this job
26/07/26 05:13:32 INFO TaskSchedulerImpl: Canceling stage 15
26/07/26 05:13:32 INFO TaskSchedulerImpl: Killing all running tasks in stage 15: Stage finished
26/07/26 05:13:32 INFO DAGScheduler: Job 7 finished: collect at DriverActivationSpec.scala:101, took 789.217462 ms
26/07/26 05:13:33 INFO HashAggregateExec: spark.sql.codegen.aggregate.map.twolevel.enabled is set to true, but current version of codegened fast hashmap does not support this aggregate.
26/07/26 05:13:33 INFO SparkContext: Starting job: collect at DriverActivationSpec.scala:101
26/07/26 05:13:33 INFO DAGScheduler: Registering RDD 59 (collect at DriverActivationSpec.scala:101) as input to shuffle 8
26/07/26 05:13:33 INFO DAGScheduler: Got job 8 (collect at DriverActivationSpec.scala:101) with 2 output partitions
26/07/26 05:13:33 INFO DAGScheduler: Final stage: ResultStage 17 (collect at DriverActivationSpec.scala:101)
26/07/26 05:13:33 INFO DAGScheduler: Parents of final stage: List(ShuffleMapStage 16)
26/07/26 05:13:33 INFO DAGScheduler: Missing parents: List(ShuffleMapStage 16)
26/07/26 05:13:33 INFO DAGScheduler: Missing parents found for ResultStage 17: List(ShuffleMapStage 16)
26/07/26 05:13:33 INFO DAGScheduler: Missing parents found for ShuffleMapStage 16: List()
26/07/26 05:13:33 INFO DAGScheduler: Submitting ShuffleMapStage 16 (MapPartitionsRDD[59] at collect at DriverActivationSpec.scala:101), which has no missing parents
26/07/26 05:13:33 INFO MemoryStore: Block broadcast_16 stored as values in memory (estimated size 31.6 KiB, free 1002.6 MiB)
26/07/26 05:13:33 INFO MemoryStore: Block broadcast_16_piece0 stored as bytes in memory (estimated size 13.9 KiB, free 1002.6 MiB)
26/07/26 05:13:33 INFO SparkContext: Created broadcast 16 from broadcast at DAGScheduler.scala:1686
26/07/26 05:13:33 INFO DAGScheduler: Submitting 2 missing tasks from ShuffleMapStage 16 (MapPartitionsRDD[59] at collect at DriverActivationSpec.scala:101) (first 15 tasks are for partitions Vector(0, 1))
26/07/26 05:13:33 INFO TaskSchedulerImpl: Adding task set 16.0 with 2 tasks resource profile 0
26/07/26 05:13:33 INFO TaskSetManager: Starting task 0.0 in stage 16.0 (TID 32) (ab93cff004a3,executor driver, partition 0, PROCESS_LOCAL, 9971 bytes)
26/07/26 05:13:33 INFO TaskSetManager: Starting task 1.0 in stage 16.0 (TID 33) (ab93cff004a3,executor driver, partition 1, PROCESS_LOCAL, 9971 bytes)
26/07/26 05:13:33 INFO Executor: Running task 1.0 in stage 16.0 (TID 33)
26/07/26 05:13:33 INFO Executor: Running task 0.0 in stage 16.0 (TID 32)
26/07/26 05:13:33 INFO Executor: Finished task 0.0 in stage 16.0 (TID 32). 2294 bytes result sent to driver
26/07/26 05:13:33 INFO TaskSetManager: Finished task 0.0 in stage 16.0 (TID 32) in 121 ms on ab93cff004a3 (executor driver) (1/2)
26/07/26 05:13:33 INFO Executor: Finished task 1.0 in stage 16.0 (TID 33). 2337 bytes result sent to driver
26/07/26 05:13:33 INFO TaskSetManager: Finished task 1.0 in stage 16.0 (TID 33) in 183 ms on ab93cff004a3 (executor driver) (2/2)
26/07/26 05:13:33 INFO TaskSchedulerImpl: Removed TaskSet 16.0 whose tasks have all completed, from pool
26/07/26 05:13:33 INFO DAGScheduler: ShuffleMapStage 16 (collect at DriverActivationSpec.scala:101) finished in 215 ms
26/07/26 05:13:33 INFO DAGScheduler: looking for newly runnable stages
26/07/26 05:13:33 INFO DAGScheduler: running: HashSet()
26/07/26 05:13:33 INFO DAGScheduler: waiting: HashSet(ResultStage 17)
26/07/26 05:13:33 INFO DAGScheduler: failed: HashSet()
26/07/26 05:13:33 INFO DAGScheduler: Missing parents found for ResultStage 17: List()
26/07/26 05:13:33 INFO DAGScheduler: Submitting ResultStage 17 (MapPartitionsRDD[62] at collect at DriverActivationSpec.scala:101), which has no missing parents
26/07/26 05:13:33 INFO MemoryStore: Block broadcast_17 stored as values in memory (estimated size 29.2 KiB, free 1002.5 MiB)
26/07/26 05:13:33 INFO MemoryStore: Block broadcast_17_piece0 stored as bytes in memory (estimated size 13.0 KiB, free 1002.5 MiB)
26/07/26 05:13:33 INFO SparkContext: Created broadcast 17 from broadcast at DAGScheduler.scala:1686
26/07/26 05:13:33 INFO DAGScheduler: Submitting 2 missing tasks from ResultStage 17 (MapPartitionsRDD[62] at collect at DriverActivationSpec.scala:101) (first 15 tasks are for partitions Vector(0, 1))
26/07/26 05:13:33 INFO TaskSchedulerImpl: Adding task set 17.0 with 2 tasks resource profile 0
26/07/26 05:13:33 INFO TaskSetManager: Starting task 0.0 in stage 17.0 (TID 34) (ab93cff004a3,executor driver, partition 0, NODE_LOCAL, 9847 bytes)
26/07/26 05:13:33 INFO TaskSetManager: Starting task 1.0 in stage 17.0 (TID 35) (ab93cff004a3,executor driver, partition 1, NODE_LOCAL, 9847 bytes)
26/07/26 05:13:33 INFO Executor: Running task 0.0 in stage 17.0 (TID 34)
26/07/26 05:13:33 INFO Executor: Running task 1.0 in stage 17.0 (TID 35)
26/07/26 05:13:33 INFO ShuffleBlockFetcherIterator: Getting 2 (608.0 B) non-empty blocks including 2 (608.0 B) local and 0 (0.0 B) host-local and 0 (0.0 B) push-merged-local and 0 (0.0 B) remote blocks
26/07/26 05:13:33 INFO ShuffleBlockFetcherIterator: Started 0 remote fetches in 0 ms
26/07/26 05:13:33 INFO ShuffleBlockFetcherIterator: Getting 2 (456.0 B) non-empty blocks including 2 (456.0 B) local and 0 (0.0 B) host-local and 0 (0.0 B) push-merged-local and 0 (0.0 B) remote blocks
26/07/26 05:13:33 INFO Executor: Finished task 0.0 in stage 17.0 (TID 34). 4944 bytes result sent to driver
26/07/26 05:13:33 INFO ShuffleBlockFetcherIterator: Started 0 remote fetches in 6 ms
26/07/26 05:13:33 INFO TaskSetManager: Finished task 0.0 in stage 17.0 (TID 34) in 70 ms on ab93cff004a3 (executor driver) (1/2)
26/07/26 05:13:33 INFO Executor: Finished task 1.0 in stage 17.0 (TID 35). 4849 bytes result sent to driver
26/07/26 05:13:33 INFO TaskSetManager: Finished task 1.0 in stage 17.0 (TID 35) in 112 ms on ab93cff004a3 (executor driver) (2/2)
26/07/26 05:13:33 INFO TaskSchedulerImpl: Removed TaskSet 17.0 whose tasks have all completed, from pool
26/07/26 05:13:33 INFO DAGScheduler: ResultStage 17 (collect at DriverActivationSpec.scala:101) finished in 181 ms
26/07/26 05:13:33 INFO DAGScheduler: Job 8 is finished. Cancelling potential speculative or zombie tasks for this job
26/07/26 05:13:33 INFO TaskSchedulerImpl: Canceling stage 17
26/07/26 05:13:33 INFO TaskSchedulerImpl: Killing all running tasks in stage 17: Stage finished
26/07/26 05:13:33 INFO DAGScheduler: Job 8 finished: collect at DriverActivationSpec.scala:101, took 432.910077 ms
26/07/26 05:13:33 INFO HashAggregateExec: spark.sql.codegen.aggregate.map.twolevel.enabled is set to true, but current version of codegened fast hashmap does not support this aggregate.
26/07/26 05:13:33 INFO SparkContext: Starting job: collect at DriverActivationSpec.scala:101
26/07/26 05:13:33 INFO DAGScheduler: Registering RDD 66 (collect at DriverActivationSpec.scala:101) as input to shuffle 9
26/07/26 05:13:33 INFO DAGScheduler: Got job 9 (collect at DriverActivationSpec.scala:101) with 2 output partitions
26/07/26 05:13:33 INFO DAGScheduler: Final stage: ResultStage 19 (collect at DriverActivationSpec.scala:101)
26/07/26 05:13:33 INFO DAGScheduler: Parents of final stage: List(ShuffleMapStage 18)
26/07/26 05:13:33 INFO DAGScheduler: Missing parents: List(ShuffleMapStage 18)
26/07/26 05:13:33 INFO DAGScheduler: Missing parents found for ResultStage 19: List(ShuffleMapStage 18)
26/07/26 05:13:33 INFO DAGScheduler: Missing parents found for ShuffleMapStage 18: List()
26/07/26 05:13:33 INFO DAGScheduler: Submitting ShuffleMapStage 18 (MapPartitionsRDD[66] at collect at DriverActivationSpec.scala:101), which has no missing parents
26/07/26 05:13:33 INFO MemoryStore: Block broadcast_18 stored as values in memory (estimated size 31.6 KiB, free 1002.5 MiB)
26/07/26 05:13:33 INFO MemoryStore: Block broadcast_18_piece0 stored as bytes in memory (estimated size 13.9 KiB, free 1002.5 MiB)
26/07/26 05:13:33 INFO SparkContext: Created broadcast 18 from broadcast at DAGScheduler.scala:1686
26/07/26 05:13:33 INFO DAGScheduler: Submitting 2 missing tasks from ShuffleMapStage 18 (MapPartitionsRDD[66] at collect at DriverActivationSpec.scala:101) (first 15 tasks are for partitions Vector(0, 1))
26/07/26 05:13:33 INFO TaskSchedulerImpl: Adding task set 18.0 with 2 tasks resource profile 0
26/07/26 05:13:33 INFO TaskSetManager: Starting task 0.0 in stage 18.0 (TID 36) (ab93cff004a3,executor driver, partition 0, PROCESS_LOCAL, 9971 bytes)
26/07/26 05:13:33 INFO TaskSetManager: Starting task 1.0 in stage 18.0 (TID 37) (ab93cff004a3,executor driver, partition 1, PROCESS_LOCAL, 9971 bytes)
26/07/26 05:13:33 INFO Executor: Running task 0.0 in stage 18.0 (TID 36)
26/07/26 05:13:33 INFO Executor: Running task 1.0 in stage 18.0 (TID 37)
26/07/26 05:13:34 INFO Executor: Finished task 0.0 in stage 18.0 (TID 36). 2294 bytes result sent to driver
26/07/26 05:13:34 INFO TaskSetManager: Finished task 0.0 in stage 18.0 (TID 36) in 88 ms on ab93cff004a3 (executor driver) (1/2)
26/07/26 05:13:34 INFO Executor: Finished task 1.0 in stage 18.0 (TID 37). 2294 bytes result sent to driver
26/07/26 05:13:34 INFO TaskSetManager: Finished task 1.0 in stage 18.0 (TID 37) in 110 ms on ab93cff004a3 (executor driver) (2/2)
26/07/26 05:13:34 INFO TaskSchedulerImpl: Removed TaskSet 18.0 whose tasks have all completed, from pool
26/07/26 05:13:34 INFO DAGScheduler: ShuffleMapStage 18 (collect at DriverActivationSpec.scala:101) finished in 143 ms
26/07/26 05:13:34 INFO DAGScheduler: looking for newly runnable stages
26/07/26 05:13:34 INFO DAGScheduler: running: HashSet()
26/07/26 05:13:34 INFO DAGScheduler: waiting: HashSet(ResultStage 19)
26/07/26 05:13:34 INFO DAGScheduler: failed: HashSet()
26/07/26 05:13:34 INFO DAGScheduler: Missing parents found for ResultStage 19: List()
26/07/26 05:13:34 INFO DAGScheduler: Submitting ResultStage 19 (MapPartitionsRDD[69] at collect at DriverActivationSpec.scala:101), which has no missing parents
26/07/26 05:13:34 INFO MemoryStore: Block broadcast_19 stored as values in memory (estimated size 29.2 KiB, free 1002.4 MiB)
26/07/26 05:13:34 INFO MemoryStore: Block broadcast_19_piece0 stored as bytes in memory (estimated size 13.0 KiB, free 1002.4 MiB)
26/07/26 05:13:34 INFO SparkContext: Created broadcast 19 from broadcast at DAGScheduler.scala:1686
26/07/26 05:13:34 INFO DAGScheduler: Submitting 2 missing tasks from ResultStage 19 (MapPartitionsRDD[69] at collect at DriverActivationSpec.scala:101) (first 15 tasks are for partitions Vector(0, 1))
26/07/26 05:13:34 INFO TaskSchedulerImpl: Adding task set 19.0 with 2 tasks resource profile 0
26/07/26 05:13:34 INFO TaskSetManager: Starting task 0.0 in stage 19.0 (TID 38) (ab93cff004a3,executor driver, partition 0, NODE_LOCAL, 9847 bytes)
26/07/26 05:13:34 INFO TaskSetManager: Starting task 1.0 in stage 19.0 (TID 39) (ab93cff004a3,executor driver, partition 1, NODE_LOCAL, 9847 bytes)
26/07/26 05:13:34 INFO Executor: Running task 0.0 in stage 19.0 (TID 38)
26/07/26 05:13:34 INFO Executor: Running task 1.0 in stage 19.0 (TID 39)
26/07/26 05:13:34 INFO ShuffleBlockFetcherIterator: Getting 2 (608.0 B) non-empty blocks including 2 (608.0 B) local and 0 (0.0 B) host-local and 0 (0.0 B) push-merged-local and 0 (0.0 B) remote blocks
26/07/26 05:13:34 INFO ShuffleBlockFetcherIterator: Started 0 remote fetches in 1 ms
26/07/26 05:13:34 INFO ShuffleBlockFetcherIterator: Getting 2 (456.0 B) non-empty blocks including 2 (456.0 B) local and 0 (0.0 B) host-local and 0 (0.0 B) push-merged-local and 0 (0.0 B) remote blocks
26/07/26 05:13:34 INFO ShuffleBlockFetcherIterator: Started 0 remote fetches in 0 ms
26/07/26 05:13:34 INFO Executor: Finished task 1.0 in stage 19.0 (TID 39). 4849 bytes result sent to driver
26/07/26 05:13:34 INFO Executor: Finished task 0.0 in stage 19.0 (TID 38). 4987 bytes result sent to driver
26/07/26 05:13:34 INFO TaskSetManager: Finished task 0.0 in stage 19.0 (TID 38) in 84 ms on ab93cff004a3 (executor driver) (1/2)
26/07/26 05:13:34 INFO TaskSetManager: Finished task 1.0 in stage 19.0 (TID 39) in 85 ms on ab93cff004a3 (executor driver) (2/2)
26/07/26 05:13:34 INFO TaskSchedulerImpl: Removed TaskSet 19.0 whose tasks have all completed, from pool
26/07/26 05:13:34 INFO DAGScheduler: ResultStage 19 (collect at DriverActivationSpec.scala:101) finished in 106 ms
26/07/26 05:13:34 INFO DAGScheduler: Job 9 is finished. Cancelling potential speculative or zombie tasks for this job
26/07/26 05:13:34 INFO TaskSchedulerImpl: Canceling stage 19
26/07/26 05:13:34 INFO TaskSchedulerImpl: Killing all running tasks in stage 19: Stage finished
26/07/26 05:13:34 INFO DAGScheduler: Job 9 finished: collect at DriverActivationSpec.scala:101, took 269.969795 ms
26/07/26 05:13:34 INFO HashAggregateExec: spark.sql.codegen.aggregate.map.twolevel.enabled is set to true, but current version of codegened fast hashmap does not support this aggregate.
26/07/26 05:13:34 INFO SparkContext: Starting job: collect at DriverActivationSpec.scala:101
26/07/26 05:13:34 INFO DAGScheduler: Registering RDD 73 (collect at DriverActivationSpec.scala:101) as input to shuffle 10
26/07/26 05:13:34 INFO DAGScheduler: Got job 10 (collect at DriverActivationSpec.scala:101) with 2 output partitions
26/07/26 05:13:34 INFO DAGScheduler: Final stage: ResultStage 21 (collect at DriverActivationSpec.scala:101)
26/07/26 05:13:34 INFO DAGScheduler: Parents of final stage: List(ShuffleMapStage 20)
26/07/26 05:13:34 INFO DAGScheduler: Missing parents: List(ShuffleMapStage 20)
26/07/26 05:13:34 INFO DAGScheduler: Missing parents found for ResultStage 21: List(ShuffleMapStage 20)
26/07/26 05:13:34 INFO DAGScheduler: Missing parents found for ShuffleMapStage 20: List()
26/07/26 05:13:34 INFO DAGScheduler: Submitting ShuffleMapStage 20 (MapPartitionsRDD[73] at collect at DriverActivationSpec.scala:101), which has no missing parents
26/07/26 05:13:34 INFO MemoryStore: Block broadcast_20 stored as values in memory (estimated size 31.6 KiB, free 1002.4 MiB)
26/07/26 05:13:34 INFO MemoryStore: Block broadcast_20_piece0 stored as bytes in memory (estimated size 13.9 KiB, free 1002.4 MiB)
26/07/26 05:13:34 INFO SparkContext: Created broadcast 20 from broadcast at DAGScheduler.scala:1686
26/07/26 05:13:34 INFO DAGScheduler: Submitting 2 missing tasks from ShuffleMapStage 20 (MapPartitionsRDD[73] at collect at DriverActivationSpec.scala:101) (first 15 tasks are for partitions Vector(0, 1))
26/07/26 05:13:34 INFO TaskSchedulerImpl: Adding task set 20.0 with 2 tasks resource profile 0
26/07/26 05:13:34 INFO TaskSetManager: Starting task 0.0 in stage 20.0 (TID 40) (ab93cff004a3,executor driver, partition 0, PROCESS_LOCAL, 9971 bytes)
26/07/26 05:13:34 INFO TaskSetManager: Starting task 1.0 in stage 20.0 (TID 41) (ab93cff004a3,executor driver, partition 1, PROCESS_LOCAL, 9971 bytes)
26/07/26 05:13:34 INFO Executor: Running task 0.0 in stage 20.0 (TID 40)
26/07/26 05:13:34 INFO Executor: Running task 1.0 in stage 20.0 (TID 41)
26/07/26 05:13:34 INFO Executor: Finished task 0.0 in stage 20.0 (TID 40). 2294 bytes result sent to driver
26/07/26 05:13:34 INFO TaskSetManager: Finished task 0.0 in stage 20.0 (TID 40) in 61 ms on ab93cff004a3 (executor driver) (1/2)
26/07/26 05:13:34 INFO Executor: Finished task 1.0 in stage 20.0 (TID 41). 2294 bytes result sent to driver
26/07/26 05:13:34 INFO TaskSetManager: Finished task 1.0 in stage 20.0 (TID 41) in 68 ms on ab93cff004a3 (executor driver) (2/2)
26/07/26 05:13:34 INFO DAGScheduler: ShuffleMapStage 20 (collect at DriverActivationSpec.scala:101) finished in 109 ms
26/07/26 05:13:34 INFO DAGScheduler: looking for newly runnable stages
26/07/26 05:13:34 INFO DAGScheduler: running: HashSet()
26/07/26 05:13:34 INFO DAGScheduler: waiting: HashSet(ResultStage 21)
26/07/26 05:13:34 INFO DAGScheduler: failed: HashSet()
26/07/26 05:13:34 INFO DAGScheduler: Missing parents found for ResultStage 21: List()
26/07/26 05:13:34 INFO DAGScheduler: Submitting ResultStage 21 (MapPartitionsRDD[76] at collect at DriverActivationSpec.scala:101), which has no missing parents
26/07/26 05:13:34 INFO TaskSchedulerImpl: Removed TaskSet 20.0 whose tasks have all completed, from pool
26/07/26 05:13:34 INFO MemoryStore: Block broadcast_21 stored as values in memory (estimated size 29.2 KiB, free 1002.4 MiB)
26/07/26 05:13:34 INFO MemoryStore: Block broadcast_21_piece0 stored as bytes in memory (estimated size 13.0 KiB, free 1002.4 MiB)
26/07/26 05:13:34 INFO SparkContext: Created broadcast 21 from broadcast at DAGScheduler.scala:1686
26/07/26 05:13:34 INFO DAGScheduler: Submitting 2 missing tasks from ResultStage 21 (MapPartitionsRDD[76] at collect at DriverActivationSpec.scala:101) (first 15 tasks are for partitions Vector(0, 1))
26/07/26 05:13:34 INFO TaskSchedulerImpl: Adding task set 21.0 with 2 tasks resource profile 0
26/07/26 05:13:34 INFO TaskSetManager: Starting task 0.0 in stage 21.0 (TID 42) (ab93cff004a3,executor driver, partition 0, NODE_LOCAL, 9847 bytes)
26/07/26 05:13:34 INFO TaskSetManager: Starting task 1.0 in stage 21.0 (TID 43) (ab93cff004a3,executor driver, partition 1, NODE_LOCAL, 9847 bytes)
26/07/26 05:13:34 INFO Executor: Running task 0.0 in stage 21.0 (TID 42)
26/07/26 05:13:34 INFO Executor: Running task 1.0 in stage 21.0 (TID 43)
26/07/26 05:13:34 INFO ShuffleBlockFetcherIterator: Getting 2 (608.0 B) non-empty blocks including 2 (608.0 B) local and 0 (0.0 B) host-local and 0 (0.0 B) push-merged-local and 0 (0.0 B) remote blocks
26/07/26 05:13:34 INFO ShuffleBlockFetcherIterator: Started 0 remote fetches in 0 ms
26/07/26 05:13:34 INFO Executor: Finished task 0.0 in stage 21.0 (TID 42). 4944 bytes result sent to driver
26/07/26 05:13:34 INFO TaskSetManager: Finished task 0.0 in stage 21.0 (TID 42) in 44 ms on ab93cff004a3 (executor driver) (1/2)
26/07/26 05:13:34 INFO ShuffleBlockFetcherIterator: Getting 2 (456.0 B) non-empty blocks including 2 (456.0 B) local and 0 (0.0 B) host-local and 0 (0.0 B) push-merged-local and 0 (0.0 B) remote blocks
26/07/26 05:13:34 INFO ShuffleBlockFetcherIterator: Started 0 remote fetches in 28 ms
26/07/26 05:13:34 INFO Executor: Finished task 1.0 in stage 21.0 (TID 43). 4849 bytes result sent to driver
26/07/26 05:13:34 INFO TaskSetManager: Finished task 1.0 in stage 21.0 (TID 43) in 92 ms on ab93cff004a3 (executor driver) (2/2)
26/07/26 05:13:34 INFO TaskSchedulerImpl: Removed TaskSet 21.0 whose tasks have all completed, from pool
26/07/26 05:13:34 INFO DAGScheduler: ResultStage 21 (collect at DriverActivationSpec.scala:101) finished in 126 ms
26/07/26 05:13:34 INFO DAGScheduler: Job 10 is finished. Cancelling potential speculative or zombie tasks for this job
26/07/26 05:13:34 INFO TaskSchedulerImpl: Canceling stage 21
26/07/26 05:13:34 INFO TaskSchedulerImpl: Killing all running tasks in stage 21: Stage finished
26/07/26 05:13:34 INFO DAGScheduler: Job 10 finished: collect at DriverActivationSpec.scala:101, took 246.628178 ms
26/07/26 05:13:34 INFO HashAggregateExec: spark.sql.codegen.aggregate.map.twolevel.enabled is set to true, but current version of codegened fast hashmap does not support this aggregate.
26/07/26 05:13:34 INFO SparkContext: Starting job: collect at DriverActivationSpec.scala:101
26/07/26 05:13:34 INFO DAGScheduler: Registering RDD 80 (collect at DriverActivationSpec.scala:101) as input to shuffle 11
26/07/26 05:13:34 INFO DAGScheduler: Got job 11 (collect at DriverActivationSpec.scala:101) with 2 output partitions
26/07/26 05:13:34 INFO DAGScheduler: Final stage: ResultStage 23 (collect at DriverActivationSpec.scala:101)
26/07/26 05:13:34 INFO DAGScheduler: Parents of final stage: List(ShuffleMapStage 22)
26/07/26 05:13:34 INFO DAGScheduler: Missing parents: List(ShuffleMapStage 22)
26/07/26 05:13:34 INFO DAGScheduler: Missing parents found for ResultStage 23: List(ShuffleMapStage 22)
26/07/26 05:13:34 INFO DAGScheduler: Missing parents found for ShuffleMapStage 22: List()
26/07/26 05:13:34 INFO DAGScheduler: Submitting ShuffleMapStage 22 (MapPartitionsRDD[80] at collect at DriverActivationSpec.scala:101), which has no missing parents
26/07/26 05:13:34 INFO MemoryStore: Block broadcast_22 stored as values in memory (estimated size 31.6 KiB, free 1002.7 MiB)
26/07/26 05:13:34 INFO MemoryStore: Block broadcast_22_piece0 stored as bytes in memory (estimated size 13.9 KiB, free 1002.6 MiB)
26/07/26 05:13:34 INFO SparkContext: Created broadcast 22 from broadcast at DAGScheduler.scala:1686
26/07/26 05:13:34 INFO DAGScheduler: Submitting 2 missing tasks from ShuffleMapStage 22 (MapPartitionsRDD[80] at collect at DriverActivationSpec.scala:101) (first 15 tasks are for partitions Vector(0, 1))
26/07/26 05:13:34 INFO TaskSchedulerImpl: Adding task set 22.0 with 2 tasks resource profile 0
26/07/26 05:13:34 INFO TaskSetManager: Starting task 0.0 in stage 22.0 (TID 44) (ab93cff004a3,executor driver, partition 0, PROCESS_LOCAL, 9971 bytes)
26/07/26 05:13:34 INFO TaskSetManager: Starting task 1.0 in stage 22.0 (TID 45) (ab93cff004a3,executor driver, partition 1, PROCESS_LOCAL, 9971 bytes)
26/07/26 05:13:34 INFO Executor: Running task 1.0 in stage 22.0 (TID 45)
26/07/26 05:13:34 INFO Executor: Running task 0.0 in stage 22.0 (TID 44)
26/07/26 05:13:34 INFO Executor: Finished task 1.0 in stage 22.0 (TID 45). 2294 bytes result sent to driver
26/07/26 05:13:34 INFO TaskSetManager: Finished task 1.0 in stage 22.0 (TID 45) in 44 ms on ab93cff004a3 (executor driver) (1/2)
26/07/26 05:13:35 INFO Executor: Finished task 0.0 in stage 22.0 (TID 44). 2337 bytes result sent to driver
26/07/26 05:13:35 INFO TaskSetManager: Finished task 0.0 in stage 22.0 (TID 44) in 181 ms on ab93cff004a3 (executor driver) (2/2)
26/07/26 05:13:35 INFO TaskSchedulerImpl: Removed TaskSet 22.0 whose tasks have all completed, from pool
26/07/26 05:13:35 INFO DAGScheduler: ShuffleMapStage 22 (collect at DriverActivationSpec.scala:101) finished in 201 ms
26/07/26 05:13:35 INFO DAGScheduler: looking for newly runnable stages
26/07/26 05:13:35 INFO DAGScheduler: running: HashSet()
26/07/26 05:13:35 INFO DAGScheduler: waiting: HashSet(ResultStage 23)
26/07/26 05:13:35 INFO DAGScheduler: failed: HashSet()
26/07/26 05:13:35 INFO DAGScheduler: Missing parents found for ResultStage 23: List()
26/07/26 05:13:35 INFO DAGScheduler: Submitting ResultStage 23 (MapPartitionsRDD[83] at collect at DriverActivationSpec.scala:101), which has no missing parents
26/07/26 05:13:35 INFO MemoryStore: Block broadcast_23 stored as values in memory (estimated size 29.2 KiB, free 1002.8 MiB)
26/07/26 05:13:35 INFO MemoryStore: Block broadcast_23_piece0 stored as bytes in memory (estimated size 13.0 KiB, free 1002.8 MiB)
26/07/26 05:13:35 INFO SparkContext: Created broadcast 23 from broadcast at DAGScheduler.scala:1686
26/07/26 05:13:35 INFO DAGScheduler: Submitting 2 missing tasks from ResultStage 23 (MapPartitionsRDD[83] at collect at DriverActivationSpec.scala:101) (first 15 tasks are for partitions Vector(0, 1))
26/07/26 05:13:35 INFO TaskSchedulerImpl: Adding task set 23.0 with 2 tasks resource profile 0
26/07/26 05:13:35 INFO TaskSetManager: Starting task 0.0 in stage 23.0 (TID 46) (ab93cff004a3,executor driver, partition 0, NODE_LOCAL, 9847 bytes)
26/07/26 05:13:35 INFO TaskSetManager: Starting task 1.0 in stage 23.0 (TID 47) (ab93cff004a3,executor driver, partition 1, NODE_LOCAL, 9847 bytes)
26/07/26 05:13:35 INFO Executor: Running task 0.0 in stage 23.0 (TID 46)
26/07/26 05:13:35 INFO Executor: Running task 1.0 in stage 23.0 (TID 47)
26/07/26 05:13:35 INFO ShuffleBlockFetcherIterator: Getting 2 (456.0 B) non-empty blocks including 2 (456.0 B) local and 0 (0.0 B) host-local and 0 (0.0 B) push-merged-local and 0 (0.0 B) remote blocks
26/07/26 05:13:35 INFO ShuffleBlockFetcherIterator: Started 0 remote fetches in 1 ms
26/07/26 05:13:35 INFO ShuffleBlockFetcherIterator: Getting 2 (608.0 B) non-empty blocks including 2 (608.0 B) local and 0 (0.0 B) host-local and 0 (0.0 B) push-merged-local and 0 (0.0 B) remote blocks
26/07/26 05:13:35 INFO ShuffleBlockFetcherIterator: Started 0 remote fetches in 1 ms
26/07/26 05:13:35 INFO Executor: Finished task 1.0 in stage 23.0 (TID 47). 4849 bytes result sent to driver
26/07/26 05:13:35 INFO TaskSetManager: Finished task 1.0 in stage 23.0 (TID 47) in 102 ms on ab93cff004a3 (executor driver) (1/2)
26/07/26 05:13:35 INFO Executor: Finished task 0.0 in stage 23.0 (TID 46). 4987 bytes result sent to driver
26/07/26 05:13:35 INFO TaskSetManager: Finished task 0.0 in stage 23.0 (TID 46) in 219 ms on ab93cff004a3 (executor driver) (2/2)
26/07/26 05:13:35 INFO TaskSchedulerImpl: Removed TaskSet 23.0 whose tasks have all completed, from pool
26/07/26 05:13:35 INFO DAGScheduler: ResultStage 23 (collect at DriverActivationSpec.scala:101) finished in 250 ms
26/07/26 05:13:35 INFO DAGScheduler: Job 11 is finished. Cancelling potential speculative or zombie tasks for this job
26/07/26 05:13:35 INFO TaskSchedulerImpl: Canceling stage 23
26/07/26 05:13:35 INFO TaskSchedulerImpl: Killing all running tasks in stage 23: Stage finished
26/07/26 05:13:35 INFO DAGScheduler: Job 11 finished: collect at DriverActivationSpec.scala:101, took 498.157743 ms
26/07/26 05:13:35 ERROR HttpExporter: Failed to export spans. The request could not be executed. Full error message: Failed to connect to /127.0.0.1:1
java.net.ConnectException: Failed to connect to /127.0.0.1:1
	at okhttp3.internal.connection.RealConnection.connectSocket(RealConnection.kt:297)
	at okhttp3.internal.connection.RealConnection.connect(RealConnection.kt:207)
	at okhttp3.internal.connection.ExchangeFinder.findConnection(ExchangeFinder.kt:226)
	at okhttp3.internal.connection.ExchangeFinder.findHealthyConnection(ExchangeFinder.kt:106)
	at okhttp3.internal.connection.ExchangeFinder.find(ExchangeFinder.kt:74)
	at okhttp3.internal.connection.RealCall.initExchange$okhttp(RealCall.kt:255)
	at okhttp3.internal.connection.ConnectInterceptor.intercept(ConnectInterceptor.kt:32)
	at okhttp3.internal.http.RealInterceptorChain.proceed(RealInterceptorChain.kt:109)
	at okhttp3.internal.cache.CacheInterceptor.intercept(CacheInterceptor.kt:95)
	at okhttp3.internal.http.RealInterceptorChain.proceed(RealInterceptorChain.kt:109)
	at okhttp3.internal.http.BridgeInterceptor.intercept(BridgeInterceptor.kt:83)
	at okhttp3.internal.http.RealInterceptorChain.proceed(RealInterceptorChain.kt:109)
	at okhttp3.internal.http.RetryAndFollowUpInterceptor.intercept(RetryAndFollowUpInterceptor.kt:76)
	at okhttp3.internal.http.RealInterceptorChain.proceed(RealInterceptorChain.kt:109)
	at io.opentelemetry.exporter.sender.okhttp.internal.RetryInterceptor.intercept(RetryInterceptor.java:91)
	at okhttp3.internal.http.RealInterceptorChain.proceed(RealInterceptorChain.kt:109)
	at okhttp3.internal.connection.RealCall.getResponseWithInterceptorChain$okhttp(RealCall.kt:201)
	at okhttp3.internal.connection.RealCall$AsyncCall.run(RealCall.kt:517)
	at java.base/java.util.concurrent.ThreadPoolExecutor.runWorker(ThreadPoolExecutor.java:1136)
	at java.base/java.util.concurrent.ThreadPoolExecutor$Worker.run(ThreadPoolExecutor.java:635)
	at java.base/java.lang.Thread.run(Thread.java:840)
Caused by: java.net.ConnectException: Connection refused
	at java.base/sun.nio.ch.Net.pollConnect(Native Method)
	at java.base/sun.nio.ch.Net.pollConnectNow(Net.java:672)
	at java.base/sun.nio.ch.NioSocketImpl.timedFinishConnect(NioSocketImpl.java:547)
	at java.base/sun.nio.ch.NioSocketImpl.connect(NioSocketImpl.java:602)
	at java.base/java.net.SocksSocketImpl.connect(SocksSocketImpl.java:327)
	at java.base/java.net.Socket.connect(Socket.java:633)
	at okhttp3.internal.platform.Platform.connectSocket(Platform.kt:128)
	at okhttp3.internal.connection.RealConnection.connectSocket(RealConnection.kt:295)
	... 20 more
26/07/26 05:13:35 INFO HashAggregateExec: spark.sql.codegen.aggregate.map.twolevel.enabled is set to true, but current version of codegened fast hashmap does not support this aggregate.
26/07/26 05:13:35 INFO SparkContext: Starting job: collect at DriverActivationSpec.scala:101
26/07/26 05:13:35 INFO DAGScheduler: Registering RDD 87 (collect at DriverActivationSpec.scala:101) as input to shuffle 12
26/07/26 05:13:35 INFO DAGScheduler: Got job 12 (collect at DriverActivationSpec.scala:101) with 2 output partitions
26/07/26 05:13:35 INFO DAGScheduler: Final stage: ResultStage 25 (collect at DriverActivationSpec.scala:101)
26/07/26 05:13:35 INFO DAGScheduler: Parents of final stage: List(ShuffleMapStage 24)
26/07/26 05:13:35 INFO DAGScheduler: Missing parents: List(ShuffleMapStage 24)
26/07/26 05:13:35 INFO DAGScheduler: Missing parents found for ResultStage 25: List(ShuffleMapStage 24)
26/07/26 05:13:35 INFO DAGScheduler: Missing parents found for ShuffleMapStage 24: List()
26/07/26 05:13:35 INFO DAGScheduler: Submitting ShuffleMapStage 24 (MapPartitionsRDD[87] at collect at DriverActivationSpec.scala:101), which has no missing parents
26/07/26 05:13:35 INFO MemoryStore: Block broadcast_24 stored as values in memory (estimated size 31.6 KiB, free 1002.9 MiB)
26/07/26 05:13:35 INFO MemoryStore: Block broadcast_24_piece0 stored as bytes in memory (estimated size 13.9 KiB, free 1002.9 MiB)
26/07/26 05:13:35 INFO SparkContext: Created broadcast 24 from broadcast at DAGScheduler.scala:1686
26/07/26 05:13:35 INFO DAGScheduler: Submitting 2 missing tasks from ShuffleMapStage 24 (MapPartitionsRDD[87] at collect at DriverActivationSpec.scala:101) (first 15 tasks are for partitions Vector(0, 1))
26/07/26 05:13:35 INFO TaskSchedulerImpl: Adding task set 24.0 with 2 tasks resource profile 0
26/07/26 05:13:35 INFO TaskSetManager: Starting task 0.0 in stage 24.0 (TID 48) (ab93cff004a3,executor driver, partition 0, PROCESS_LOCAL, 9971 bytes)
26/07/26 05:13:35 INFO TaskSetManager: Starting task 1.0 in stage 24.0 (TID 49) (ab93cff004a3,executor driver, partition 1, PROCESS_LOCAL, 9971 bytes)
26/07/26 05:13:35 INFO Executor: Running task 0.0 in stage 24.0 (TID 48)
26/07/26 05:13:35 INFO Executor: Running task 1.0 in stage 24.0 (TID 49)
26/07/26 05:13:35 INFO Executor: Finished task 0.0 in stage 24.0 (TID 48). 2294 bytes result sent to driver
26/07/26 05:13:35 INFO TaskSetManager: Finished task 0.0 in stage 24.0 (TID 48) in 134 ms on ab93cff004a3 (executor driver) (1/2)
26/07/26 05:13:36 INFO Executor: Finished task 1.0 in stage 24.0 (TID 49). 2294 bytes result sent to driver
26/07/26 05:13:36 INFO TaskSetManager: Finished task 1.0 in stage 24.0 (TID 49) in 211 ms on ab93cff004a3 (executor driver) (2/2)
26/07/26 05:13:36 INFO TaskSchedulerImpl: Removed TaskSet 24.0 whose tasks have all completed, from pool
26/07/26 05:13:36 INFO DAGScheduler: ShuffleMapStage 24 (collect at DriverActivationSpec.scala:101) finished in 253 ms
26/07/26 05:13:36 INFO DAGScheduler: looking for newly runnable stages
26/07/26 05:13:36 INFO DAGScheduler: running: HashSet()
26/07/26 05:13:36 INFO DAGScheduler: waiting: HashSet(ResultStage 25)
26/07/26 05:13:36 INFO DAGScheduler: failed: HashSet()
26/07/26 05:13:36 INFO DAGScheduler: Missing parents found for ResultStage 25: List()
26/07/26 05:13:36 INFO DAGScheduler: Submitting ResultStage 25 (MapPartitionsRDD[90] at collect at DriverActivationSpec.scala:101), which has no missing parents
26/07/26 05:13:36 INFO MemoryStore: Block broadcast_25 stored as values in memory (estimated size 29.2 KiB, free 1003.0 MiB)
26/07/26 05:13:36 INFO MemoryStore: Block broadcast_25_piece0 stored as bytes in memory (estimated size 13.0 KiB, free 1003.0 MiB)
26/07/26 05:13:36 INFO SparkContext: Created broadcast 25 from broadcast at DAGScheduler.scala:1686
26/07/26 05:13:36 INFO DAGScheduler: Submitting 2 missing tasks from ResultStage 25 (MapPartitionsRDD[90] at collect at DriverActivationSpec.scala:101) (first 15 tasks are for partitions Vector(0, 1))
26/07/26 05:13:36 INFO TaskSchedulerImpl: Adding task set 25.0 with 2 tasks resource profile 0
26/07/26 05:13:36 INFO TaskSetManager: Starting task 0.0 in stage 25.0 (TID 50) (ab93cff004a3,executor driver, partition 0, NODE_LOCAL, 9847 bytes)
26/07/26 05:13:36 INFO TaskSetManager: Starting task 1.0 in stage 25.0 (TID 51) (ab93cff004a3,executor driver, partition 1, NODE_LOCAL, 9847 bytes)
26/07/26 05:13:36 INFO Executor: Running task 1.0 in stage 25.0 (TID 51)
26/07/26 05:13:36 INFO Executor: Running task 0.0 in stage 25.0 (TID 50)
26/07/26 05:13:36 INFO ShuffleBlockFetcherIterator: Getting 2 (456.0 B) non-empty blocks including 2 (456.0 B) local and 0 (0.0 B) host-local and 0 (0.0 B) push-merged-local and 0 (0.0 B) remote blocks
26/07/26 05:13:36 INFO ShuffleBlockFetcherIterator: Started 0 remote fetches in 4 ms
26/07/26 05:13:36 INFO Executor: Finished task 1.0 in stage 25.0 (TID 51). 4849 bytes result sent to driver
26/07/26 05:13:36 INFO TaskSetManager: Finished task 1.0 in stage 25.0 (TID 51) in 105 ms on ab93cff004a3 (executor driver) (1/2)
26/07/26 05:13:36 INFO ShuffleBlockFetcherIterator: Getting 2 (608.0 B) non-empty blocks including 2 (608.0 B) local and 0 (0.0 B) host-local and 0 (0.0 B) push-merged-local and 0 (0.0 B) remote blocks
26/07/26 05:13:36 INFO ShuffleBlockFetcherIterator: Started 0 remote fetches in 1 ms
26/07/26 05:13:36 INFO Executor: Finished task 0.0 in stage 25.0 (TID 50). 4944 bytes result sent to driver
26/07/26 05:13:36 INFO TaskSetManager: Finished task 0.0 in stage 25.0 (TID 50) in 134 ms on ab93cff004a3 (executor driver) (2/2)
26/07/26 05:13:36 INFO DAGScheduler: ResultStage 25 (collect at DriverActivationSpec.scala:101) finished in 170 ms
26/07/26 05:13:36 INFO TaskSchedulerImpl: Removed TaskSet 25.0 whose tasks have all completed, from pool
26/07/26 05:13:36 INFO DAGScheduler: Job 12 is finished. Cancelling potential speculative or zombie tasks for this job
26/07/26 05:13:36 INFO TaskSchedulerImpl: Canceling stage 25
26/07/26 05:13:36 INFO TaskSchedulerImpl: Killing all running tasks in stage 25: Stage finished
26/07/26 05:13:36 INFO DAGScheduler: Job 12 finished: collect at DriverActivationSpec.scala:101, took 463.454146 ms
26/07/26 05:13:36 INFO HashAggregateExec: spark.sql.codegen.aggregate.map.twolevel.enabled is set to true, but current version of codegened fast hashmap does not support this aggregate.
26/07/26 05:13:36 INFO SparkContext: Starting job: collect at DriverActivationSpec.scala:101
26/07/26 05:13:36 INFO DAGScheduler: Registering RDD 94 (collect at DriverActivationSpec.scala:101) as input to shuffle 13
26/07/26 05:13:36 INFO DAGScheduler: Got job 13 (collect at DriverActivationSpec.scala:101) with 2 output partitions
26/07/26 05:13:36 INFO DAGScheduler: Final stage: ResultStage 27 (collect at DriverActivationSpec.scala:101)
26/07/26 05:13:36 INFO DAGScheduler: Parents of final stage: List(ShuffleMapStage 26)
26/07/26 05:13:36 INFO DAGScheduler: Missing parents: List(ShuffleMapStage 26)
26/07/26 05:13:36 INFO DAGScheduler: Missing parents found for ResultStage 27: List(ShuffleMapStage 26)
26/07/26 05:13:36 INFO DAGScheduler: Missing parents found for ShuffleMapStage 26: List()
26/07/26 05:13:36 INFO DAGScheduler: Submitting ShuffleMapStage 26 (MapPartitionsRDD[94] at collect at DriverActivationSpec.scala:101), which has no missing parents
26/07/26 05:13:36 INFO MemoryStore: Block broadcast_26 stored as values in memory (estimated size 31.6 KiB, free 1003.0 MiB)
26/07/26 05:13:36 INFO MemoryStore: Block broadcast_26_piece0 stored as bytes in memory (estimated size 13.9 KiB, free 1003.0 MiB)
26/07/26 05:13:36 INFO SparkContext: Created broadcast 26 from broadcast at DAGScheduler.scala:1686
26/07/26 05:13:36 INFO DAGScheduler: Submitting 2 missing tasks from ShuffleMapStage 26 (MapPartitionsRDD[94] at collect at DriverActivationSpec.scala:101) (first 15 tasks are for partitions Vector(0, 1))
26/07/26 05:13:36 INFO TaskSchedulerImpl: Adding task set 26.0 with 2 tasks resource profile 0
26/07/26 05:13:36 INFO TaskSetManager: Starting task 0.0 in stage 26.0 (TID 52) (ab93cff004a3,executor driver, partition 0, PROCESS_LOCAL, 9971 bytes)
26/07/26 05:13:36 INFO TaskSetManager: Starting task 1.0 in stage 26.0 (TID 53) (ab93cff004a3,executor driver, partition 1, PROCESS_LOCAL, 9971 bytes)
26/07/26 05:13:36 INFO Executor: Running task 0.0 in stage 26.0 (TID 52)
26/07/26 05:13:36 INFO Executor: Running task 1.0 in stage 26.0 (TID 53)
26/07/26 05:13:36 INFO Executor: Finished task 0.0 in stage 26.0 (TID 52). 2294 bytes result sent to driver
26/07/26 05:13:36 INFO TaskSetManager: Finished task 0.0 in stage 26.0 (TID 52) in 30 ms on ab93cff004a3 (executor driver) (1/2)
26/07/26 05:13:36 INFO Executor: Finished task 1.0 in stage 26.0 (TID 53). 2294 bytes result sent to driver
26/07/26 05:13:36 INFO TaskSetManager: Finished task 1.0 in stage 26.0 (TID 53) in 61 ms on ab93cff004a3 (executor driver) (2/2)
26/07/26 05:13:36 INFO TaskSchedulerImpl: Removed TaskSet 26.0 whose tasks have all completed, from pool
26/07/26 05:13:36 INFO DAGScheduler: ShuffleMapStage 26 (collect at DriverActivationSpec.scala:101) finished in 87 ms
26/07/26 05:13:36 INFO DAGScheduler: looking for newly runnable stages
26/07/26 05:13:36 INFO DAGScheduler: running: HashSet()
26/07/26 05:13:36 INFO DAGScheduler: waiting: HashSet(ResultStage 27)
26/07/26 05:13:36 INFO DAGScheduler: failed: HashSet()
26/07/26 05:13:36 INFO DAGScheduler: Missing parents found for ResultStage 27: List()
26/07/26 05:13:36 INFO DAGScheduler: Submitting ResultStage 27 (MapPartitionsRDD[97] at collect at DriverActivationSpec.scala:101), which has no missing parents
26/07/26 05:13:36 INFO MemoryStore: Block broadcast_27 stored as values in memory (estimated size 29.2 KiB, free 1003.0 MiB)
26/07/26 05:13:36 INFO MemoryStore: Block broadcast_27_piece0 stored as bytes in memory (estimated size 13.0 KiB, free 1002.9 MiB)
26/07/26 05:13:36 INFO SparkContext: Created broadcast 27 from broadcast at DAGScheduler.scala:1686
26/07/26 05:13:36 INFO DAGScheduler: Submitting 2 missing tasks from ResultStage 27 (MapPartitionsRDD[97] at collect at DriverActivationSpec.scala:101) (first 15 tasks are for partitions Vector(0, 1))
26/07/26 05:13:36 INFO TaskSchedulerImpl: Adding task set 27.0 with 2 tasks resource profile 0
26/07/26 05:13:36 INFO TaskSetManager: Starting task 0.0 in stage 27.0 (TID 54) (ab93cff004a3,executor driver, partition 0, NODE_LOCAL, 9847 bytes)
26/07/26 05:13:36 INFO TaskSetManager: Starting task 1.0 in stage 27.0 (TID 55) (ab93cff004a3,executor driver, partition 1, NODE_LOCAL, 9847 bytes)
26/07/26 05:13:36 INFO Executor: Running task 0.0 in stage 27.0 (TID 54)
26/07/26 05:13:36 INFO Executor: Running task 1.0 in stage 27.0 (TID 55)
26/07/26 05:13:36 INFO ShuffleBlockFetcherIterator: Getting 2 (456.0 B) non-empty blocks including 2 (456.0 B) local and 0 (0.0 B) host-local and 0 (0.0 B) push-merged-local and 0 (0.0 B) remote blocks
26/07/26 05:13:36 INFO ShuffleBlockFetcherIterator: Started 0 remote fetches in 1 ms
26/07/26 05:13:36 INFO Executor: Finished task 1.0 in stage 27.0 (TID 55). 4849 bytes result sent to driver
26/07/26 05:13:36 INFO TaskSetManager: Finished task 1.0 in stage 27.0 (TID 55) in 52 ms on ab93cff004a3 (executor driver) (1/2)
26/07/26 05:13:36 INFO ShuffleBlockFetcherIterator: Getting 2 (608.0 B) non-empty blocks including 2 (608.0 B) local and 0 (0.0 B) host-local and 0 (0.0 B) push-merged-local and 0 (0.0 B) remote blocks
26/07/26 05:13:36 INFO ShuffleBlockFetcherIterator: Started 0 remote fetches in 1 ms
26/07/26 05:13:36 INFO Executor: Finished task 0.0 in stage 27.0 (TID 54). 4944 bytes result sent to driver
26/07/26 05:13:36 INFO TaskSetManager: Finished task 0.0 in stage 27.0 (TID 54) in 85 ms on ab93cff004a3 (executor driver) (2/2)
26/07/26 05:13:36 INFO TaskSchedulerImpl: Removed TaskSet 27.0 whose tasks have all completed, from pool
26/07/26 05:13:36 INFO DAGScheduler: ResultStage 27 (collect at DriverActivationSpec.scala:101) finished in 129 ms
26/07/26 05:13:36 INFO DAGScheduler: Job 13 is finished. Cancelling potential speculative or zombie tasks for this job
26/07/26 05:13:36 INFO TaskSchedulerImpl: Canceling stage 27
26/07/26 05:13:36 INFO TaskSchedulerImpl: Killing all running tasks in stage 27: Stage finished
26/07/26 05:13:36 INFO DAGScheduler: Job 13 finished: collect at DriverActivationSpec.scala:101, took 268.420089 ms
26/07/26 05:13:36 INFO HashAggregateExec: spark.sql.codegen.aggregate.map.twolevel.enabled is set to true, but current version of codegened fast hashmap does not support this aggregate.
26/07/26 05:13:37 INFO SparkContext: Starting job: collect at DriverActivationSpec.scala:101
26/07/26 05:13:37 INFO DAGScheduler: Registering RDD 101 (collect at DriverActivationSpec.scala:101) as input to shuffle 14
26/07/26 05:13:37 INFO DAGScheduler: Got job 14 (collect at DriverActivationSpec.scala:101) with 2 output partitions
26/07/26 05:13:37 INFO DAGScheduler: Final stage: ResultStage 29 (collect at DriverActivationSpec.scala:101)
26/07/26 05:13:37 INFO DAGScheduler: Parents of final stage: List(ShuffleMapStage 28)
26/07/26 05:13:37 INFO DAGScheduler: Missing parents: List(ShuffleMapStage 28)
26/07/26 05:13:37 INFO DAGScheduler: Missing parents found for ResultStage 29: List(ShuffleMapStage 28)
26/07/26 05:13:37 INFO DAGScheduler: Missing parents found for ShuffleMapStage 28: List()
26/07/26 05:13:37 INFO DAGScheduler: Submitting ShuffleMapStage 28 (MapPartitionsRDD[101] at collect at DriverActivationSpec.scala:101), which has no missing parents
26/07/26 05:13:37 INFO MemoryStore: Block broadcast_28 stored as values in memory (estimated size 31.6 KiB, free 1002.9 MiB)
26/07/26 05:13:37 INFO MemoryStore: Block broadcast_28_piece0 stored as bytes in memory (estimated size 13.9 KiB, free 1002.9 MiB)
26/07/26 05:13:37 INFO SparkContext: Created broadcast 28 from broadcast at DAGScheduler.scala:1686
26/07/26 05:13:37 INFO DAGScheduler: Submitting 2 missing tasks from ShuffleMapStage 28 (MapPartitionsRDD[101] at collect at DriverActivationSpec.scala:101) (first 15 tasks are for partitions Vector(0, 1))
26/07/26 05:13:37 INFO TaskSchedulerImpl: Adding task set 28.0 with 2 tasks resource profile 0
26/07/26 05:13:37 INFO TaskSetManager: Starting task 0.0 in stage 28.0 (TID 56) (ab93cff004a3,executor driver, partition 0, PROCESS_LOCAL, 9971 bytes)
26/07/26 05:13:37 INFO TaskSetManager: Starting task 1.0 in stage 28.0 (TID 57) (ab93cff004a3,executor driver, partition 1, PROCESS_LOCAL, 9971 bytes)
26/07/26 05:13:37 INFO Executor: Running task 1.0 in stage 28.0 (TID 57)
26/07/26 05:13:37 INFO Executor: Running task 0.0 in stage 28.0 (TID 56)
26/07/26 05:13:37 INFO Executor: Finished task 0.0 in stage 28.0 (TID 56). 2294 bytes result sent to driver
26/07/26 05:13:37 INFO TaskSetManager: Finished task 0.0 in stage 28.0 (TID 56) in 208 ms on ab93cff004a3 (executor driver) (1/2)
26/07/26 05:13:37 INFO Executor: Finished task 1.0 in stage 28.0 (TID 57). 2337 bytes result sent to driver
26/07/26 05:13:37 INFO TaskSetManager: Finished task 1.0 in stage 28.0 (TID 57) in 255 ms on ab93cff004a3 (executor driver) (2/2)
26/07/26 05:13:37 INFO TaskSchedulerImpl: Removed TaskSet 28.0 whose tasks have all completed, from pool
26/07/26 05:13:37 INFO DAGScheduler: ShuffleMapStage 28 (collect at DriverActivationSpec.scala:101) finished in 306 ms
26/07/26 05:13:37 INFO DAGScheduler: looking for newly runnable stages
26/07/26 05:13:37 INFO DAGScheduler: running: HashSet()
26/07/26 05:13:37 INFO DAGScheduler: waiting: HashSet(ResultStage 29)
26/07/26 05:13:37 INFO DAGScheduler: failed: HashSet()
26/07/26 05:13:37 INFO DAGScheduler: Missing parents found for ResultStage 29: List()
26/07/26 05:13:37 INFO DAGScheduler: Submitting ResultStage 29 (MapPartitionsRDD[104] at collect at DriverActivationSpec.scala:101), which has no missing parents
26/07/26 05:13:37 INFO MemoryStore: Block broadcast_29 stored as values in memory (estimated size 29.2 KiB, free 1002.9 MiB)
26/07/26 05:13:37 INFO MemoryStore: Block broadcast_29_piece0 stored as bytes in memory (estimated size 13.0 KiB, free 1002.9 MiB)
26/07/26 05:13:37 INFO SparkContext: Created broadcast 29 from broadcast at DAGScheduler.scala:1686
26/07/26 05:13:37 INFO DAGScheduler: Submitting 2 missing tasks from ResultStage 29 (MapPartitionsRDD[104] at collect at DriverActivationSpec.scala:101) (first 15 tasks are for partitions Vector(0, 1))
26/07/26 05:13:37 INFO TaskSchedulerImpl: Adding task set 29.0 with 2 tasks resource profile 0
26/07/26 05:13:37 INFO TaskSetManager: Starting task 0.0 in stage 29.0 (TID 58) (ab93cff004a3,executor driver, partition 0, NODE_LOCAL, 9847 bytes)
26/07/26 05:13:37 INFO TaskSetManager: Starting task 1.0 in stage 29.0 (TID 59) (ab93cff004a3,executor driver, partition 1, NODE_LOCAL, 9847 bytes)
26/07/26 05:13:37 INFO Executor: Running task 1.0 in stage 29.0 (TID 59)
26/07/26 05:13:37 INFO Executor: Running task 0.0 in stage 29.0 (TID 58)
26/07/26 05:13:37 INFO ShuffleBlockFetcherIterator: Getting 2 (456.0 B) non-empty blocks including 2 (456.0 B) local and 0 (0.0 B) host-local and 0 (0.0 B) push-merged-local and 0 (0.0 B) remote blocks
26/07/26 05:13:37 INFO ShuffleBlockFetcherIterator: Started 0 remote fetches in 13 ms
26/07/26 05:13:37 INFO Executor: Finished task 1.0 in stage 29.0 (TID 59). 4849 bytes result sent to driver
26/07/26 05:13:37 INFO ShuffleBlockFetcherIterator: Getting 2 (608.0 B) non-empty blocks including 2 (608.0 B) local and 0 (0.0 B) host-local and 0 (0.0 B) push-merged-local and 0 (0.0 B) remote blocks
26/07/26 05:13:37 INFO ShuffleBlockFetcherIterator: Started 0 remote fetches in 16 ms
26/07/26 05:13:37 INFO TaskSetManager: Finished task 1.0 in stage 29.0 (TID 59) in 63 ms on ab93cff004a3 (executor driver) (1/2)
26/07/26 05:13:37 INFO Executor: Finished task 0.0 in stage 29.0 (TID 58). 4944 bytes result sent to driver
26/07/26 05:13:37 INFO TaskSetManager: Finished task 0.0 in stage 29.0 (TID 58) in 107 ms on ab93cff004a3 (executor driver) (2/2)
26/07/26 05:13:37 INFO DAGScheduler: ResultStage 29 (collect at DriverActivationSpec.scala:101) finished in 129 ms
26/07/26 05:13:37 INFO TaskSchedulerImpl: Removed TaskSet 29.0 whose tasks have all completed, from pool
26/07/26 05:13:37 INFO DAGScheduler: Job 14 is finished. Cancelling potential speculative or zombie tasks for this job
26/07/26 05:13:37 INFO TaskSchedulerImpl: Canceling stage 29
26/07/26 05:13:37 INFO TaskSchedulerImpl: Killing all running tasks in stage 29: Stage finished
26/07/26 05:13:37 INFO DAGScheduler: Job 14 finished: collect at DriverActivationSpec.scala:101, took 582.438577 ms
26/07/26 05:13:38 INFO HashAggregateExec: spark.sql.codegen.aggregate.map.twolevel.enabled is set to true, but current version of codegened fast hashmap does not support this aggregate.
26/07/26 05:13:38 INFO SparkContext: Starting job: collect at DriverActivationSpec.scala:101
26/07/26 05:13:38 INFO DAGScheduler: Registering RDD 108 (collect at DriverActivationSpec.scala:101) as input to shuffle 15
26/07/26 05:13:38 INFO DAGScheduler: Got job 15 (collect at DriverActivationSpec.scala:101) with 2 output partitions
26/07/26 05:13:38 INFO DAGScheduler: Final stage: ResultStage 31 (collect at DriverActivationSpec.scala:101)
26/07/26 05:13:38 INFO DAGScheduler: Parents of final stage: List(ShuffleMapStage 30)
26/07/26 05:13:38 INFO DAGScheduler: Missing parents: List(ShuffleMapStage 30)
26/07/26 05:13:38 INFO DAGScheduler: Missing parents found for ResultStage 31: List(ShuffleMapStage 30)
26/07/26 05:13:38 INFO DAGScheduler: Missing parents found for ShuffleMapStage 30: List()
26/07/26 05:13:38 INFO DAGScheduler: Submitting ShuffleMapStage 30 (MapPartitionsRDD[108] at collect at DriverActivationSpec.scala:101), which has no missing parents
26/07/26 05:13:38 INFO MemoryStore: Block broadcast_30 stored as values in memory (estimated size 31.6 KiB, free 1002.8 MiB)
26/07/26 05:13:38 INFO MemoryStore: Block broadcast_30_piece0 stored as bytes in memory (estimated size 13.9 KiB, free 1002.8 MiB)
26/07/26 05:13:38 INFO SparkContext: Created broadcast 30 from broadcast at DAGScheduler.scala:1686
26/07/26 05:13:38 INFO DAGScheduler: Submitting 2 missing tasks from ShuffleMapStage 30 (MapPartitionsRDD[108] at collect at DriverActivationSpec.scala:101) (first 15 tasks are for partitions Vector(0, 1))
26/07/26 05:13:38 INFO TaskSchedulerImpl: Adding task set 30.0 with 2 tasks resource profile 0
26/07/26 05:13:38 INFO TaskSetManager: Starting task 0.0 in stage 30.0 (TID 60) (ab93cff004a3,executor driver, partition 0, PROCESS_LOCAL, 9971 bytes)
26/07/26 05:13:38 INFO TaskSetManager: Starting task 1.0 in stage 30.0 (TID 61) (ab93cff004a3,executor driver, partition 1, PROCESS_LOCAL, 9971 bytes)
26/07/26 05:13:38 INFO Executor: Running task 1.0 in stage 30.0 (TID 61)
26/07/26 05:13:38 INFO Executor: Running task 0.0 in stage 30.0 (TID 60)
26/07/26 05:13:38 INFO Executor: Finished task 0.0 in stage 30.0 (TID 60). 2294 bytes result sent to driver
26/07/26 05:13:38 INFO TaskSetManager: Finished task 0.0 in stage 30.0 (TID 60) in 46 ms on ab93cff004a3 (executor driver) (1/2)
26/07/26 05:13:38 INFO Executor: Finished task 1.0 in stage 30.0 (TID 61). 2294 bytes result sent to driver
26/07/26 05:13:38 INFO TaskSetManager: Finished task 1.0 in stage 30.0 (TID 61) in 101 ms on ab93cff004a3 (executor driver) (2/2)
26/07/26 05:13:38 INFO TaskSchedulerImpl: Removed TaskSet 30.0 whose tasks have all completed, from pool
26/07/26 05:13:38 INFO DAGScheduler: ShuffleMapStage 30 (collect at DriverActivationSpec.scala:101) finished in 173 ms
26/07/26 05:13:38 INFO DAGScheduler: looking for newly runnable stages
26/07/26 05:13:38 INFO DAGScheduler: running: HashSet()
26/07/26 05:13:38 INFO DAGScheduler: waiting: HashSet(ResultStage 31)
26/07/26 05:13:38 INFO DAGScheduler: failed: HashSet()
26/07/26 05:13:38 INFO DAGScheduler: Missing parents found for ResultStage 31: List()
26/07/26 05:13:38 INFO DAGScheduler: Submitting ResultStage 31 (MapPartitionsRDD[111] at collect at DriverActivationSpec.scala:101), which has no missing parents
26/07/26 05:13:38 INFO MemoryStore: Block broadcast_31 stored as values in memory (estimated size 29.2 KiB, free 1002.8 MiB)
26/07/26 05:13:38 INFO MemoryStore: Block broadcast_31_piece0 stored as bytes in memory (estimated size 13.0 KiB, free 1002.8 MiB)
26/07/26 05:13:38 INFO SparkContext: Created broadcast 31 from broadcast at DAGScheduler.scala:1686
26/07/26 05:13:38 INFO DAGScheduler: Submitting 2 missing tasks from ResultStage 31 (MapPartitionsRDD[111] at collect at DriverActivationSpec.scala:101) (first 15 tasks are for partitions Vector(0, 1))
26/07/26 05:13:38 INFO TaskSchedulerImpl: Adding task set 31.0 with 2 tasks resource profile 0
26/07/26 05:13:38 INFO TaskSetManager: Starting task 0.0 in stage 31.0 (TID 62) (ab93cff004a3,executor driver, partition 0, NODE_LOCAL, 9847 bytes)
26/07/26 05:13:38 INFO TaskSetManager: Starting task 1.0 in stage 31.0 (TID 63) (ab93cff004a3,executor driver, partition 1, NODE_LOCAL, 9847 bytes)
26/07/26 05:13:38 INFO Executor: Running task 1.0 in stage 31.0 (TID 63)
26/07/26 05:13:38 INFO Executor: Running task 0.0 in stage 31.0 (TID 62)
26/07/26 05:13:38 INFO ShuffleBlockFetcherIterator: Getting 2 (608.0 B) non-empty blocks including 2 (608.0 B) local and 0 (0.0 B) host-local and 0 (0.0 B) push-merged-local and 0 (0.0 B) remote blocks
26/07/26 05:13:38 INFO ShuffleBlockFetcherIterator: Started 0 remote fetches in 6 ms
26/07/26 05:13:38 INFO ShuffleBlockFetcherIterator: Getting 2 (456.0 B) non-empty blocks including 2 (456.0 B) local and 0 (0.0 B) host-local and 0 (0.0 B) push-merged-local and 0 (0.0 B) remote blocks
26/07/26 05:13:38 INFO ShuffleBlockFetcherIterator: Started 0 remote fetches in 6 ms
26/07/26 05:13:38 INFO Executor: Finished task 0.0 in stage 31.0 (TID 62). 4944 bytes result sent to driver
26/07/26 05:13:38 INFO Executor: Finished task 1.0 in stage 31.0 (TID 63). 4849 bytes result sent to driver
26/07/26 05:13:38 INFO TaskSetManager: Finished task 1.0 in stage 31.0 (TID 63) in 74 ms on ab93cff004a3 (executor driver) (1/2)
26/07/26 05:13:38 INFO TaskSetManager: Finished task 0.0 in stage 31.0 (TID 62) in 77 ms on ab93cff004a3 (executor driver) (2/2)
26/07/26 05:13:38 INFO TaskSchedulerImpl: Removed TaskSet 31.0 whose tasks have all completed, from pool
26/07/26 05:13:38 INFO DAGScheduler: ResultStage 31 (collect at DriverActivationSpec.scala:101) finished in 124 ms
26/07/26 05:13:38 INFO DAGScheduler: Job 15 is finished. Cancelling potential speculative or zombie tasks for this job
26/07/26 05:13:38 INFO TaskSchedulerImpl: Canceling stage 31
26/07/26 05:13:38 INFO TaskSchedulerImpl: Killing all running tasks in stage 31: Stage finished
26/07/26 05:13:38 INFO DAGScheduler: Job 15 finished: collect at DriverActivationSpec.scala:101, took 321.638499 ms
26/07/26 05:13:38 INFO HashAggregateExec: spark.sql.codegen.aggregate.map.twolevel.enabled is set to true, but current version of codegened fast hashmap does not support this aggregate.
26/07/26 05:13:38 INFO SparkContext: Starting job: collect at DriverActivationSpec.scala:101
26/07/26 05:13:38 INFO DAGScheduler: Registering RDD 115 (collect at DriverActivationSpec.scala:101) as input to shuffle 16
26/07/26 05:13:38 INFO DAGScheduler: Got job 16 (collect at DriverActivationSpec.scala:101) with 2 output partitions
26/07/26 05:13:38 INFO DAGScheduler: Final stage: ResultStage 33 (collect at DriverActivationSpec.scala:101)
26/07/26 05:13:38 INFO DAGScheduler: Parents of final stage: List(ShuffleMapStage 32)
26/07/26 05:13:38 INFO DAGScheduler: Missing parents: List(ShuffleMapStage 32)
26/07/26 05:13:38 INFO DAGScheduler: Missing parents found for ResultStage 33: List(ShuffleMapStage 32)
26/07/26 05:13:38 INFO DAGScheduler: Missing parents found for ShuffleMapStage 32: List()
26/07/26 05:13:38 INFO DAGScheduler: Submitting ShuffleMapStage 32 (MapPartitionsRDD[115] at collect at DriverActivationSpec.scala:101), which has no missing parents
26/07/26 05:13:38 INFO MemoryStore: Block broadcast_32 stored as values in memory (estimated size 31.6 KiB, free 1002.7 MiB)
26/07/26 05:13:38 INFO MemoryStore: Block broadcast_32_piece0 stored as bytes in memory (estimated size 13.9 KiB, free 1002.7 MiB)
26/07/26 05:13:38 INFO SparkContext: Created broadcast 32 from broadcast at DAGScheduler.scala:1686
26/07/26 05:13:38 INFO DAGScheduler: Submitting 2 missing tasks from ShuffleMapStage 32 (MapPartitionsRDD[115] at collect at DriverActivationSpec.scala:101) (first 15 tasks are for partitions Vector(0, 1))
26/07/26 05:13:38 INFO TaskSchedulerImpl: Adding task set 32.0 with 2 tasks resource profile 0
26/07/26 05:13:38 INFO TaskSetManager: Starting task 0.0 in stage 32.0 (TID 64) (ab93cff004a3,executor driver, partition 0, PROCESS_LOCAL, 9971 bytes)
26/07/26 05:13:38 INFO TaskSetManager: Starting task 1.0 in stage 32.0 (TID 65) (ab93cff004a3,executor driver, partition 1, PROCESS_LOCAL, 9971 bytes)
26/07/26 05:13:38 INFO Executor: Running task 0.0 in stage 32.0 (TID 64)
26/07/26 05:13:38 INFO Executor: Running task 1.0 in stage 32.0 (TID 65)
26/07/26 05:13:38 INFO Executor: Finished task 0.0 in stage 32.0 (TID 64). 2294 bytes result sent to driver
26/07/26 05:13:38 INFO TaskSetManager: Finished task 0.0 in stage 32.0 (TID 64) in 49 ms on ab93cff004a3 (executor driver) (1/2)
26/07/26 05:13:38 INFO Executor: Finished task 1.0 in stage 32.0 (TID 65). 2294 bytes result sent to driver
26/07/26 05:13:38 INFO TaskSetManager: Finished task 1.0 in stage 32.0 (TID 65) in 64 ms on ab93cff004a3 (executor driver) (2/2)
26/07/26 05:13:38 INFO DAGScheduler: ShuffleMapStage 32 (collect at DriverActivationSpec.scala:101) finished in 79 ms
26/07/26 05:13:38 INFO DAGScheduler: looking for newly runnable stages
26/07/26 05:13:38 INFO DAGScheduler: running: HashSet()
26/07/26 05:13:38 INFO DAGScheduler: waiting: HashSet(ResultStage 33)
26/07/26 05:13:38 INFO DAGScheduler: failed: HashSet()
26/07/26 05:13:38 INFO DAGScheduler: Missing parents found for ResultStage 33: List()
26/07/26 05:13:38 INFO TaskSchedulerImpl: Removed TaskSet 32.0 whose tasks have all completed, from pool
26/07/26 05:13:38 INFO DAGScheduler: Submitting ResultStage 33 (MapPartitionsRDD[118] at collect at DriverActivationSpec.scala:101), which has no missing parents
26/07/26 05:13:38 INFO MemoryStore: Block broadcast_33 stored as values in memory (estimated size 29.2 KiB, free 1002.7 MiB)
26/07/26 05:13:38 INFO MemoryStore: Block broadcast_33_piece0 stored as bytes in memory (estimated size 13.0 KiB, free 1002.7 MiB)
26/07/26 05:13:38 INFO SparkContext: Created broadcast 33 from broadcast at DAGScheduler.scala:1686
26/07/26 05:13:38 INFO DAGScheduler: Submitting 2 missing tasks from ResultStage 33 (MapPartitionsRDD[118] at collect at DriverActivationSpec.scala:101) (first 15 tasks are for partitions Vector(0, 1))
26/07/26 05:13:38 INFO TaskSchedulerImpl: Adding task set 33.0 with 2 tasks resource profile 0
26/07/26 05:13:38 INFO TaskSetManager: Starting task 0.0 in stage 33.0 (TID 66) (ab93cff004a3,executor driver, partition 0, NODE_LOCAL, 9847 bytes)
26/07/26 05:13:38 INFO TaskSetManager: Starting task 1.0 in stage 33.0 (TID 67) (ab93cff004a3,executor driver, partition 1, NODE_LOCAL, 9847 bytes)
26/07/26 05:13:38 INFO Executor: Running task 0.0 in stage 33.0 (TID 66)
26/07/26 05:13:38 INFO Executor: Running task 1.0 in stage 33.0 (TID 67)
26/07/26 05:13:38 INFO ShuffleBlockFetcherIterator: Getting 2 (608.0 B) non-empty blocks including 2 (608.0 B) local and 0 (0.0 B) host-local and 0 (0.0 B) push-merged-local and 0 (0.0 B) remote blocks
26/07/26 05:13:38 INFO ShuffleBlockFetcherIterator: Started 0 remote fetches in 1 ms
26/07/26 05:13:38 INFO Executor: Finished task 0.0 in stage 33.0 (TID 66). 4944 bytes result sent to driver
26/07/26 05:13:38 INFO TaskSetManager: Finished task 0.0 in stage 33.0 (TID 66) in 30 ms on ab93cff004a3 (executor driver) (1/2)
26/07/26 05:13:38 INFO ShuffleBlockFetcherIterator: Getting 2 (456.0 B) non-empty blocks including 2 (456.0 B) local and 0 (0.0 B) host-local and 0 (0.0 B) push-merged-local and 0 (0.0 B) remote blocks
26/07/26 05:13:38 INFO ShuffleBlockFetcherIterator: Started 0 remote fetches in 0 ms
26/07/26 05:13:38 INFO Executor: Finished task 1.0 in stage 33.0 (TID 67). 4849 bytes result sent to driver
26/07/26 05:13:38 INFO TaskSetManager: Finished task 1.0 in stage 33.0 (TID 67) in 51 ms on ab93cff004a3 (executor driver) (2/2)
26/07/26 05:13:38 INFO TaskSchedulerImpl: Removed TaskSet 33.0 whose tasks have all completed, from pool
26/07/26 05:13:38 INFO DAGScheduler: ResultStage 33 (collect at DriverActivationSpec.scala:101) finished in 69 ms
26/07/26 05:13:38 INFO DAGScheduler: Job 16 is finished. Cancelling potential speculative or zombie tasks for this job
26/07/26 05:13:38 INFO TaskSchedulerImpl: Canceling stage 33
26/07/26 05:13:38 INFO TaskSchedulerImpl: Killing all running tasks in stage 33: Stage finished
26/07/26 05:13:38 INFO DAGScheduler: Job 16 finished: collect at DriverActivationSpec.scala:101, took 169.662906 ms
26/07/26 05:13:39 INFO HashAggregateExec: spark.sql.codegen.aggregate.map.twolevel.enabled is set to true, but current version of codegened fast hashmap does not support this aggregate.
26/07/26 05:13:39 INFO SparkContext: Starting job: collect at DriverActivationSpec.scala:101
26/07/26 05:13:39 INFO DAGScheduler: Registering RDD 122 (collect at DriverActivationSpec.scala:101) as input to shuffle 17
26/07/26 05:13:39 INFO DAGScheduler: Got job 17 (collect at DriverActivationSpec.scala:101) with 2 output partitions
26/07/26 05:13:39 INFO DAGScheduler: Final stage: ResultStage 35 (collect at DriverActivationSpec.scala:101)
26/07/26 05:13:39 INFO DAGScheduler: Parents of final stage: List(ShuffleMapStage 34)
26/07/26 05:13:39 INFO DAGScheduler: Missing parents: List(ShuffleMapStage 34)
26/07/26 05:13:39 INFO DAGScheduler: Missing parents found for ResultStage 35: List(ShuffleMapStage 34)
26/07/26 05:13:39 INFO DAGScheduler: Missing parents found for ShuffleMapStage 34: List()
26/07/26 05:13:39 INFO DAGScheduler: Submitting ShuffleMapStage 34 (MapPartitionsRDD[122] at collect at DriverActivationSpec.scala:101), which has no missing parents
26/07/26 05:13:39 INFO MemoryStore: Block broadcast_34 stored as values in memory (estimated size 31.6 KiB, free 1002.7 MiB)
26/07/26 05:13:39 INFO MemoryStore: Block broadcast_34_piece0 stored as bytes in memory (estimated size 13.9 KiB, free 1002.6 MiB)
26/07/26 05:13:39 INFO SparkContext: Created broadcast 34 from broadcast at DAGScheduler.scala:1686
26/07/26 05:13:39 INFO DAGScheduler: Submitting 2 missing tasks from ShuffleMapStage 34 (MapPartitionsRDD[122] at collect at DriverActivationSpec.scala:101) (first 15 tasks are for partitions Vector(0, 1))
26/07/26 05:13:39 INFO TaskSchedulerImpl: Adding task set 34.0 with 2 tasks resource profile 0
26/07/26 05:13:39 INFO TaskSetManager: Starting task 0.0 in stage 34.0 (TID 68) (ab93cff004a3,executor driver, partition 0, PROCESS_LOCAL, 9971 bytes)
26/07/26 05:13:39 INFO TaskSetManager: Starting task 1.0 in stage 34.0 (TID 69) (ab93cff004a3,executor driver, partition 1, PROCESS_LOCAL, 9971 bytes)
26/07/26 05:13:39 INFO Executor: Running task 1.0 in stage 34.0 (TID 69)
26/07/26 05:13:39 INFO Executor: Running task 0.0 in stage 34.0 (TID 68)
26/07/26 05:13:39 INFO Executor: Finished task 1.0 in stage 34.0 (TID 69). 2294 bytes result sent to driver
26/07/26 05:13:39 INFO Executor: Finished task 0.0 in stage 34.0 (TID 68). 2294 bytes result sent to driver
26/07/26 05:13:39 INFO TaskSetManager: Finished task 1.0 in stage 34.0 (TID 69) in 43 ms on ab93cff004a3 (executor driver) (1/2)
26/07/26 05:13:39 INFO TaskSetManager: Finished task 0.0 in stage 34.0 (TID 68) in 46 ms on ab93cff004a3 (executor driver) (2/2)
26/07/26 05:13:39 INFO TaskSchedulerImpl: Removed TaskSet 34.0 whose tasks have all completed, from pool
26/07/26 05:13:39 INFO DAGScheduler: ShuffleMapStage 34 (collect at DriverActivationSpec.scala:101) finished in 59 ms
26/07/26 05:13:39 INFO DAGScheduler: looking for newly runnable stages
26/07/26 05:13:39 INFO DAGScheduler: running: HashSet()
26/07/26 05:13:39 INFO DAGScheduler: waiting: HashSet(ResultStage 35)
26/07/26 05:13:39 INFO DAGScheduler: failed: HashSet()
26/07/26 05:13:39 INFO DAGScheduler: Missing parents found for ResultStage 35: List()
26/07/26 05:13:39 INFO DAGScheduler: Submitting ResultStage 35 (MapPartitionsRDD[125] at collect at DriverActivationSpec.scala:101), which has no missing parents
26/07/26 05:13:39 INFO MemoryStore: Block broadcast_35 stored as values in memory (estimated size 29.2 KiB, free 1002.6 MiB)
26/07/26 05:13:39 INFO MemoryStore: Block broadcast_35_piece0 stored as bytes in memory (estimated size 13.0 KiB, free 1002.6 MiB)
26/07/26 05:13:39 INFO SparkContext: Created broadcast 35 from broadcast at DAGScheduler.scala:1686
26/07/26 05:13:39 INFO DAGScheduler: Submitting 2 missing tasks from ResultStage 35 (MapPartitionsRDD[125] at collect at DriverActivationSpec.scala:101) (first 15 tasks are for partitions Vector(0, 1))
26/07/26 05:13:39 INFO TaskSchedulerImpl: Adding task set 35.0 with 2 tasks resource profile 0
26/07/26 05:13:39 INFO TaskSetManager: Starting task 0.0 in stage 35.0 (TID 70) (ab93cff004a3,executor driver, partition 0, NODE_LOCAL, 9847 bytes)
26/07/26 05:13:39 INFO TaskSetManager: Starting task 1.0 in stage 35.0 (TID 71) (ab93cff004a3,executor driver, partition 1, NODE_LOCAL, 9847 bytes)
26/07/26 05:13:39 INFO Executor: Running task 0.0 in stage 35.0 (TID 70)
26/07/26 05:13:39 INFO Executor: Running task 1.0 in stage 35.0 (TID 71)
26/07/26 05:13:39 INFO ShuffleBlockFetcherIterator: Getting 2 (456.0 B) non-empty blocks including 2 (456.0 B) local and 0 (0.0 B) host-local and 0 (0.0 B) push-merged-local and 0 (0.0 B) remote blocks
26/07/26 05:13:39 INFO ShuffleBlockFetcherIterator: Started 0 remote fetches in 0 ms
26/07/26 05:13:39 INFO ShuffleBlockFetcherIterator: Getting 2 (608.0 B) non-empty blocks including 2 (608.0 B) local and 0 (0.0 B) host-local and 0 (0.0 B) push-merged-local and 0 (0.0 B) remote blocks
26/07/26 05:13:39 INFO ShuffleBlockFetcherIterator: Started 0 remote fetches in 2 ms
26/07/26 05:13:39 INFO Executor: Finished task 0.0 in stage 35.0 (TID 70). 4944 bytes result sent to driver
26/07/26 05:13:39 INFO Executor: Finished task 1.0 in stage 35.0 (TID 71). 4849 bytes result sent to driver
26/07/26 05:13:39 INFO TaskSetManager: Finished task 0.0 in stage 35.0 (TID 70) in 33 ms on ab93cff004a3 (executor driver) (1/2)
26/07/26 05:13:39 INFO TaskSetManager: Finished task 1.0 in stage 35.0 (TID 71) in 33 ms on ab93cff004a3 (executor driver) (2/2)
26/07/26 05:13:39 INFO TaskSchedulerImpl: Removed TaskSet 35.0 whose tasks have all completed, from pool
26/07/26 05:13:39 INFO DAGScheduler: ResultStage 35 (collect at DriverActivationSpec.scala:101) finished in 48 ms
26/07/26 05:13:39 INFO DAGScheduler: Job 17 is finished. Cancelling potential speculative or zombie tasks for this job
26/07/26 05:13:39 INFO TaskSchedulerImpl: Canceling stage 35
26/07/26 05:13:39 INFO TaskSchedulerImpl: Killing all running tasks in stage 35: Stage finished
26/07/26 05:13:39 INFO DAGScheduler: Job 17 finished: collect at DriverActivationSpec.scala:101, took 120.319281 ms
26/07/26 05:13:39 INFO HashAggregateExec: spark.sql.codegen.aggregate.map.twolevel.enabled is set to true, but current version of codegened fast hashmap does not support this aggregate.
26/07/26 05:13:39 INFO SparkContext: Starting job: collect at DriverActivationSpec.scala:101
26/07/26 05:13:39 INFO DAGScheduler: Registering RDD 129 (collect at DriverActivationSpec.scala:101) as input to shuffle 18
26/07/26 05:13:39 INFO DAGScheduler: Got job 18 (collect at DriverActivationSpec.scala:101) with 2 output partitions
26/07/26 05:13:39 INFO DAGScheduler: Final stage: ResultStage 37 (collect at DriverActivationSpec.scala:101)
26/07/26 05:13:39 INFO DAGScheduler: Parents of final stage: List(ShuffleMapStage 36)
26/07/26 05:13:39 INFO DAGScheduler: Missing parents: List(ShuffleMapStage 36)
26/07/26 05:13:39 INFO DAGScheduler: Missing parents found for ResultStage 37: List(ShuffleMapStage 36)
26/07/26 05:13:39 INFO DAGScheduler: Missing parents found for ShuffleMapStage 36: List()
26/07/26 05:13:39 INFO DAGScheduler: Submitting ShuffleMapStage 36 (MapPartitionsRDD[129] at collect at DriverActivationSpec.scala:101), which has no missing parents
26/07/26 05:13:39 INFO MemoryStore: Block broadcast_36 stored as values in memory (estimated size 31.6 KiB, free 1002.6 MiB)
26/07/26 05:13:39 INFO MemoryStore: Block broadcast_36_piece0 stored as bytes in memory (estimated size 13.9 KiB, free 1002.6 MiB)
26/07/26 05:13:39 INFO SparkContext: Created broadcast 36 from broadcast at DAGScheduler.scala:1686
26/07/26 05:13:39 INFO DAGScheduler: Submitting 2 missing tasks from ShuffleMapStage 36 (MapPartitionsRDD[129] at collect at DriverActivationSpec.scala:101) (first 15 tasks are for partitions Vector(0, 1))
26/07/26 05:13:39 INFO TaskSchedulerImpl: Adding task set 36.0 with 2 tasks resource profile 0
26/07/26 05:13:39 INFO TaskSetManager: Starting task 0.0 in stage 36.0 (TID 72) (ab93cff004a3,executor driver, partition 0, PROCESS_LOCAL, 9971 bytes)
26/07/26 05:13:39 INFO TaskSetManager: Starting task 1.0 in stage 36.0 (TID 73) (ab93cff004a3,executor driver, partition 1, PROCESS_LOCAL, 9971 bytes)
26/07/26 05:13:39 INFO Executor: Running task 0.0 in stage 36.0 (TID 72)
26/07/26 05:13:39 INFO Executor: Running task 1.0 in stage 36.0 (TID 73)
26/07/26 05:13:39 INFO Executor: Finished task 0.0 in stage 36.0 (TID 72). 2294 bytes result sent to driver
26/07/26 05:13:39 INFO TaskSetManager: Finished task 0.0 in stage 36.0 (TID 72) in 43 ms on ab93cff004a3 (executor driver) (1/2)
26/07/26 05:13:39 INFO Executor: Finished task 1.0 in stage 36.0 (TID 73). 2294 bytes result sent to driver
26/07/26 05:13:39 INFO TaskSetManager: Finished task 1.0 in stage 36.0 (TID 73) in 70 ms on ab93cff004a3 (executor driver) (2/2)
26/07/26 05:13:39 INFO TaskSchedulerImpl: Removed TaskSet 36.0 whose tasks have all completed, from pool
26/07/26 05:13:39 INFO DAGScheduler: ShuffleMapStage 36 (collect at DriverActivationSpec.scala:101) finished in 130 ms
26/07/26 05:13:39 INFO DAGScheduler: looking for newly runnable stages
26/07/26 05:13:39 INFO DAGScheduler: running: HashSet()
26/07/26 05:13:39 INFO DAGScheduler: waiting: HashSet(ResultStage 37)
26/07/26 05:13:39 INFO DAGScheduler: failed: HashSet()
26/07/26 05:13:39 INFO DAGScheduler: Missing parents found for ResultStage 37: List()
26/07/26 05:13:39 INFO DAGScheduler: Submitting ResultStage 37 (MapPartitionsRDD[132] at collect at DriverActivationSpec.scala:101), which has no missing parents
26/07/26 05:13:39 INFO MemoryStore: Block broadcast_37 stored as values in memory (estimated size 29.2 KiB, free 1002.5 MiB)
26/07/26 05:13:39 INFO MemoryStore: Block broadcast_37_piece0 stored as bytes in memory (estimated size 13.0 KiB, free 1002.5 MiB)
26/07/26 05:13:39 INFO SparkContext: Created broadcast 37 from broadcast at DAGScheduler.scala:1686
26/07/26 05:13:39 INFO DAGScheduler: Submitting 2 missing tasks from ResultStage 37 (MapPartitionsRDD[132] at collect at DriverActivationSpec.scala:101) (first 15 tasks are for partitions Vector(0, 1))
26/07/26 05:13:39 INFO TaskSchedulerImpl: Adding task set 37.0 with 2 tasks resource profile 0
26/07/26 05:13:39 INFO TaskSetManager: Starting task 0.0 in stage 37.0 (TID 74) (ab93cff004a3,executor driver, partition 0, NODE_LOCAL, 9847 bytes)
26/07/26 05:13:39 INFO TaskSetManager: Starting task 1.0 in stage 37.0 (TID 75) (ab93cff004a3,executor driver, partition 1, NODE_LOCAL, 9847 bytes)
26/07/26 05:13:39 INFO Executor: Running task 0.0 in stage 37.0 (TID 74)
26/07/26 05:13:39 INFO Executor: Running task 1.0 in stage 37.0 (TID 75)
26/07/26 05:13:39 INFO ShuffleBlockFetcherIterator: Getting 2 (608.0 B) non-empty blocks including 2 (608.0 B) local and 0 (0.0 B) host-local and 0 (0.0 B) push-merged-local and 0 (0.0 B) remote blocks
26/07/26 05:13:39 INFO ShuffleBlockFetcherIterator: Getting 2 (456.0 B) non-empty blocks including 2 (456.0 B) local and 0 (0.0 B) host-local and 0 (0.0 B) push-merged-local and 0 (0.0 B) remote blocks
26/07/26 05:13:39 INFO ShuffleBlockFetcherIterator: Started 0 remote fetches in 1 ms
26/07/26 05:13:39 INFO ShuffleBlockFetcherIterator: Started 0 remote fetches in 9 ms
26/07/26 05:13:39 INFO Executor: Finished task 0.0 in stage 37.0 (TID 74). 4944 bytes result sent to driver
26/07/26 05:13:39 INFO TaskSetManager: Finished task 0.0 in stage 37.0 (TID 74) in 63 ms on ab93cff004a3 (executor driver) (1/2)
26/07/26 05:13:39 INFO Executor: Finished task 1.0 in stage 37.0 (TID 75). 4849 bytes result sent to driver
26/07/26 05:13:39 INFO TaskSetManager: Finished task 1.0 in stage 37.0 (TID 75) in 70 ms on ab93cff004a3 (executor driver) (2/2)
26/07/26 05:13:39 INFO TaskSchedulerImpl: Removed TaskSet 37.0 whose tasks have all completed, from pool
26/07/26 05:13:39 INFO DAGScheduler: ResultStage 37 (collect at DriverActivationSpec.scala:101) finished in 146 ms
26/07/26 05:13:39 INFO DAGScheduler: Job 18 is finished. Cancelling potential speculative or zombie tasks for this job
26/07/26 05:13:39 INFO TaskSchedulerImpl: Canceling stage 37
26/07/26 05:13:39 INFO TaskSchedulerImpl: Killing all running tasks in stage 37: Stage finished
26/07/26 05:13:39 INFO DAGScheduler: Job 18 finished: collect at DriverActivationSpec.scala:101, took 298.819989 ms
26/07/26 05:13:40 INFO HashAggregateExec: spark.sql.codegen.aggregate.map.twolevel.enabled is set to true, but current version of codegened fast hashmap does not support this aggregate.
26/07/26 05:13:40 INFO SparkContext: Starting job: collect at DriverActivationSpec.scala:101
26/07/26 05:13:40 INFO DAGScheduler: Registering RDD 136 (collect at DriverActivationSpec.scala:101) as input to shuffle 19
26/07/26 05:13:40 INFO DAGScheduler: Got job 19 (collect at DriverActivationSpec.scala:101) with 2 output partitions
26/07/26 05:13:40 INFO DAGScheduler: Final stage: ResultStage 39 (collect at DriverActivationSpec.scala:101)
26/07/26 05:13:40 INFO DAGScheduler: Parents of final stage: List(ShuffleMapStage 38)
26/07/26 05:13:40 INFO DAGScheduler: Missing parents: List(ShuffleMapStage 38)
26/07/26 05:13:40 INFO DAGScheduler: Missing parents found for ResultStage 39: List(ShuffleMapStage 38)
26/07/26 05:13:40 INFO DAGScheduler: Missing parents found for ShuffleMapStage 38: List()
26/07/26 05:13:40 INFO DAGScheduler: Submitting ShuffleMapStage 38 (MapPartitionsRDD[136] at collect at DriverActivationSpec.scala:101), which has no missing parents
26/07/26 05:13:40 INFO MemoryStore: Block broadcast_38 stored as values in memory (estimated size 31.6 KiB, free 1002.5 MiB)
26/07/26 05:13:40 INFO MemoryStore: Block broadcast_38_piece0 stored as bytes in memory (estimated size 13.9 KiB, free 1002.5 MiB)
26/07/26 05:13:40 INFO SparkContext: Created broadcast 38 from broadcast at DAGScheduler.scala:1686
26/07/26 05:13:40 INFO DAGScheduler: Submitting 2 missing tasks from ShuffleMapStage 38 (MapPartitionsRDD[136] at collect at DriverActivationSpec.scala:101) (first 15 tasks are for partitions Vector(0, 1))
26/07/26 05:13:40 INFO TaskSchedulerImpl: Adding task set 38.0 with 2 tasks resource profile 0
26/07/26 05:13:40 INFO TaskSetManager: Starting task 0.0 in stage 38.0 (TID 76) (ab93cff004a3,executor driver, partition 0, PROCESS_LOCAL, 9971 bytes)
26/07/26 05:13:40 INFO TaskSetManager: Starting task 1.0 in stage 38.0 (TID 77) (ab93cff004a3,executor driver, partition 1, PROCESS_LOCAL, 9971 bytes)
26/07/26 05:13:40 INFO Executor: Running task 1.0 in stage 38.0 (TID 77)
26/07/26 05:13:40 INFO Executor: Running task 0.0 in stage 38.0 (TID 76)
26/07/26 05:13:40 INFO Executor: Finished task 1.0 in stage 38.0 (TID 77). 2294 bytes result sent to driver
26/07/26 05:13:40 INFO Executor: Finished task 0.0 in stage 38.0 (TID 76). 2294 bytes result sent to driver
26/07/26 05:13:40 INFO TaskSetManager: Finished task 1.0 in stage 38.0 (TID 77) in 50 ms on ab93cff004a3 (executor driver) (1/2)
26/07/26 05:13:40 INFO TaskSetManager: Finished task 0.0 in stage 38.0 (TID 76) in 52 ms on ab93cff004a3 (executor driver) (2/2)
26/07/26 05:13:40 INFO TaskSchedulerImpl: Removed TaskSet 38.0 whose tasks have all completed, from pool
26/07/26 05:13:40 INFO DAGScheduler: ShuffleMapStage 38 (collect at DriverActivationSpec.scala:101) finished in 83 ms
26/07/26 05:13:40 INFO DAGScheduler: looking for newly runnable stages
26/07/26 05:13:40 INFO DAGScheduler: running: HashSet()
26/07/26 05:13:40 INFO DAGScheduler: waiting: HashSet(ResultStage 39)
26/07/26 05:13:40 INFO DAGScheduler: failed: HashSet()
26/07/26 05:13:40 INFO DAGScheduler: Missing parents found for ResultStage 39: List()
26/07/26 05:13:40 INFO DAGScheduler: Submitting ResultStage 39 (MapPartitionsRDD[139] at collect at DriverActivationSpec.scala:101), which has no missing parents
26/07/26 05:13:40 INFO MemoryStore: Block broadcast_39 stored as values in memory (estimated size 29.2 KiB, free 1002.4 MiB)
26/07/26 05:13:40 INFO MemoryStore: Block broadcast_39_piece0 stored as bytes in memory (estimated size 13.0 KiB, free 1002.4 MiB)
26/07/26 05:13:40 INFO SparkContext: Created broadcast 39 from broadcast at DAGScheduler.scala:1686
26/07/26 05:13:40 INFO DAGScheduler: Submitting 2 missing tasks from ResultStage 39 (MapPartitionsRDD[139] at collect at DriverActivationSpec.scala:101) (first 15 tasks are for partitions Vector(0, 1))
26/07/26 05:13:40 INFO TaskSchedulerImpl: Adding task set 39.0 with 2 tasks resource profile 0
26/07/26 05:13:40 INFO TaskSetManager: Starting task 0.0 in stage 39.0 (TID 78) (ab93cff004a3,executor driver, partition 0, NODE_LOCAL, 9847 bytes)
26/07/26 05:13:40 INFO TaskSetManager: Starting task 1.0 in stage 39.0 (TID 79) (ab93cff004a3,executor driver, partition 1, NODE_LOCAL, 9847 bytes)
26/07/26 05:13:40 INFO Executor: Running task 0.0 in stage 39.0 (TID 78)
26/07/26 05:13:40 INFO Executor: Running task 1.0 in stage 39.0 (TID 79)
26/07/26 05:13:40 INFO ShuffleBlockFetcherIterator: Getting 2 (456.0 B) non-empty blocks including 2 (456.0 B) local and 0 (0.0 B) host-local and 0 (0.0 B) push-merged-local and 0 (0.0 B) remote blocks
26/07/26 05:13:40 INFO ShuffleBlockFetcherIterator: Started 0 remote fetches in 0 ms
26/07/26 05:13:40 INFO ShuffleBlockFetcherIterator: Getting 2 (608.0 B) non-empty blocks including 2 (608.0 B) local and 0 (0.0 B) host-local and 0 (0.0 B) push-merged-local and 0 (0.0 B) remote blocks
26/07/26 05:13:40 INFO ShuffleBlockFetcherIterator: Started 0 remote fetches in 1 ms
26/07/26 05:13:40 INFO Executor: Finished task 1.0 in stage 39.0 (TID 79). 4849 bytes result sent to driver
26/07/26 05:13:40 INFO Executor: Finished task 0.0 in stage 39.0 (TID 78). 4944 bytes result sent to driver
26/07/26 05:13:40 INFO TaskSetManager: Finished task 0.0 in stage 39.0 (TID 78) in 38 ms on ab93cff004a3 (executor driver) (1/2)
26/07/26 05:13:40 INFO TaskSetManager: Finished task 1.0 in stage 39.0 (TID 79) in 37 ms on ab93cff004a3 (executor driver) (2/2)
26/07/26 05:13:40 INFO DAGScheduler: ResultStage 39 (collect at DriverActivationSpec.scala:101) finished in 70 ms
26/07/26 05:13:40 INFO DAGScheduler: Job 19 is finished. Cancelling potential speculative or zombie tasks for this job
26/07/26 05:13:40 INFO TaskSchedulerImpl: Removed TaskSet 39.0 whose tasks have all completed, from pool
26/07/26 05:13:40 INFO TaskSchedulerImpl: Canceling stage 39
26/07/26 05:13:40 INFO TaskSchedulerImpl: Killing all running tasks in stage 39: Stage finished
26/07/26 05:13:40 INFO DAGScheduler: Job 19 finished: collect at DriverActivationSpec.scala:101, took 165.849949 ms
26/07/26 05:13:40 INFO HashAggregateExec: spark.sql.codegen.aggregate.map.twolevel.enabled is set to true, but current version of codegened fast hashmap does not support this aggregate.
26/07/26 05:13:40 INFO SparkContext: Starting job: collect at DriverActivationSpec.scala:101
26/07/26 05:13:40 INFO DAGScheduler: Registering RDD 143 (collect at DriverActivationSpec.scala:101) as input to shuffle 20
26/07/26 05:13:40 INFO DAGScheduler: Got job 20 (collect at DriverActivationSpec.scala:101) with 2 output partitions
26/07/26 05:13:40 INFO DAGScheduler: Final stage: ResultStage 41 (collect at DriverActivationSpec.scala:101)
26/07/26 05:13:40 INFO DAGScheduler: Parents of final stage: List(ShuffleMapStage 40)
26/07/26 05:13:40 INFO DAGScheduler: Missing parents: List(ShuffleMapStage 40)
26/07/26 05:13:40 INFO DAGScheduler: Missing parents found for ResultStage 41: List(ShuffleMapStage 40)
26/07/26 05:13:40 INFO DAGScheduler: Missing parents found for ShuffleMapStage 40: List()
26/07/26 05:13:40 INFO DAGScheduler: Submitting ShuffleMapStage 40 (MapPartitionsRDD[143] at collect at DriverActivationSpec.scala:101), which has no missing parents
26/07/26 05:13:40 INFO MemoryStore: Block broadcast_40 stored as values in memory (estimated size 31.6 KiB, free 1002.4 MiB)
26/07/26 05:13:40 INFO MemoryStore: Block broadcast_40_piece0 stored as bytes in memory (estimated size 13.9 KiB, free 1002.4 MiB)
26/07/26 05:13:40 INFO SparkContext: Created broadcast 40 from broadcast at DAGScheduler.scala:1686
26/07/26 05:13:40 INFO DAGScheduler: Submitting 2 missing tasks from ShuffleMapStage 40 (MapPartitionsRDD[143] at collect at DriverActivationSpec.scala:101) (first 15 tasks are for partitions Vector(0, 1))
26/07/26 05:13:40 INFO TaskSchedulerImpl: Adding task set 40.0 with 2 tasks resource profile 0
26/07/26 05:13:40 INFO TaskSetManager: Starting task 0.0 in stage 40.0 (TID 80) (ab93cff004a3,executor driver, partition 0, PROCESS_LOCAL, 9971 bytes)
26/07/26 05:13:40 INFO TaskSetManager: Starting task 1.0 in stage 40.0 (TID 81) (ab93cff004a3,executor driver, partition 1, PROCESS_LOCAL, 9971 bytes)
26/07/26 05:13:40 INFO Executor: Running task 0.0 in stage 40.0 (TID 80)
26/07/26 05:13:40 INFO Executor: Running task 1.0 in stage 40.0 (TID 81)
26/07/26 05:13:40 INFO Executor: Finished task 0.0 in stage 40.0 (TID 80). 2294 bytes result sent to driver
26/07/26 05:13:40 INFO TaskSetManager: Finished task 0.0 in stage 40.0 (TID 80) in 36 ms on ab93cff004a3 (executor driver) (1/2)
26/07/26 05:13:40 INFO Executor: Finished task 1.0 in stage 40.0 (TID 81). 2294 bytes result sent to driver
26/07/26 05:13:40 INFO TaskSetManager: Finished task 1.0 in stage 40.0 (TID 81) in 68 ms on ab93cff004a3 (executor driver) (2/2)
26/07/26 05:13:40 INFO TaskSchedulerImpl: Removed TaskSet 40.0 whose tasks have all completed, from pool
26/07/26 05:13:40 INFO DAGScheduler: ShuffleMapStage 40 (collect at DriverActivationSpec.scala:101) finished in 91 ms
26/07/26 05:13:40 INFO DAGScheduler: looking for newly runnable stages
26/07/26 05:13:40 INFO DAGScheduler: running: HashSet()
26/07/26 05:13:40 INFO DAGScheduler: waiting: HashSet(ResultStage 41)
26/07/26 05:13:40 INFO DAGScheduler: failed: HashSet()
26/07/26 05:13:40 INFO DAGScheduler: Missing parents found for ResultStage 41: List()
26/07/26 05:13:40 INFO DAGScheduler: Submitting ResultStage 41 (MapPartitionsRDD[146] at collect at DriverActivationSpec.scala:101), which has no missing parents
26/07/26 05:13:40 INFO MemoryStore: Block broadcast_41 stored as values in memory (estimated size 29.2 KiB, free 1002.4 MiB)
26/07/26 05:13:40 INFO MemoryStore: Block broadcast_41_piece0 stored as bytes in memory (estimated size 13.0 KiB, free 1002.3 MiB)
26/07/26 05:13:40 INFO SparkContext: Created broadcast 41 from broadcast at DAGScheduler.scala:1686
26/07/26 05:13:40 INFO DAGScheduler: Submitting 2 missing tasks from ResultStage 41 (MapPartitionsRDD[146] at collect at DriverActivationSpec.scala:101) (first 15 tasks are for partitions Vector(0, 1))
26/07/26 05:13:40 INFO TaskSchedulerImpl: Adding task set 41.0 with 2 tasks resource profile 0
26/07/26 05:13:40 INFO TaskSetManager: Starting task 0.0 in stage 41.0 (TID 82) (ab93cff004a3,executor driver, partition 0, NODE_LOCAL, 9847 bytes)
26/07/26 05:13:40 INFO TaskSetManager: Starting task 1.0 in stage 41.0 (TID 83) (ab93cff004a3,executor driver, partition 1, NODE_LOCAL, 9847 bytes)
26/07/26 05:13:40 INFO Executor: Running task 0.0 in stage 41.0 (TID 82)
26/07/26 05:13:40 INFO Executor: Running task 1.0 in stage 41.0 (TID 83)
26/07/26 05:13:40 INFO ShuffleBlockFetcherIterator: Getting 2 (608.0 B) non-empty blocks including 2 (608.0 B) local and 0 (0.0 B) host-local and 0 (0.0 B) push-merged-local and 0 (0.0 B) remote blocks
26/07/26 05:13:40 INFO ShuffleBlockFetcherIterator: Started 0 remote fetches in 1 ms
26/07/26 05:13:40 INFO ShuffleBlockFetcherIterator: Getting 2 (456.0 B) non-empty blocks including 2 (456.0 B) local and 0 (0.0 B) host-local and 0 (0.0 B) push-merged-local and 0 (0.0 B) remote blocks
26/07/26 05:13:40 INFO ShuffleBlockFetcherIterator: Started 0 remote fetches in 1 ms
26/07/26 05:13:40 INFO Executor: Finished task 1.0 in stage 41.0 (TID 83). 4892 bytes result sent to driver
26/07/26 05:13:40 INFO Executor: Finished task 0.0 in stage 41.0 (TID 82). 4987 bytes result sent to driver
26/07/26 05:13:40 INFO TaskSetManager: Finished task 1.0 in stage 41.0 (TID 83) in 99 ms on ab93cff004a3 (executor driver) (1/2)
26/07/26 05:13:40 INFO TaskSetManager: Finished task 0.0 in stage 41.0 (TID 82) in 102 ms on ab93cff004a3 (executor driver) (2/2)
26/07/26 05:13:40 INFO TaskSchedulerImpl: Removed TaskSet 41.0 whose tasks have all completed, from pool
26/07/26 05:13:40 INFO DAGScheduler: ResultStage 41 (collect at DriverActivationSpec.scala:101) finished in 136 ms
26/07/26 05:13:40 INFO DAGScheduler: Job 20 is finished. Cancelling potential speculative or zombie tasks for this job
26/07/26 05:13:40 INFO TaskSchedulerImpl: Canceling stage 41
26/07/26 05:13:40 INFO TaskSchedulerImpl: Killing all running tasks in stage 41: Stage finished
26/07/26 05:13:40 INFO DAGScheduler: Job 20 finished: collect at DriverActivationSpec.scala:101, took 243.741473 ms
26/07/26 05:13:40 ERROR HttpExporter: Failed to export spans. The request could not be executed. Full error message: Failed to connect to /127.0.0.1:1
java.net.ConnectException: Failed to connect to /127.0.0.1:1
	at okhttp3.internal.connection.RealConnection.connectSocket(RealConnection.kt:297)
	at okhttp3.internal.connection.RealConnection.connect(RealConnection.kt:207)
	at okhttp3.internal.connection.ExchangeFinder.findConnection(ExchangeFinder.kt:226)
	at okhttp3.internal.connection.ExchangeFinder.findHealthyConnection(ExchangeFinder.kt:106)
	at okhttp3.internal.connection.ExchangeFinder.find(ExchangeFinder.kt:74)
	at okhttp3.internal.connection.RealCall.initExchange$okhttp(RealCall.kt:255)
	at okhttp3.internal.connection.ConnectInterceptor.intercept(ConnectInterceptor.kt:32)
	at okhttp3.internal.http.RealInterceptorChain.proceed(RealInterceptorChain.kt:109)
	at okhttp3.internal.cache.CacheInterceptor.intercept(CacheInterceptor.kt:95)
	at okhttp3.internal.http.RealInterceptorChain.proceed(RealInterceptorChain.kt:109)
	at okhttp3.internal.http.BridgeInterceptor.intercept(BridgeInterceptor.kt:83)
	at okhttp3.internal.http.RealInterceptorChain.proceed(RealInterceptorChain.kt:109)
	at okhttp3.internal.http.RetryAndFollowUpInterceptor.intercept(RetryAndFollowUpInterceptor.kt:76)
	at okhttp3.internal.http.RealInterceptorChain.proceed(RealInterceptorChain.kt:109)
	at io.opentelemetry.exporter.sender.okhttp.internal.RetryInterceptor.intercept(RetryInterceptor.java:91)
	at okhttp3.internal.http.RealInterceptorChain.proceed(RealInterceptorChain.kt:109)
	at okhttp3.internal.connection.RealCall.getResponseWithInterceptorChain$okhttp(RealCall.kt:201)
	at okhttp3.internal.connection.RealCall$AsyncCall.run(RealCall.kt:517)
	at java.base/java.util.concurrent.ThreadPoolExecutor.runWorker(ThreadPoolExecutor.java:1136)
	at java.base/java.util.concurrent.ThreadPoolExecutor$Worker.run(ThreadPoolExecutor.java:635)
	at java.base/java.lang.Thread.run(Thread.java:840)
Caused by: java.net.ConnectException: Connection refused
	at java.base/sun.nio.ch.Net.pollConnect(Native Method)
	at java.base/sun.nio.ch.Net.pollConnectNow(Net.java:672)
	at java.base/sun.nio.ch.NioSocketImpl.timedFinishConnect(NioSocketImpl.java:547)
	at java.base/sun.nio.ch.NioSocketImpl.connect(NioSocketImpl.java:602)
	at java.base/java.net.SocksSocketImpl.connect(SocksSocketImpl.java:327)
	at java.base/java.net.Socket.connect(Socket.java:633)
	at okhttp3.internal.platform.Platform.connectSocket(Platform.kt:128)
	at okhttp3.internal.connection.RealConnection.connectSocket(RealConnection.kt:295)
	... 20 more
26/07/26 05:13:40 INFO HashAggregateExec: spark.sql.codegen.aggregate.map.twolevel.enabled is set to true, but current version of codegened fast hashmap does not support this aggregate.
26/07/26 05:13:40 INFO SparkContext: Starting job: collect at DriverActivationSpec.scala:101
26/07/26 05:13:41 INFO DAGScheduler: Registering RDD 150 (collect at DriverActivationSpec.scala:101) as input to shuffle 21
26/07/26 05:13:41 INFO DAGScheduler: Got job 21 (collect at DriverActivationSpec.scala:101) with 2 output partitions
26/07/26 05:13:40 INFO DAGScheduler: Final stage: ResultStage 43 (collect at DriverActivationSpec.scala:101)
26/07/26 05:13:40 INFO DAGScheduler: Parents of final stage: List(ShuffleMapStage 42)
26/07/26 05:13:40 INFO DAGScheduler: Missing parents: List(ShuffleMapStage 42)
26/07/26 05:13:40 INFO DAGScheduler: Missing parents found for ResultStage 43: List(ShuffleMapStage 42)
26/07/26 05:13:40 INFO DAGScheduler: Missing parents found for ShuffleMapStage 42: List()
26/07/26 05:13:40 INFO DAGScheduler: Submitting ShuffleMapStage 42 (MapPartitionsRDD[150] at collect at DriverActivationSpec.scala:101), which has no missing parents
26/07/26 05:13:41 INFO MemoryStore: Block broadcast_42 stored as values in memory (estimated size 31.6 KiB, free 1003.1 MiB)
26/07/26 05:13:41 INFO MemoryStore: Block broadcast_42_piece0 stored as bytes in memory (estimated size 13.9 KiB, free 1003.1 MiB)
26/07/26 05:13:41 INFO SparkContext: Created broadcast 42 from broadcast at DAGScheduler.scala:1686
26/07/26 05:13:41 INFO DAGScheduler: Submitting 2 missing tasks from ShuffleMapStage 42 (MapPartitionsRDD[150] at collect at DriverActivationSpec.scala:101) (first 15 tasks are for partitions Vector(0, 1))
26/07/26 05:13:41 INFO TaskSchedulerImpl: Adding task set 42.0 with 2 tasks resource profile 0
26/07/26 05:13:41 INFO TaskSetManager: Starting task 0.0 in stage 42.0 (TID 84) (ab93cff004a3,executor driver, partition 0, PROCESS_LOCAL, 9971 bytes)
26/07/26 05:13:41 INFO TaskSetManager: Starting task 1.0 in stage 42.0 (TID 85) (ab93cff004a3,executor driver, partition 1, PROCESS_LOCAL, 9971 bytes)
26/07/26 05:13:41 INFO Executor: Running task 1.0 in stage 42.0 (TID 85)
26/07/26 05:13:41 INFO Executor: Running task 0.0 in stage 42.0 (TID 84)
26/07/26 05:13:41 INFO Executor: Finished task 1.0 in stage 42.0 (TID 85). 2294 bytes result sent to driver
26/07/26 05:13:41 INFO Executor: Finished task 0.0 in stage 42.0 (TID 84). 2294 bytes result sent to driver
26/07/26 05:13:41 INFO TaskSetManager: Finished task 1.0 in stage 42.0 (TID 85) in 34 ms on ab93cff004a3 (executor driver) (1/2)
26/07/26 05:13:41 INFO TaskSetManager: Finished task 0.0 in stage 42.0 (TID 84) in 36 ms on ab93cff004a3 (executor driver) (2/2)
26/07/26 05:13:41 INFO TaskSchedulerImpl: Removed TaskSet 42.0 whose tasks have all completed, from pool
26/07/26 05:13:41 INFO DAGScheduler: ShuffleMapStage 42 (collect at DriverActivationSpec.scala:101) finished in 78 ms
26/07/26 05:13:41 INFO DAGScheduler: looking for newly runnable stages
26/07/26 05:13:41 INFO DAGScheduler: running: HashSet()
26/07/26 05:13:41 INFO DAGScheduler: waiting: HashSet(ResultStage 43)
26/07/26 05:13:41 INFO DAGScheduler: failed: HashSet()
26/07/26 05:13:41 INFO DAGScheduler: Missing parents found for ResultStage 43: List()
26/07/26 05:13:41 INFO DAGScheduler: Submitting ResultStage 43 (MapPartitionsRDD[153] at collect at DriverActivationSpec.scala:101), which has no missing parents
26/07/26 05:13:41 INFO MemoryStore: Block broadcast_43 stored as values in memory (estimated size 29.2 KiB, free 1003.1 MiB)
26/07/26 05:13:41 INFO MemoryStore: Block broadcast_43_piece0 stored as bytes in memory (estimated size 13.0 KiB, free 1003.1 MiB)
26/07/26 05:13:41 INFO SparkContext: Created broadcast 43 from broadcast at DAGScheduler.scala:1686
26/07/26 05:13:41 INFO DAGScheduler: Submitting 2 missing tasks from ResultStage 43 (MapPartitionsRDD[153] at collect at DriverActivationSpec.scala:101) (first 15 tasks are for partitions Vector(0, 1))
26/07/26 05:13:41 INFO TaskSchedulerImpl: Adding task set 43.0 with 2 tasks resource profile 0
26/07/26 05:13:41 INFO TaskSetManager: Starting task 0.0 in stage 43.0 (TID 86) (ab93cff004a3,executor driver, partition 0, NODE_LOCAL, 9847 bytes)
26/07/26 05:13:41 INFO TaskSetManager: Starting task 1.0 in stage 43.0 (TID 87) (ab93cff004a3,executor driver, partition 1, NODE_LOCAL, 9847 bytes)
26/07/26 05:13:41 INFO Executor: Running task 0.0 in stage 43.0 (TID 86)
26/07/26 05:13:41 INFO Executor: Running task 1.0 in stage 43.0 (TID 87)
26/07/26 05:13:41 INFO ShuffleBlockFetcherIterator: Getting 2 (456.0 B) non-empty blocks including 2 (456.0 B) local and 0 (0.0 B) host-local and 0 (0.0 B) push-merged-local and 0 (0.0 B) remote blocks
26/07/26 05:13:41 INFO ShuffleBlockFetcherIterator: Getting 2 (608.0 B) non-empty blocks including 2 (608.0 B) local and 0 (0.0 B) host-local and 0 (0.0 B) push-merged-local and 0 (0.0 B) remote blocks
26/07/26 05:13:41 INFO ShuffleBlockFetcherIterator: Started 0 remote fetches in 1 ms
26/07/26 05:13:41 INFO ShuffleBlockFetcherIterator: Started 0 remote fetches in 1 ms
26/07/26 05:13:41 INFO Executor: Finished task 1.0 in stage 43.0 (TID 87). 4849 bytes result sent to driver
26/07/26 05:13:41 INFO Executor: Finished task 0.0 in stage 43.0 (TID 86). 4944 bytes result sent to driver
26/07/26 05:13:41 INFO TaskSetManager: Finished task 1.0 in stage 43.0 (TID 87) in 26 ms on ab93cff004a3 (executor driver) (1/2)
26/07/26 05:13:41 INFO TaskSetManager: Finished task 0.0 in stage 43.0 (TID 86) in 26 ms on ab93cff004a3 (executor driver) (2/2)
26/07/26 05:13:41 INFO TaskSchedulerImpl: Removed TaskSet 43.0 whose tasks have all completed, from pool
26/07/26 05:13:41 INFO DAGScheduler: ResultStage 43 (collect at DriverActivationSpec.scala:101) finished in 40 ms
26/07/26 05:13:41 INFO DAGScheduler: Job 21 is finished. Cancelling potential speculative or zombie tasks for this job
26/07/26 05:13:41 INFO TaskSchedulerImpl: Canceling stage 43
26/07/26 05:13:41 INFO TaskSchedulerImpl: Killing all running tasks in stage 43: Stage finished
26/07/26 05:13:41 INFO DAGScheduler: Job 21 finished: collect at DriverActivationSpec.scala:101, took 144.77969 ms
26/07/26 05:13:41 INFO HashAggregateExec: spark.sql.codegen.aggregate.map.twolevel.enabled is set to true, but current version of codegened fast hashmap does not support this aggregate.
26/07/26 05:13:41 INFO SparkContext: Starting job: collect at DriverActivationSpec.scala:101
26/07/26 05:13:41 INFO DAGScheduler: Registering RDD 157 (collect at DriverActivationSpec.scala:101) as input to shuffle 22
26/07/26 05:13:41 INFO DAGScheduler: Got job 22 (collect at DriverActivationSpec.scala:101) with 2 output partitions
26/07/26 05:13:41 INFO DAGScheduler: Final stage: ResultStage 45 (collect at DriverActivationSpec.scala:101)
26/07/26 05:13:41 INFO DAGScheduler: Parents of final stage: List(ShuffleMapStage 44)
26/07/26 05:13:41 INFO DAGScheduler: Missing parents: List(ShuffleMapStage 44)
26/07/26 05:13:41 INFO DAGScheduler: Missing parents found for ResultStage 45: List(ShuffleMapStage 44)
26/07/26 05:13:41 INFO DAGScheduler: Missing parents found for ShuffleMapStage 44: List()
26/07/26 05:13:41 INFO DAGScheduler: Submitting ShuffleMapStage 44 (MapPartitionsRDD[157] at collect at DriverActivationSpec.scala:101), which has no missing parents
26/07/26 05:13:41 INFO MemoryStore: Block broadcast_44 stored as values in memory (estimated size 31.6 KiB, free 1003.0 MiB)
26/07/26 05:13:41 INFO MemoryStore: Block broadcast_44_piece0 stored as bytes in memory (estimated size 13.9 KiB, free 1003.0 MiB)
26/07/26 05:13:41 INFO SparkContext: Created broadcast 44 from broadcast at DAGScheduler.scala:1686
26/07/26 05:13:41 INFO DAGScheduler: Submitting 2 missing tasks from ShuffleMapStage 44 (MapPartitionsRDD[157] at collect at DriverActivationSpec.scala:101) (first 15 tasks are for partitions Vector(0, 1))
26/07/26 05:13:41 INFO TaskSchedulerImpl: Adding task set 44.0 with 2 tasks resource profile 0
26/07/26 05:13:41 INFO TaskSetManager: Starting task 0.0 in stage 44.0 (TID 88) (ab93cff004a3,executor driver, partition 0, PROCESS_LOCAL, 9971 bytes)
26/07/26 05:13:41 INFO TaskSetManager: Starting task 1.0 in stage 44.0 (TID 89) (ab93cff004a3,executor driver, partition 1, PROCESS_LOCAL, 9971 bytes)
26/07/26 05:13:41 INFO Executor: Running task 0.0 in stage 44.0 (TID 88)
26/07/26 05:13:41 INFO Executor: Running task 1.0 in stage 44.0 (TID 89)
26/07/26 05:13:41 INFO Executor: Finished task 1.0 in stage 44.0 (TID 89). 2294 bytes result sent to driver
26/07/26 05:13:41 INFO TaskSetManager: Finished task 1.0 in stage 44.0 (TID 89) in 21 ms on ab93cff004a3 (executor driver) (1/2)
26/07/26 05:13:41 INFO Executor: Finished task 0.0 in stage 44.0 (TID 88). 2294 bytes result sent to driver
26/07/26 05:13:41 INFO TaskSetManager: Finished task 0.0 in stage 44.0 (TID 88) in 24 ms on ab93cff004a3 (executor driver) (2/2)
26/07/26 05:13:41 INFO TaskSchedulerImpl: Removed TaskSet 44.0 whose tasks have all completed, from pool
26/07/26 05:13:41 INFO DAGScheduler: ShuffleMapStage 44 (collect at DriverActivationSpec.scala:101) finished in 35 ms
26/07/26 05:13:41 INFO DAGScheduler: looking for newly runnable stages
26/07/26 05:13:41 INFO DAGScheduler: running: HashSet()
26/07/26 05:13:41 INFO DAGScheduler: waiting: HashSet(ResultStage 45)
26/07/26 05:13:41 INFO DAGScheduler: failed: HashSet()
26/07/26 05:13:41 INFO DAGScheduler: Missing parents found for ResultStage 45: List()
26/07/26 05:13:41 INFO DAGScheduler: Submitting ResultStage 45 (MapPartitionsRDD[160] at collect at DriverActivationSpec.scala:101), which has no missing parents
26/07/26 05:13:41 INFO MemoryStore: Block broadcast_45 stored as values in memory (estimated size 29.2 KiB, free 1003.0 MiB)
26/07/26 05:13:41 INFO MemoryStore: Block broadcast_45_piece0 stored as bytes in memory (estimated size 13.0 KiB, free 1003.0 MiB)
26/07/26 05:13:41 INFO SparkContext: Created broadcast 45 from broadcast at DAGScheduler.scala:1686
26/07/26 05:13:41 INFO DAGScheduler: Submitting 2 missing tasks from ResultStage 45 (MapPartitionsRDD[160] at collect at DriverActivationSpec.scala:101) (first 15 tasks are for partitions Vector(0, 1))
26/07/26 05:13:41 INFO TaskSchedulerImpl: Adding task set 45.0 with 2 tasks resource profile 0
26/07/26 05:13:41 INFO TaskSetManager: Starting task 0.0 in stage 45.0 (TID 90) (ab93cff004a3,executor driver, partition 0, NODE_LOCAL, 9847 bytes)
26/07/26 05:13:41 INFO TaskSetManager: Starting task 1.0 in stage 45.0 (TID 91) (ab93cff004a3,executor driver, partition 1, NODE_LOCAL, 9847 bytes)
26/07/26 05:13:41 INFO Executor: Running task 0.0 in stage 45.0 (TID 90)
26/07/26 05:13:41 INFO Executor: Running task 1.0 in stage 45.0 (TID 91)
26/07/26 05:13:41 INFO ShuffleBlockFetcherIterator: Getting 2 (456.0 B) non-empty blocks including 2 (456.0 B) local and 0 (0.0 B) host-local and 0 (0.0 B) push-merged-local and 0 (0.0 B) remote blocks
26/07/26 05:13:41 INFO ShuffleBlockFetcherIterator: Getting 2 (608.0 B) non-empty blocks including 2 (608.0 B) local and 0 (0.0 B) host-local and 0 (0.0 B) push-merged-local and 0 (0.0 B) remote blocks
26/07/26 05:13:41 INFO ShuffleBlockFetcherIterator: Started 0 remote fetches in 0 ms
26/07/26 05:13:41 INFO ShuffleBlockFetcherIterator: Started 0 remote fetches in 0 ms
26/07/26 05:13:41 INFO Executor: Finished task 1.0 in stage 45.0 (TID 91). 4849 bytes result sent to driver
26/07/26 05:13:41 INFO Executor: Finished task 0.0 in stage 45.0 (TID 90). 4944 bytes result sent to driver
26/07/26 05:13:41 INFO TaskSetManager: Finished task 0.0 in stage 45.0 (TID 90) in 19 ms on ab93cff004a3 (executor driver) (1/2)
26/07/26 05:13:41 INFO TaskSetManager: Finished task 1.0 in stage 45.0 (TID 91) in 20 ms on ab93cff004a3 (executor driver) (2/2)
26/07/26 05:13:41 INFO TaskSchedulerImpl: Removed TaskSet 45.0 whose tasks have all completed, from pool
26/07/26 05:13:41 INFO DAGScheduler: ResultStage 45 (collect at DriverActivationSpec.scala:101) finished in 29 ms
26/07/26 05:13:41 INFO DAGScheduler: Job 22 is finished. Cancelling potential speculative or zombie tasks for this job
26/07/26 05:13:41 INFO TaskSchedulerImpl: Canceling stage 45
26/07/26 05:13:41 INFO TaskSchedulerImpl: Killing all running tasks in stage 45: Stage finished
26/07/26 05:13:41 INFO DAGScheduler: Job 22 finished: collect at DriverActivationSpec.scala:101, took 69.121754 ms
26/07/26 05:13:41 INFO HashAggregateExec: spark.sql.codegen.aggregate.map.twolevel.enabled is set to true, but current version of codegened fast hashmap does not support this aggregate.
26/07/26 05:13:41 INFO SparkContext: Starting job: collect at DriverActivationSpec.scala:101
26/07/26 05:13:41 INFO DAGScheduler: Registering RDD 164 (collect at DriverActivationSpec.scala:101) as input to shuffle 23
26/07/26 05:13:41 INFO DAGScheduler: Got job 23 (collect at DriverActivationSpec.scala:101) with 2 output partitions
26/07/26 05:13:41 INFO DAGScheduler: Final stage: ResultStage 47 (collect at DriverActivationSpec.scala:101)
26/07/26 05:13:41 INFO DAGScheduler: Parents of final stage: List(ShuffleMapStage 46)
26/07/26 05:13:41 INFO DAGScheduler: Missing parents: List(ShuffleMapStage 46)
26/07/26 05:13:41 INFO DAGScheduler: Missing parents found for ResultStage 47: List(ShuffleMapStage 46)
26/07/26 05:13:41 INFO DAGScheduler: Missing parents found for ShuffleMapStage 46: List()
26/07/26 05:13:41 INFO DAGScheduler: Submitting ShuffleMapStage 46 (MapPartitionsRDD[164] at collect at DriverActivationSpec.scala:101), which has no missing parents
26/07/26 05:13:41 INFO MemoryStore: Block broadcast_46 stored as values in memory (estimated size 31.6 KiB, free 1003.0 MiB)
26/07/26 05:13:41 INFO MemoryStore: Block broadcast_46_piece0 stored as bytes in memory (estimated size 13.9 KiB, free 1002.9 MiB)
26/07/26 05:13:41 INFO SparkContext: Created broadcast 46 from broadcast at DAGScheduler.scala:1686
26/07/26 05:13:41 INFO DAGScheduler: Submitting 2 missing tasks from ShuffleMapStage 46 (MapPartitionsRDD[164] at collect at DriverActivationSpec.scala:101) (first 15 tasks are for partitions Vector(0, 1))
26/07/26 05:13:41 INFO TaskSchedulerImpl: Adding task set 46.0 with 2 tasks resource profile 0
26/07/26 05:13:41 INFO TaskSetManager: Starting task 0.0 in stage 46.0 (TID 92) (ab93cff004a3,executor driver, partition 0, PROCESS_LOCAL, 9971 bytes)
26/07/26 05:13:41 INFO TaskSetManager: Starting task 1.0 in stage 46.0 (TID 93) (ab93cff004a3,executor driver, partition 1, PROCESS_LOCAL, 9971 bytes)
26/07/26 05:13:41 INFO Executor: Running task 1.0 in stage 46.0 (TID 93)
26/07/26 05:13:41 INFO Executor: Running task 0.0 in stage 46.0 (TID 92)
26/07/26 05:13:41 INFO Executor: Finished task 1.0 in stage 46.0 (TID 93). 2294 bytes result sent to driver
26/07/26 05:13:41 INFO TaskSetManager: Finished task 1.0 in stage 46.0 (TID 93) in 53 ms on ab93cff004a3 (executor driver) (1/2)
26/07/26 05:13:41 INFO Executor: Finished task 0.0 in stage 46.0 (TID 92). 2294 bytes result sent to driver
26/07/26 05:13:41 INFO TaskSetManager: Finished task 0.0 in stage 46.0 (TID 92) in 66 ms on ab93cff004a3 (executor driver) (2/2)
26/07/26 05:13:41 INFO DAGScheduler: ShuffleMapStage 46 (collect at DriverActivationSpec.scala:101) finished in 85 ms
26/07/26 05:13:41 INFO TaskSchedulerImpl: Removed TaskSet 46.0 whose tasks have all completed, from pool
26/07/26 05:13:41 INFO DAGScheduler: looking for newly runnable stages
26/07/26 05:13:41 INFO DAGScheduler: running: HashSet()
26/07/26 05:13:41 INFO DAGScheduler: waiting: HashSet(ResultStage 47)
26/07/26 05:13:41 INFO DAGScheduler: failed: HashSet()
26/07/26 05:13:41 INFO DAGScheduler: Missing parents found for ResultStage 47: List()
26/07/26 05:13:41 INFO DAGScheduler: Submitting ResultStage 47 (MapPartitionsRDD[167] at collect at DriverActivationSpec.scala:101), which has no missing parents
26/07/26 05:13:41 INFO MemoryStore: Block broadcast_47 stored as values in memory (estimated size 29.2 KiB, free 1002.9 MiB)
26/07/26 05:13:41 INFO MemoryStore: Block broadcast_47_piece0 stored as bytes in memory (estimated size 13.0 KiB, free 1002.9 MiB)
26/07/26 05:13:41 INFO SparkContext: Created broadcast 47 from broadcast at DAGScheduler.scala:1686
26/07/26 05:13:41 INFO DAGScheduler: Submitting 2 missing tasks from ResultStage 47 (MapPartitionsRDD[167] at collect at DriverActivationSpec.scala:101) (first 15 tasks are for partitions Vector(0, 1))
26/07/26 05:13:41 INFO TaskSchedulerImpl: Adding task set 47.0 with 2 tasks resource profile 0
26/07/26 05:13:41 INFO TaskSetManager: Starting task 0.0 in stage 47.0 (TID 94) (ab93cff004a3,executor driver, partition 0, NODE_LOCAL, 9847 bytes)
26/07/26 05:13:41 INFO TaskSetManager: Starting task 1.0 in stage 47.0 (TID 95) (ab93cff004a3,executor driver, partition 1, NODE_LOCAL, 9847 bytes)
26/07/26 05:13:41 INFO Executor: Running task 0.0 in stage 47.0 (TID 94)
26/07/26 05:13:41 INFO Executor: Running task 1.0 in stage 47.0 (TID 95)
26/07/26 05:13:41 INFO ShuffleBlockFetcherIterator: Getting 2 (608.0 B) non-empty blocks including 2 (608.0 B) local and 0 (0.0 B) host-local and 0 (0.0 B) push-merged-local and 0 (0.0 B) remote blocks
26/07/26 05:13:41 INFO ShuffleBlockFetcherIterator: Started 0 remote fetches in 5 ms
26/07/26 05:13:41 INFO ShuffleBlockFetcherIterator: Getting 2 (456.0 B) non-empty blocks including 2 (456.0 B) local and 0 (0.0 B) host-local and 0 (0.0 B) push-merged-local and 0 (0.0 B) remote blocks
26/07/26 05:13:41 INFO ShuffleBlockFetcherIterator: Started 0 remote fetches in 2 ms
26/07/26 05:13:41 INFO Executor: Finished task 0.0 in stage 47.0 (TID 94). 4944 bytes result sent to driver
26/07/26 05:13:41 INFO Executor: Finished task 1.0 in stage 47.0 (TID 95). 4849 bytes result sent to driver
26/07/26 05:13:41 INFO TaskSetManager: Finished task 0.0 in stage 47.0 (TID 94) in 36 ms on ab93cff004a3 (executor driver) (1/2)
26/07/26 05:13:41 INFO TaskSetManager: Finished task 1.0 in stage 47.0 (TID 95) in 37 ms on ab93cff004a3 (executor driver) (2/2)
26/07/26 05:13:41 INFO TaskSchedulerImpl: Removed TaskSet 47.0 whose tasks have all completed, from pool
26/07/26 05:13:41 INFO DAGScheduler: ResultStage 47 (collect at DriverActivationSpec.scala:101) finished in 51 ms
26/07/26 05:13:41 INFO DAGScheduler: Job 23 is finished. Cancelling potential speculative or zombie tasks for this job
26/07/26 05:13:41 INFO TaskSchedulerImpl: Canceling stage 47
26/07/26 05:13:41 INFO TaskSchedulerImpl: Killing all running tasks in stage 47: Stage finished
26/07/26 05:13:41 INFO DAGScheduler: Job 23 finished: collect at DriverActivationSpec.scala:101, took 150.853647 ms
26/07/26 05:13:41 INFO HashAggregateExec: spark.sql.codegen.aggregate.map.twolevel.enabled is set to true, but current version of codegened fast hashmap does not support this aggregate.
26/07/26 05:13:41 INFO SparkContext: Starting job: collect at DriverActivationSpec.scala:101
26/07/26 05:13:41 INFO DAGScheduler: Registering RDD 171 (collect at DriverActivationSpec.scala:101) as input to shuffle 24
26/07/26 05:13:41 INFO DAGScheduler: Got job 24 (collect at DriverActivationSpec.scala:101) with 2 output partitions
26/07/26 05:13:41 INFO DAGScheduler: Final stage: ResultStage 49 (collect at DriverActivationSpec.scala:101)
26/07/26 05:13:41 INFO DAGScheduler: Parents of final stage: List(ShuffleMapStage 48)
26/07/26 05:13:41 INFO DAGScheduler: Missing parents: List(ShuffleMapStage 48)
26/07/26 05:13:41 INFO DAGScheduler: Missing parents found for ResultStage 49: List(ShuffleMapStage 48)
26/07/26 05:13:41 INFO DAGScheduler: Missing parents found for ShuffleMapStage 48: List()
26/07/26 05:13:41 INFO DAGScheduler: Submitting ShuffleMapStage 48 (MapPartitionsRDD[171] at collect at DriverActivationSpec.scala:101), which has no missing parents
26/07/26 05:13:41 INFO MemoryStore: Block broadcast_48 stored as values in memory (estimated size 31.6 KiB, free 1002.9 MiB)
26/07/26 05:13:41 INFO MemoryStore: Block broadcast_48_piece0 stored as bytes in memory (estimated size 13.9 KiB, free 1002.9 MiB)
26/07/26 05:13:41 INFO SparkContext: Created broadcast 48 from broadcast at DAGScheduler.scala:1686
26/07/26 05:13:41 INFO DAGScheduler: Submitting 2 missing tasks from ShuffleMapStage 48 (MapPartitionsRDD[171] at collect at DriverActivationSpec.scala:101) (first 15 tasks are for partitions Vector(0, 1))
26/07/26 05:13:41 INFO TaskSchedulerImpl: Adding task set 48.0 with 2 tasks resource profile 0
26/07/26 05:13:41 INFO TaskSetManager: Starting task 0.0 in stage 48.0 (TID 96) (ab93cff004a3,executor driver, partition 0, PROCESS_LOCAL, 9971 bytes)
26/07/26 05:13:41 INFO TaskSetManager: Starting task 1.0 in stage 48.0 (TID 97) (ab93cff004a3,executor driver, partition 1, PROCESS_LOCAL, 9971 bytes)
26/07/26 05:13:41 INFO Executor: Running task 0.0 in stage 48.0 (TID 96)
26/07/26 05:13:41 INFO Executor: Running task 1.0 in stage 48.0 (TID 97)
26/07/26 05:13:41 INFO Executor: Finished task 0.0 in stage 48.0 (TID 96). 2294 bytes result sent to driver
26/07/26 05:13:41 INFO Executor: Finished task 1.0 in stage 48.0 (TID 97). 2294 bytes result sent to driver
26/07/26 05:13:41 INFO TaskSetManager: Finished task 0.0 in stage 48.0 (TID 96) in 29 ms on ab93cff004a3 (executor driver) (1/2)
26/07/26 05:13:41 INFO TaskSetManager: Finished task 1.0 in stage 48.0 (TID 97) in 29 ms on ab93cff004a3 (executor driver) (2/2)
26/07/26 05:13:41 INFO TaskSchedulerImpl: Removed TaskSet 48.0 whose tasks have all completed, from pool
26/07/26 05:13:41 INFO DAGScheduler: ShuffleMapStage 48 (collect at DriverActivationSpec.scala:101) finished in 40 ms
26/07/26 05:13:41 INFO DAGScheduler: looking for newly runnable stages
26/07/26 05:13:41 INFO DAGScheduler: running: HashSet()
26/07/26 05:13:41 INFO DAGScheduler: waiting: HashSet(ResultStage 49)
26/07/26 05:13:41 INFO DAGScheduler: failed: HashSet()
26/07/26 05:13:41 INFO DAGScheduler: Missing parents found for ResultStage 49: List()
26/07/26 05:13:41 INFO DAGScheduler: Submitting ResultStage 49 (MapPartitionsRDD[174] at collect at DriverActivationSpec.scala:101), which has no missing parents
26/07/26 05:13:41 INFO MemoryStore: Block broadcast_49 stored as values in memory (estimated size 29.2 KiB, free 1002.8 MiB)
26/07/26 05:13:41 INFO MemoryStore: Block broadcast_49_piece0 stored as bytes in memory (estimated size 13.0 KiB, free 1002.8 MiB)
26/07/26 05:13:41 INFO SparkContext: Created broadcast 49 from broadcast at DAGScheduler.scala:1686
26/07/26 05:13:41 INFO DAGScheduler: Submitting 2 missing tasks from ResultStage 49 (MapPartitionsRDD[174] at collect at DriverActivationSpec.scala:101) (first 15 tasks are for partitions Vector(0, 1))
26/07/26 05:13:41 INFO TaskSchedulerImpl: Adding task set 49.0 with 2 tasks resource profile 0
26/07/26 05:13:41 INFO TaskSetManager: Starting task 0.0 in stage 49.0 (TID 98) (ab93cff004a3,executor driver, partition 0, NODE_LOCAL, 9847 bytes)
26/07/26 05:13:41 INFO TaskSetManager: Starting task 1.0 in stage 49.0 (TID 99) (ab93cff004a3,executor driver, partition 1, NODE_LOCAL, 9847 bytes)
26/07/26 05:13:41 INFO Executor: Running task 1.0 in stage 49.0 (TID 99)
26/07/26 05:13:41 INFO Executor: Running task 0.0 in stage 49.0 (TID 98)
26/07/26 05:13:41 INFO ShuffleBlockFetcherIterator: Getting 2 (456.0 B) non-empty blocks including 2 (456.0 B) local and 0 (0.0 B) host-local and 0 (0.0 B) push-merged-local and 0 (0.0 B) remote blocks
26/07/26 05:13:41 INFO ShuffleBlockFetcherIterator: Getting 2 (608.0 B) non-empty blocks including 2 (608.0 B) local and 0 (0.0 B) host-local and 0 (0.0 B) push-merged-local and 0 (0.0 B) remote blocks
26/07/26 05:13:41 INFO ShuffleBlockFetcherIterator: Started 0 remote fetches in 1 ms
26/07/26 05:13:41 INFO ShuffleBlockFetcherIterator: Started 0 remote fetches in 1 ms
26/07/26 05:13:41 INFO Executor: Finished task 0.0 in stage 49.0 (TID 98). 4944 bytes result sent to driver
26/07/26 05:13:41 INFO TaskSetManager: Finished task 0.0 in stage 49.0 (TID 98) in 26 ms on ab93cff004a3 (executor driver) (1/2)
26/07/26 05:13:41 INFO Executor: Finished task 1.0 in stage 49.0 (TID 99). 4849 bytes result sent to driver
26/07/26 05:13:41 INFO TaskSetManager: Finished task 1.0 in stage 49.0 (TID 99) in 41 ms on ab93cff004a3 (executor driver) (2/2)
26/07/26 05:13:41 INFO TaskSchedulerImpl: Removed TaskSet 49.0 whose tasks have all completed, from pool
26/07/26 05:13:41 INFO DAGScheduler: ResultStage 49 (collect at DriverActivationSpec.scala:101) finished in 53 ms
26/07/26 05:13:41 INFO DAGScheduler: Job 24 is finished. Cancelling potential speculative or zombie tasks for this job
26/07/26 05:13:41 INFO TaskSchedulerImpl: Canceling stage 49
26/07/26 05:13:41 INFO TaskSchedulerImpl: Killing all running tasks in stage 49: Stage finished
26/07/26 05:13:41 INFO DAGScheduler: Job 24 finished: collect at DriverActivationSpec.scala:101, took 100.047211 ms
26/07/26 05:13:41 INFO HashAggregateExec: spark.sql.codegen.aggregate.map.twolevel.enabled is set to true, but current version of codegened fast hashmap does not support this aggregate.
26/07/26 05:13:42 INFO SparkContext: Starting job: collect at DriverActivationSpec.scala:101
26/07/26 05:13:42 INFO DAGScheduler: Registering RDD 178 (collect at DriverActivationSpec.scala:101) as input to shuffle 25
26/07/26 05:13:42 INFO DAGScheduler: Got job 25 (collect at DriverActivationSpec.scala:101) with 2 output partitions
26/07/26 05:13:42 INFO DAGScheduler: Final stage: ResultStage 51 (collect at DriverActivationSpec.scala:101)
26/07/26 05:13:42 INFO DAGScheduler: Parents of final stage: List(ShuffleMapStage 50)
26/07/26 05:13:42 INFO DAGScheduler: Missing parents: List(ShuffleMapStage 50)
26/07/26 05:13:42 INFO DAGScheduler: Missing parents found for ResultStage 51: List(ShuffleMapStage 50)
26/07/26 05:13:42 INFO DAGScheduler: Missing parents found for ShuffleMapStage 50: List()
26/07/26 05:13:42 INFO DAGScheduler: Submitting ShuffleMapStage 50 (MapPartitionsRDD[178] at collect at DriverActivationSpec.scala:101), which has no missing parents
26/07/26 05:13:42 INFO MemoryStore: Block broadcast_50 stored as values in memory (estimated size 31.6 KiB, free 1002.8 MiB)
26/07/26 05:13:42 INFO MemoryStore: Block broadcast_50_piece0 stored as bytes in memory (estimated size 13.9 KiB, free 1002.8 MiB)
26/07/26 05:13:42 INFO SparkContext: Created broadcast 50 from broadcast at DAGScheduler.scala:1686
26/07/26 05:13:42 INFO DAGScheduler: Submitting 2 missing tasks from ShuffleMapStage 50 (MapPartitionsRDD[178] at collect at DriverActivationSpec.scala:101) (first 15 tasks are for partitions Vector(0, 1))
26/07/26 05:13:42 INFO TaskSchedulerImpl: Adding task set 50.0 with 2 tasks resource profile 0
26/07/26 05:13:42 INFO TaskSetManager: Starting task 0.0 in stage 50.0 (TID 100) (ab93cff004a3,executor driver, partition 0, PROCESS_LOCAL, 9971 bytes)
26/07/26 05:13:42 INFO TaskSetManager: Starting task 1.0 in stage 50.0 (TID 101) (ab93cff004a3,executor driver, partition 1, PROCESS_LOCAL, 9971 bytes)
26/07/26 05:13:42 INFO Executor: Running task 1.0 in stage 50.0 (TID 101)
26/07/26 05:13:42 INFO Executor: Running task 0.0 in stage 50.0 (TID 100)
26/07/26 05:13:42 INFO Executor: Finished task 1.0 in stage 50.0 (TID 101). 2294 bytes result sent to driver
26/07/26 05:13:42 INFO TaskSetManager: Finished task 1.0 in stage 50.0 (TID 101) in 25 ms on ab93cff004a3 (executor driver) (1/2)
26/07/26 05:13:42 INFO Executor: Finished task 0.0 in stage 50.0 (TID 100). 2294 bytes result sent to driver
26/07/26 05:13:42 INFO TaskSetManager: Finished task 0.0 in stage 50.0 (TID 100) in 31 ms on ab93cff004a3 (executor driver) (2/2)
26/07/26 05:13:42 INFO TaskSchedulerImpl: Removed TaskSet 50.0 whose tasks have all completed, from pool
26/07/26 05:13:42 INFO DAGScheduler: ShuffleMapStage 50 (collect at DriverActivationSpec.scala:101) finished in 45 ms
26/07/26 05:13:42 INFO DAGScheduler: looking for newly runnable stages
26/07/26 05:13:42 INFO DAGScheduler: running: HashSet()
26/07/26 05:13:42 INFO DAGScheduler: waiting: HashSet(ResultStage 51)
26/07/26 05:13:42 INFO DAGScheduler: failed: HashSet()
26/07/26 05:13:42 INFO DAGScheduler: Missing parents found for ResultStage 51: List()
26/07/26 05:13:42 INFO DAGScheduler: Submitting ResultStage 51 (MapPartitionsRDD[181] at collect at DriverActivationSpec.scala:101), which has no missing parents
26/07/26 05:13:42 INFO MemoryStore: Block broadcast_51 stored as values in memory (estimated size 29.2 KiB, free 1002.7 MiB)
26/07/26 05:13:42 INFO MemoryStore: Block broadcast_51_piece0 stored as bytes in memory (estimated size 13.0 KiB, free 1002.7 MiB)
26/07/26 05:13:42 INFO SparkContext: Created broadcast 51 from broadcast at DAGScheduler.scala:1686
26/07/26 05:13:42 INFO DAGScheduler: Submitting 2 missing tasks from ResultStage 51 (MapPartitionsRDD[181] at collect at DriverActivationSpec.scala:101) (first 15 tasks are for partitions Vector(0, 1))
26/07/26 05:13:42 INFO TaskSchedulerImpl: Adding task set 51.0 with 2 tasks resource profile 0
26/07/26 05:13:42 INFO TaskSetManager: Starting task 0.0 in stage 51.0 (TID 102) (ab93cff004a3,executor driver, partition 0, NODE_LOCAL, 9847 bytes)
26/07/26 05:13:42 INFO TaskSetManager: Starting task 1.0 in stage 51.0 (TID 103) (ab93cff004a3,executor driver, partition 1, NODE_LOCAL, 9847 bytes)
26/07/26 05:13:42 INFO Executor: Running task 0.0 in stage 51.0 (TID 102)
26/07/26 05:13:42 INFO Executor: Running task 1.0 in stage 51.0 (TID 103)
26/07/26 05:13:42 INFO ShuffleBlockFetcherIterator: Getting 2 (456.0 B) non-empty blocks including 2 (456.0 B) local and 0 (0.0 B) host-local and 0 (0.0 B) push-merged-local and 0 (0.0 B) remote blocks
26/07/26 05:13:42 INFO ShuffleBlockFetcherIterator: Started 0 remote fetches in 0 ms
26/07/26 05:13:42 INFO ShuffleBlockFetcherIterator: Getting 2 (608.0 B) non-empty blocks including 2 (608.0 B) local and 0 (0.0 B) host-local and 0 (0.0 B) push-merged-local and 0 (0.0 B) remote blocks
26/07/26 05:13:42 INFO ShuffleBlockFetcherIterator: Started 0 remote fetches in 1 ms
26/07/26 05:13:42 INFO Executor: Finished task 0.0 in stage 51.0 (TID 102). 4944 bytes result sent to driver
26/07/26 05:13:42 INFO TaskSetManager: Finished task 0.0 in stage 51.0 (TID 102) in 22 ms on ab93cff004a3 (executor driver) (1/2)
26/07/26 05:13:42 INFO Executor: Finished task 1.0 in stage 51.0 (TID 103). 4849 bytes result sent to driver
26/07/26 05:13:42 INFO TaskSetManager: Finished task 1.0 in stage 51.0 (TID 103) in 31 ms on ab93cff004a3 (executor driver) (2/2)
26/07/26 05:13:42 INFO TaskSchedulerImpl: Removed TaskSet 51.0 whose tasks have all completed, from pool
26/07/26 05:13:42 INFO DAGScheduler: ResultStage 51 (collect at DriverActivationSpec.scala:101) finished in 45 ms
26/07/26 05:13:42 INFO DAGScheduler: Job 25 is finished. Cancelling potential speculative or zombie tasks for this job
26/07/26 05:13:42 INFO TaskSchedulerImpl: Canceling stage 51
26/07/26 05:13:42 INFO TaskSchedulerImpl: Killing all running tasks in stage 51: Stage finished
26/07/26 05:13:42 INFO DAGScheduler: Job 25 finished: collect at DriverActivationSpec.scala:101, took 104.6938 ms
26/07/26 05:13:42 INFO HashAggregateExec: spark.sql.codegen.aggregate.map.twolevel.enabled is set to true, but current version of codegened fast hashmap does not support this aggregate.
26/07/26 05:13:42 INFO SparkContext: Starting job: collect at DriverActivationSpec.scala:101
26/07/26 05:13:42 INFO DAGScheduler: Registering RDD 185 (collect at DriverActivationSpec.scala:101) as input to shuffle 26
26/07/26 05:13:42 INFO DAGScheduler: Got job 26 (collect at DriverActivationSpec.scala:101) with 2 output partitions
26/07/26 05:13:42 INFO DAGScheduler: Final stage: ResultStage 53 (collect at DriverActivationSpec.scala:101)
26/07/26 05:13:42 INFO DAGScheduler: Parents of final stage: List(ShuffleMapStage 52)
26/07/26 05:13:42 INFO DAGScheduler: Missing parents: List(ShuffleMapStage 52)
26/07/26 05:13:42 INFO DAGScheduler: Missing parents found for ResultStage 53: List(ShuffleMapStage 52)
26/07/26 05:13:42 INFO DAGScheduler: Missing parents found for ShuffleMapStage 52: List()
26/07/26 05:13:42 INFO DAGScheduler: Submitting ShuffleMapStage 52 (MapPartitionsRDD[185] at collect at DriverActivationSpec.scala:101), which has no missing parents
26/07/26 05:13:42 INFO MemoryStore: Block broadcast_52 stored as values in memory (estimated size 31.6 KiB, free 1002.7 MiB)
26/07/26 05:13:42 INFO MemoryStore: Block broadcast_52_piece0 stored as bytes in memory (estimated size 13.9 KiB, free 1002.7 MiB)
26/07/26 05:13:42 INFO SparkContext: Created broadcast 52 from broadcast at DAGScheduler.scala:1686
26/07/26 05:13:42 INFO DAGScheduler: Submitting 2 missing tasks from ShuffleMapStage 52 (MapPartitionsRDD[185] at collect at DriverActivationSpec.scala:101) (first 15 tasks are for partitions Vector(0, 1))
26/07/26 05:13:42 INFO TaskSchedulerImpl: Adding task set 52.0 with 2 tasks resource profile 0
26/07/26 05:13:42 INFO TaskSetManager: Starting task 0.0 in stage 52.0 (TID 104) (ab93cff004a3,executor driver, partition 0, PROCESS_LOCAL, 9971 bytes)
26/07/26 05:13:42 INFO TaskSetManager: Starting task 1.0 in stage 52.0 (TID 105) (ab93cff004a3,executor driver, partition 1, PROCESS_LOCAL, 9971 bytes)
26/07/26 05:13:42 INFO Executor: Running task 1.0 in stage 52.0 (TID 105)
26/07/26 05:13:42 INFO Executor: Running task 0.0 in stage 52.0 (TID 104)
26/07/26 05:13:42 INFO Executor: Finished task 1.0 in stage 52.0 (TID 105). 2294 bytes result sent to driver
26/07/26 05:13:42 INFO TaskSetManager: Finished task 1.0 in stage 52.0 (TID 105) in 32 ms on ab93cff004a3 (executor driver) (1/2)
26/07/26 05:13:42 INFO Executor: Finished task 0.0 in stage 52.0 (TID 104). 2294 bytes result sent to driver
26/07/26 05:13:42 INFO TaskSetManager: Finished task 0.0 in stage 52.0 (TID 104) in 40 ms on ab93cff004a3 (executor driver) (2/2)
26/07/26 05:13:42 INFO TaskSchedulerImpl: Removed TaskSet 52.0 whose tasks have all completed, from pool
26/07/26 05:13:42 INFO DAGScheduler: ShuffleMapStage 52 (collect at DriverActivationSpec.scala:101) finished in 55 ms
26/07/26 05:13:42 INFO DAGScheduler: looking for newly runnable stages
26/07/26 05:13:42 INFO DAGScheduler: running: HashSet()
26/07/26 05:13:42 INFO DAGScheduler: waiting: HashSet(ResultStage 53)
26/07/26 05:13:42 INFO DAGScheduler: failed: HashSet()
26/07/26 05:13:42 INFO DAGScheduler: Missing parents found for ResultStage 53: List()
26/07/26 05:13:42 INFO DAGScheduler: Submitting ResultStage 53 (MapPartitionsRDD[188] at collect at DriverActivationSpec.scala:101), which has no missing parents
26/07/26 05:13:42 INFO MemoryStore: Block broadcast_53 stored as values in memory (estimated size 29.2 KiB, free 1002.7 MiB)
26/07/26 05:13:42 INFO MemoryStore: Block broadcast_53_piece0 stored as bytes in memory (estimated size 13.0 KiB, free 1002.6 MiB)
26/07/26 05:13:42 INFO SparkContext: Created broadcast 53 from broadcast at DAGScheduler.scala:1686
26/07/26 05:13:42 INFO DAGScheduler: Submitting 2 missing tasks from ResultStage 53 (MapPartitionsRDD[188] at collect at DriverActivationSpec.scala:101) (first 15 tasks are for partitions Vector(0, 1))
26/07/26 05:13:42 INFO TaskSchedulerImpl: Adding task set 53.0 with 2 tasks resource profile 0
26/07/26 05:13:42 INFO TaskSetManager: Starting task 0.0 in stage 53.0 (TID 106) (ab93cff004a3,executor driver, partition 0, NODE_LOCAL, 9847 bytes)
26/07/26 05:13:42 INFO TaskSetManager: Starting task 1.0 in stage 53.0 (TID 107) (ab93cff004a3,executor driver, partition 1, NODE_LOCAL, 9847 bytes)
26/07/26 05:13:42 INFO Executor: Running task 1.0 in stage 53.0 (TID 107)
26/07/26 05:13:42 INFO Executor: Running task 0.0 in stage 53.0 (TID 106)
26/07/26 05:13:42 INFO ShuffleBlockFetcherIterator: Getting 2 (456.0 B) non-empty blocks including 2 (456.0 B) local and 0 (0.0 B) host-local and 0 (0.0 B) push-merged-local and 0 (0.0 B) remote blocks
26/07/26 05:13:42 INFO ShuffleBlockFetcherIterator: Started 0 remote fetches in 1 ms
26/07/26 05:13:42 INFO ShuffleBlockFetcherIterator: Getting 2 (608.0 B) non-empty blocks including 2 (608.0 B) local and 0 (0.0 B) host-local and 0 (0.0 B) push-merged-local and 0 (0.0 B) remote blocks
26/07/26 05:13:42 INFO ShuffleBlockFetcherIterator: Started 0 remote fetches in 1 ms
26/07/26 05:13:42 INFO Executor: Finished task 1.0 in stage 53.0 (TID 107). 4849 bytes result sent to driver
26/07/26 05:13:42 INFO TaskSetManager: Finished task 1.0 in stage 53.0 (TID 107) in 22 ms on ab93cff004a3 (executor driver) (1/2)
26/07/26 05:13:42 INFO Executor: Finished task 0.0 in stage 53.0 (TID 106). 4944 bytes result sent to driver
26/07/26 05:13:42 INFO TaskSetManager: Finished task 0.0 in stage 53.0 (TID 106) in 34 ms on ab93cff004a3 (executor driver) (2/2)
26/07/26 05:13:42 INFO TaskSchedulerImpl: Removed TaskSet 53.0 whose tasks have all completed, from pool
26/07/26 05:13:42 INFO DAGScheduler: ResultStage 53 (collect at DriverActivationSpec.scala:101) finished in 44 ms
26/07/26 05:13:42 INFO DAGScheduler: Job 26 is finished. Cancelling potential speculative or zombie tasks for this job
26/07/26 05:13:42 INFO TaskSchedulerImpl: Canceling stage 53
26/07/26 05:13:42 INFO TaskSchedulerImpl: Killing all running tasks in stage 53: Stage finished
26/07/26 05:13:42 INFO DAGScheduler: Job 26 finished: collect at DriverActivationSpec.scala:101, took 122.871625 ms
26/07/26 05:13:42 INFO HashAggregateExec: spark.sql.codegen.aggregate.map.twolevel.enabled is set to true, but current version of codegened fast hashmap does not support this aggregate.
26/07/26 05:13:42 INFO SparkContext: Starting job: collect at DriverActivationSpec.scala:101
26/07/26 05:13:42 INFO DAGScheduler: Registering RDD 192 (collect at DriverActivationSpec.scala:101) as input to shuffle 27
26/07/26 05:13:42 INFO DAGScheduler: Got job 27 (collect at DriverActivationSpec.scala:101) with 2 output partitions
26/07/26 05:13:42 INFO DAGScheduler: Final stage: ResultStage 55 (collect at DriverActivationSpec.scala:101)
26/07/26 05:13:42 INFO DAGScheduler: Parents of final stage: List(ShuffleMapStage 54)
26/07/26 05:13:42 INFO DAGScheduler: Missing parents: List(ShuffleMapStage 54)
26/07/26 05:13:42 INFO DAGScheduler: Missing parents found for ResultStage 55: List(ShuffleMapStage 54)
26/07/26 05:13:42 INFO DAGScheduler: Missing parents found for ShuffleMapStage 54: List()
26/07/26 05:13:42 INFO DAGScheduler: Submitting ShuffleMapStage 54 (MapPartitionsRDD[192] at collect at DriverActivationSpec.scala:101), which has no missing parents
26/07/26 05:13:42 INFO MemoryStore: Block broadcast_54 stored as values in memory (estimated size 31.6 KiB, free 1002.6 MiB)
26/07/26 05:13:42 INFO MemoryStore: Block broadcast_54_piece0 stored as bytes in memory (estimated size 13.9 KiB, free 1002.6 MiB)
26/07/26 05:13:42 INFO SparkContext: Created broadcast 54 from broadcast at DAGScheduler.scala:1686
26/07/26 05:13:42 INFO DAGScheduler: Submitting 2 missing tasks from ShuffleMapStage 54 (MapPartitionsRDD[192] at collect at DriverActivationSpec.scala:101) (first 15 tasks are for partitions Vector(0, 1))
26/07/26 05:13:42 INFO TaskSchedulerImpl: Adding task set 54.0 with 2 tasks resource profile 0
26/07/26 05:13:42 INFO TaskSetManager: Starting task 0.0 in stage 54.0 (TID 108) (ab93cff004a3,executor driver, partition 0, PROCESS_LOCAL, 9971 bytes)
26/07/26 05:13:42 INFO TaskSetManager: Starting task 1.0 in stage 54.0 (TID 109) (ab93cff004a3,executor driver, partition 1, PROCESS_LOCAL, 9971 bytes)
26/07/26 05:13:42 INFO Executor: Running task 0.0 in stage 54.0 (TID 108)
26/07/26 05:13:42 INFO Executor: Running task 1.0 in stage 54.0 (TID 109)
26/07/26 05:13:42 INFO Executor: Finished task 1.0 in stage 54.0 (TID 109). 2294 bytes result sent to driver
26/07/26 05:13:42 INFO Executor: Finished task 0.0 in stage 54.0 (TID 108). 2294 bytes result sent to driver
26/07/26 05:13:42 INFO TaskSetManager: Finished task 1.0 in stage 54.0 (TID 109) in 36 ms on ab93cff004a3 (executor driver) (1/2)
26/07/26 05:13:42 INFO TaskSetManager: Finished task 0.0 in stage 54.0 (TID 108) in 38 ms on ab93cff004a3 (executor driver) (2/2)
26/07/26 05:13:42 INFO TaskSchedulerImpl: Removed TaskSet 54.0 whose tasks have all completed, from pool
26/07/26 05:13:42 INFO DAGScheduler: ShuffleMapStage 54 (collect at DriverActivationSpec.scala:101) finished in 58 ms
26/07/26 05:13:42 INFO DAGScheduler: looking for newly runnable stages
26/07/26 05:13:42 INFO DAGScheduler: running: HashSet()
26/07/26 05:13:42 INFO DAGScheduler: waiting: HashSet(ResultStage 55)
26/07/26 05:13:42 INFO DAGScheduler: failed: HashSet()
26/07/26 05:13:42 INFO DAGScheduler: Missing parents found for ResultStage 55: List()
26/07/26 05:13:42 INFO DAGScheduler: Submitting ResultStage 55 (MapPartitionsRDD[195] at collect at DriverActivationSpec.scala:101), which has no missing parents
26/07/26 05:13:42 INFO MemoryStore: Block broadcast_55 stored as values in memory (estimated size 29.2 KiB, free 1002.6 MiB)
26/07/26 05:13:42 INFO MemoryStore: Block broadcast_55_piece0 stored as bytes in memory (estimated size 13.0 KiB, free 1002.6 MiB)
26/07/26 05:13:42 INFO SparkContext: Created broadcast 55 from broadcast at DAGScheduler.scala:1686
26/07/26 05:13:42 INFO DAGScheduler: Submitting 2 missing tasks from ResultStage 55 (MapPartitionsRDD[195] at collect at DriverActivationSpec.scala:101) (first 15 tasks are for partitions Vector(0, 1))
26/07/26 05:13:42 INFO TaskSchedulerImpl: Adding task set 55.0 with 2 tasks resource profile 0
26/07/26 05:13:42 INFO TaskSetManager: Starting task 0.0 in stage 55.0 (TID 110) (ab93cff004a3,executor driver, partition 0, NODE_LOCAL, 9847 bytes)
26/07/26 05:13:42 INFO TaskSetManager: Starting task 1.0 in stage 55.0 (TID 111) (ab93cff004a3,executor driver, partition 1, NODE_LOCAL, 9847 bytes)
26/07/26 05:13:42 INFO Executor: Running task 0.0 in stage 55.0 (TID 110)
26/07/26 05:13:42 INFO Executor: Running task 1.0 in stage 55.0 (TID 111)
26/07/26 05:13:42 INFO ShuffleBlockFetcherIterator: Getting 2 (456.0 B) non-empty blocks including 2 (456.0 B) local and 0 (0.0 B) host-local and 0 (0.0 B) push-merged-local and 0 (0.0 B) remote blocks
26/07/26 05:13:42 INFO ShuffleBlockFetcherIterator: Started 0 remote fetches in 1 ms
26/07/26 05:13:42 INFO ShuffleBlockFetcherIterator: Getting 2 (608.0 B) non-empty blocks including 2 (608.0 B) local and 0 (0.0 B) host-local and 0 (0.0 B) push-merged-local and 0 (0.0 B) remote blocks
26/07/26 05:13:42 INFO ShuffleBlockFetcherIterator: Started 0 remote fetches in 1 ms
26/07/26 05:13:42 INFO Executor: Finished task 0.0 in stage 55.0 (TID 110). 4944 bytes result sent to driver
26/07/26 05:13:42 INFO Executor: Finished task 1.0 in stage 55.0 (TID 111). 4849 bytes result sent to driver
26/07/26 05:13:42 INFO TaskSetManager: Finished task 0.0 in stage 55.0 (TID 110) in 18 ms on ab93cff004a3 (executor driver) (1/2)
26/07/26 05:13:42 INFO TaskSetManager: Finished task 1.0 in stage 55.0 (TID 111) in 18 ms on ab93cff004a3 (executor driver) (2/2)
26/07/26 05:13:42 INFO TaskSchedulerImpl: Removed TaskSet 55.0 whose tasks have all completed, from pool
26/07/26 05:13:42 INFO DAGScheduler: ResultStage 55 (collect at DriverActivationSpec.scala:101) finished in 26 ms
26/07/26 05:13:42 INFO DAGScheduler: Job 27 is finished. Cancelling potential speculative or zombie tasks for this job
26/07/26 05:13:42 INFO TaskSchedulerImpl: Canceling stage 55
26/07/26 05:13:42 INFO TaskSchedulerImpl: Killing all running tasks in stage 55: Stage finished
26/07/26 05:13:42 INFO DAGScheduler: Job 27 finished: collect at DriverActivationSpec.scala:101, took 94.427471 ms
26/07/26 05:13:42 INFO HashAggregateExec: spark.sql.codegen.aggregate.map.twolevel.enabled is set to true, but current version of codegened fast hashmap does not support this aggregate.
26/07/26 05:13:42 INFO SparkContext: Starting job: collect at DriverActivationSpec.scala:101
26/07/26 05:13:42 INFO DAGScheduler: Registering RDD 199 (collect at DriverActivationSpec.scala:101) as input to shuffle 28
26/07/26 05:13:42 INFO DAGScheduler: Got job 28 (collect at DriverActivationSpec.scala:101) with 2 output partitions
26/07/26 05:13:42 INFO DAGScheduler: Final stage: ResultStage 57 (collect at DriverActivationSpec.scala:101)
26/07/26 05:13:42 INFO DAGScheduler: Parents of final stage: List(ShuffleMapStage 56)
26/07/26 05:13:42 INFO DAGScheduler: Missing parents: List(ShuffleMapStage 56)
26/07/26 05:13:42 INFO DAGScheduler: Missing parents found for ResultStage 57: List(ShuffleMapStage 56)
26/07/26 05:13:42 INFO DAGScheduler: Missing parents found for ShuffleMapStage 56: List()
26/07/26 05:13:42 INFO DAGScheduler: Submitting ShuffleMapStage 56 (MapPartitionsRDD[199] at collect at DriverActivationSpec.scala:101), which has no missing parents
26/07/26 05:13:42 INFO MemoryStore: Block broadcast_56 stored as values in memory (estimated size 31.6 KiB, free 1002.5 MiB)
26/07/26 05:13:42 INFO MemoryStore: Block broadcast_56_piece0 stored as bytes in memory (estimated size 13.9 KiB, free 1002.5 MiB)
26/07/26 05:13:42 INFO SparkContext: Created broadcast 56 from broadcast at DAGScheduler.scala:1686
26/07/26 05:13:42 INFO DAGScheduler: Submitting 2 missing tasks from ShuffleMapStage 56 (MapPartitionsRDD[199] at collect at DriverActivationSpec.scala:101) (first 15 tasks are for partitions Vector(0, 1))
26/07/26 05:13:42 INFO TaskSchedulerImpl: Adding task set 56.0 with 2 tasks resource profile 0
26/07/26 05:13:42 INFO TaskSetManager: Starting task 0.0 in stage 56.0 (TID 112) (ab93cff004a3,executor driver, partition 0, PROCESS_LOCAL, 9971 bytes)
26/07/26 05:13:42 INFO TaskSetManager: Starting task 1.0 in stage 56.0 (TID 113) (ab93cff004a3,executor driver, partition 1, PROCESS_LOCAL, 9971 bytes)
26/07/26 05:13:42 INFO Executor: Running task 0.0 in stage 56.0 (TID 112)
26/07/26 05:13:42 INFO Executor: Running task 1.0 in stage 56.0 (TID 113)
26/07/26 05:13:42 INFO Executor: Finished task 1.0 in stage 56.0 (TID 113). 2294 bytes result sent to driver
26/07/26 05:13:42 INFO Executor: Finished task 0.0 in stage 56.0 (TID 112). 2294 bytes result sent to driver
26/07/26 05:13:42 INFO TaskSetManager: Finished task 1.0 in stage 56.0 (TID 113) in 114 ms on ab93cff004a3 (executor driver) (1/2)
26/07/26 05:13:42 INFO TaskSetManager: Finished task 0.0 in stage 56.0 (TID 112) in 126 ms on ab93cff004a3 (executor driver) (2/2)
26/07/26 05:13:42 INFO TaskSchedulerImpl: Removed TaskSet 56.0 whose tasks have all completed, from pool
26/07/26 05:13:43 INFO DAGScheduler: ShuffleMapStage 56 (collect at DriverActivationSpec.scala:101) finished in 147 ms
26/07/26 05:13:43 INFO DAGScheduler: looking for newly runnable stages
26/07/26 05:13:43 INFO DAGScheduler: running: HashSet()
26/07/26 05:13:43 INFO DAGScheduler: waiting: HashSet(ResultStage 57)
26/07/26 05:13:43 INFO DAGScheduler: failed: HashSet()
26/07/26 05:13:43 INFO DAGScheduler: Missing parents found for ResultStage 57: List()
26/07/26 05:13:43 INFO DAGScheduler: Submitting ResultStage 57 (MapPartitionsRDD[202] at collect at DriverActivationSpec.scala:101), which has no missing parents
26/07/26 05:13:43 INFO MemoryStore: Block broadcast_57 stored as values in memory (estimated size 29.2 KiB, free 1002.5 MiB)
26/07/26 05:13:43 INFO MemoryStore: Block broadcast_57_piece0 stored as bytes in memory (estimated size 13.0 KiB, free 1002.5 MiB)
26/07/26 05:13:43 INFO SparkContext: Created broadcast 57 from broadcast at DAGScheduler.scala:1686
26/07/26 05:13:43 INFO DAGScheduler: Submitting 2 missing tasks from ResultStage 57 (MapPartitionsRDD[202] at collect at DriverActivationSpec.scala:101) (first 15 tasks are for partitions Vector(0, 1))
26/07/26 05:13:43 INFO TaskSchedulerImpl: Adding task set 57.0 with 2 tasks resource profile 0
26/07/26 05:13:43 INFO TaskSetManager: Starting task 0.0 in stage 57.0 (TID 114) (ab93cff004a3,executor driver, partition 0, NODE_LOCAL, 9847 bytes)
26/07/26 05:13:43 INFO TaskSetManager: Starting task 1.0 in stage 57.0 (TID 115) (ab93cff004a3,executor driver, partition 1, NODE_LOCAL, 9847 bytes)
26/07/26 05:13:43 INFO Executor: Running task 1.0 in stage 57.0 (TID 115)
26/07/26 05:13:43 INFO Executor: Running task 0.0 in stage 57.0 (TID 114)
26/07/26 05:13:43 INFO ShuffleBlockFetcherIterator: Getting 2 (456.0 B) non-empty blocks including 2 (456.0 B) local and 0 (0.0 B) host-local and 0 (0.0 B) push-merged-local and 0 (0.0 B) remote blocks
26/07/26 05:13:43 INFO ShuffleBlockFetcherIterator: Getting 2 (608.0 B) non-empty blocks including 2 (608.0 B) local and 0 (0.0 B) host-local and 0 (0.0 B) push-merged-local and 0 (0.0 B) remote blocks
26/07/26 05:13:43 INFO ShuffleBlockFetcherIterator: Started 0 remote fetches in 1 ms
26/07/26 05:13:43 INFO ShuffleBlockFetcherIterator: Started 0 remote fetches in 13 ms
26/07/26 05:13:43 INFO Executor: Finished task 0.0 in stage 57.0 (TID 114). 4944 bytes result sent to driver
26/07/26 05:13:43 INFO Executor: Finished task 1.0 in stage 57.0 (TID 115). 4849 bytes result sent to driver
26/07/26 05:13:43 INFO TaskSetManager: Finished task 0.0 in stage 57.0 (TID 114) in 72 ms on ab93cff004a3 (executor driver) (1/2)
26/07/26 05:13:43 INFO TaskSetManager: Finished task 1.0 in stage 57.0 (TID 115) in 70 ms on ab93cff004a3 (executor driver) (2/2)
26/07/26 05:13:43 INFO TaskSchedulerImpl: Removed TaskSet 57.0 whose tasks have all completed, from pool
26/07/26 05:13:43 INFO DAGScheduler: ResultStage 57 (collect at DriverActivationSpec.scala:101) finished in 104 ms
26/07/26 05:13:43 INFO DAGScheduler: Job 28 is finished. Cancelling potential speculative or zombie tasks for this job
26/07/26 05:13:43 INFO TaskSchedulerImpl: Canceling stage 57
26/07/26 05:13:43 INFO TaskSchedulerImpl: Killing all running tasks in stage 57: Stage finished
26/07/26 05:13:43 INFO DAGScheduler: Job 28 finished: collect at DriverActivationSpec.scala:101, took 256.832129 ms
26/07/26 05:13:43 INFO HashAggregateExec: spark.sql.codegen.aggregate.map.twolevel.enabled is set to true, but current version of codegened fast hashmap does not support this aggregate.
26/07/26 05:13:43 INFO SparkContext: Starting job: collect at DriverActivationSpec.scala:101
26/07/26 05:13:43 INFO DAGScheduler: Registering RDD 206 (collect at DriverActivationSpec.scala:101) as input to shuffle 29
26/07/26 05:13:43 INFO DAGScheduler: Got job 29 (collect at DriverActivationSpec.scala:101) with 2 output partitions
26/07/26 05:13:43 INFO DAGScheduler: Final stage: ResultStage 59 (collect at DriverActivationSpec.scala:101)
26/07/26 05:13:43 INFO DAGScheduler: Parents of final stage: List(ShuffleMapStage 58)
26/07/26 05:13:43 INFO DAGScheduler: Missing parents: List(ShuffleMapStage 58)
26/07/26 05:13:43 INFO DAGScheduler: Missing parents found for ResultStage 59: List(ShuffleMapStage 58)
26/07/26 05:13:43 INFO DAGScheduler: Missing parents found for ShuffleMapStage 58: List()
26/07/26 05:13:43 INFO DAGScheduler: Submitting ShuffleMapStage 58 (MapPartitionsRDD[206] at collect at DriverActivationSpec.scala:101), which has no missing parents
26/07/26 05:13:43 INFO MemoryStore: Block broadcast_58 stored as values in memory (estimated size 31.6 KiB, free 1002.4 MiB)
26/07/26 05:13:43 INFO MemoryStore: Block broadcast_58_piece0 stored as bytes in memory (estimated size 13.9 KiB, free 1002.4 MiB)
26/07/26 05:13:43 INFO SparkContext: Created broadcast 58 from broadcast at DAGScheduler.scala:1686
26/07/26 05:13:43 INFO DAGScheduler: Submitting 2 missing tasks from ShuffleMapStage 58 (MapPartitionsRDD[206] at collect at DriverActivationSpec.scala:101) (first 15 tasks are for partitions Vector(0, 1))
26/07/26 05:13:43 INFO TaskSchedulerImpl: Adding task set 58.0 with 2 tasks resource profile 0
26/07/26 05:13:43 INFO TaskSetManager: Starting task 0.0 in stage 58.0 (TID 116) (ab93cff004a3,executor driver, partition 0, PROCESS_LOCAL, 9971 bytes)
26/07/26 05:13:43 INFO TaskSetManager: Starting task 1.0 in stage 58.0 (TID 117) (ab93cff004a3,executor driver, partition 1, PROCESS_LOCAL, 9971 bytes)
26/07/26 05:13:43 INFO Executor: Running task 1.0 in stage 58.0 (TID 117)
26/07/26 05:13:43 INFO Executor: Running task 0.0 in stage 58.0 (TID 116)
26/07/26 05:13:43 INFO Executor: Finished task 0.0 in stage 58.0 (TID 116). 2294 bytes result sent to driver
26/07/26 05:13:43 INFO TaskSetManager: Finished task 0.0 in stage 58.0 (TID 116) in 33 ms on ab93cff004a3 (executor driver) (1/2)
26/07/26 05:13:43 INFO Executor: Finished task 1.0 in stage 58.0 (TID 117). 2294 bytes result sent to driver
26/07/26 05:13:43 INFO TaskSetManager: Finished task 1.0 in stage 58.0 (TID 117) in 83 ms on ab93cff004a3 (executor driver) (2/2)
26/07/26 05:13:43 INFO DAGScheduler: ShuffleMapStage 58 (collect at DriverActivationSpec.scala:101) finished in 105 ms
26/07/26 05:13:43 INFO DAGScheduler: looking for newly runnable stages
26/07/26 05:13:43 INFO DAGScheduler: running: HashSet()
26/07/26 05:13:43 INFO DAGScheduler: waiting: HashSet(ResultStage 59)
26/07/26 05:13:43 INFO DAGScheduler: failed: HashSet()
26/07/26 05:13:43 INFO DAGScheduler: Missing parents found for ResultStage 59: List()
26/07/26 05:13:43 INFO DAGScheduler: Submitting ResultStage 59 (MapPartitionsRDD[209] at collect at DriverActivationSpec.scala:101), which has no missing parents
26/07/26 05:13:43 INFO TaskSchedulerImpl: Removed TaskSet 58.0 whose tasks have all completed, from pool
26/07/26 05:13:43 INFO MemoryStore: Block broadcast_59 stored as values in memory (estimated size 29.2 KiB, free 1002.4 MiB)
26/07/26 05:13:43 INFO MemoryStore: Block broadcast_59_piece0 stored as bytes in memory (estimated size 13.0 KiB, free 1002.4 MiB)
26/07/26 05:13:43 INFO SparkContext: Created broadcast 59 from broadcast at DAGScheduler.scala:1686
26/07/26 05:13:43 INFO DAGScheduler: Submitting 2 missing tasks from ResultStage 59 (MapPartitionsRDD[209] at collect at DriverActivationSpec.scala:101) (first 15 tasks are for partitions Vector(0, 1))
26/07/26 05:13:43 INFO TaskSchedulerImpl: Adding task set 59.0 with 2 tasks resource profile 0
26/07/26 05:13:43 INFO TaskSetManager: Starting task 0.0 in stage 59.0 (TID 118) (ab93cff004a3,executor driver, partition 0, NODE_LOCAL, 9847 bytes)
26/07/26 05:13:43 INFO TaskSetManager: Starting task 1.0 in stage 59.0 (TID 119) (ab93cff004a3,executor driver, partition 1, NODE_LOCAL, 9847 bytes)
26/07/26 05:13:43 INFO Executor: Running task 1.0 in stage 59.0 (TID 119)
26/07/26 05:13:43 INFO Executor: Running task 0.0 in stage 59.0 (TID 118)
26/07/26 05:13:43 INFO ShuffleBlockFetcherIterator: Getting 2 (456.0 B) non-empty blocks including 2 (456.0 B) local and 0 (0.0 B) host-local and 0 (0.0 B) push-merged-local and 0 (0.0 B) remote blocks
26/07/26 05:13:43 INFO ShuffleBlockFetcherIterator: Started 0 remote fetches in 1 ms
26/07/26 05:13:43 INFO ShuffleBlockFetcherIterator: Getting 2 (608.0 B) non-empty blocks including 2 (608.0 B) local and 0 (0.0 B) host-local and 0 (0.0 B) push-merged-local and 0 (0.0 B) remote blocks
26/07/26 05:13:43 INFO ShuffleBlockFetcherIterator: Started 0 remote fetches in 12 ms
26/07/26 05:13:43 INFO Executor: Finished task 0.0 in stage 59.0 (TID 118). 4944 bytes result sent to driver
26/07/26 05:13:43 INFO TaskSetManager: Finished task 0.0 in stage 59.0 (TID 118) in 44 ms on ab93cff004a3 (executor driver) (1/2)
26/07/26 05:13:43 INFO Executor: Finished task 1.0 in stage 59.0 (TID 119). 4849 bytes result sent to driver
26/07/26 05:13:43 INFO TaskSetManager: Finished task 1.0 in stage 59.0 (TID 119) in 90 ms on ab93cff004a3 (executor driver) (2/2)
26/07/26 05:13:43 INFO TaskSchedulerImpl: Removed TaskSet 59.0 whose tasks have all completed, from pool
26/07/26 05:13:43 INFO DAGScheduler: ResultStage 59 (collect at DriverActivationSpec.scala:101) finished in 208 ms
26/07/26 05:13:43 INFO DAGScheduler: Job 29 is finished. Cancelling potential speculative or zombie tasks for this job
26/07/26 05:13:43 INFO TaskSchedulerImpl: Canceling stage 59
26/07/26 05:13:43 INFO TaskSchedulerImpl: Killing all running tasks in stage 59: Stage finished
26/07/26 05:13:43 INFO DAGScheduler: Job 29 finished: collect at DriverActivationSpec.scala:101, took 327.884218 ms
26/07/26 05:13:43 INFO HashAggregateExec: spark.sql.codegen.aggregate.map.twolevel.enabled is set to true, but current version of codegened fast hashmap does not support this aggregate.
26/07/26 05:13:44 INFO SparkContext: Starting job: collect at DriverActivationSpec.scala:101
26/07/26 05:13:44 INFO DAGScheduler: Registering RDD 213 (collect at DriverActivationSpec.scala:101) as input to shuffle 30
26/07/26 05:13:44 INFO DAGScheduler: Got job 30 (collect at DriverActivationSpec.scala:101) with 2 output partitions
26/07/26 05:13:44 INFO DAGScheduler: Final stage: ResultStage 61 (collect at DriverActivationSpec.scala:101)
26/07/26 05:13:44 INFO DAGScheduler: Parents of final stage: List(ShuffleMapStage 60)
26/07/26 05:13:44 INFO DAGScheduler: Missing parents: List(ShuffleMapStage 60)
26/07/26 05:13:44 INFO DAGScheduler: Missing parents found for ResultStage 61: List(ShuffleMapStage 60)
26/07/26 05:13:44 INFO DAGScheduler: Missing parents found for ShuffleMapStage 60: List()
26/07/26 05:13:44 INFO DAGScheduler: Submitting ShuffleMapStage 60 (MapPartitionsRDD[213] at collect at DriverActivationSpec.scala:101), which has no missing parents
26/07/26 05:13:44 INFO MemoryStore: Block broadcast_60 stored as values in memory (estimated size 31.6 KiB, free 1003.1 MiB)
26/07/26 05:13:44 INFO MemoryStore: Block broadcast_60_piece0 stored as bytes in memory (estimated size 13.9 KiB, free 1003.1 MiB)
26/07/26 05:13:44 INFO SparkContext: Created broadcast 60 from broadcast at DAGScheduler.scala:1686
26/07/26 05:13:44 INFO DAGScheduler: Submitting 2 missing tasks from ShuffleMapStage 60 (MapPartitionsRDD[213] at collect at DriverActivationSpec.scala:101) (first 15 tasks are for partitions Vector(0, 1))
26/07/26 05:13:44 INFO TaskSchedulerImpl: Adding task set 60.0 with 2 tasks resource profile 0
26/07/26 05:13:44 INFO TaskSetManager: Starting task 0.0 in stage 60.0 (TID 120) (ab93cff004a3,executor driver, partition 0, PROCESS_LOCAL, 9971 bytes)
26/07/26 05:13:44 INFO TaskSetManager: Starting task 1.0 in stage 60.0 (TID 121) (ab93cff004a3,executor driver, partition 1, PROCESS_LOCAL, 9971 bytes)
26/07/26 05:13:44 INFO Executor: Running task 1.0 in stage 60.0 (TID 121)
26/07/26 05:13:44 INFO Executor: Running task 0.0 in stage 60.0 (TID 120)
26/07/26 05:13:44 INFO Executor: Finished task 0.0 in stage 60.0 (TID 120). 2294 bytes result sent to driver
26/07/26 05:13:44 INFO TaskSetManager: Finished task 0.0 in stage 60.0 (TID 120) in 54 ms on ab93cff004a3 (executor driver) (1/2)
26/07/26 05:13:44 INFO Executor: Finished task 1.0 in stage 60.0 (TID 121). 2294 bytes result sent to driver
26/07/26 05:13:44 INFO TaskSetManager: Finished task 1.0 in stage 60.0 (TID 121) in 86 ms on ab93cff004a3 (executor driver) (2/2)
26/07/26 05:13:44 INFO TaskSchedulerImpl: Removed TaskSet 60.0 whose tasks have all completed, from pool
26/07/26 05:13:44 INFO DAGScheduler: ShuffleMapStage 60 (collect at DriverActivationSpec.scala:101) finished in 141 ms
26/07/26 05:13:44 INFO DAGScheduler: looking for newly runnable stages
26/07/26 05:13:44 INFO DAGScheduler: running: HashSet()
26/07/26 05:13:44 INFO DAGScheduler: waiting: HashSet(ResultStage 61)
26/07/26 05:13:44 INFO DAGScheduler: failed: HashSet()
26/07/26 05:13:44 INFO DAGScheduler: Missing parents found for ResultStage 61: List()
26/07/26 05:13:44 INFO DAGScheduler: Submitting ResultStage 61 (MapPartitionsRDD[216] at collect at DriverActivationSpec.scala:101), which has no missing parents
26/07/26 05:13:44 INFO MemoryStore: Block broadcast_61 stored as values in memory (estimated size 29.2 KiB, free 1003.0 MiB)
26/07/26 05:13:44 INFO MemoryStore: Block broadcast_61_piece0 stored as bytes in memory (estimated size 13.0 KiB, free 1003.0 MiB)
26/07/26 05:13:44 INFO SparkContext: Created broadcast 61 from broadcast at DAGScheduler.scala:1686
26/07/26 05:13:44 INFO DAGScheduler: Submitting 2 missing tasks from ResultStage 61 (MapPartitionsRDD[216] at collect at DriverActivationSpec.scala:101) (first 15 tasks are for partitions Vector(0, 1))
26/07/26 05:13:44 INFO TaskSchedulerImpl: Adding task set 61.0 with 2 tasks resource profile 0
26/07/26 05:13:44 INFO TaskSetManager: Starting task 0.0 in stage 61.0 (TID 122) (ab93cff004a3,executor driver, partition 0, NODE_LOCAL, 9847 bytes)
26/07/26 05:13:44 INFO TaskSetManager: Starting task 1.0 in stage 61.0 (TID 123) (ab93cff004a3,executor driver, partition 1, NODE_LOCAL, 9847 bytes)
26/07/26 05:13:44 INFO Executor: Running task 1.0 in stage 61.0 (TID 123)
26/07/26 05:13:44 INFO Executor: Running task 0.0 in stage 61.0 (TID 122)
26/07/26 05:13:44 INFO ShuffleBlockFetcherIterator: Getting 2 (608.0 B) non-empty blocks including 2 (608.0 B) local and 0 (0.0 B) host-local and 0 (0.0 B) push-merged-local and 0 (0.0 B) remote blocks
26/07/26 05:13:44 INFO ShuffleBlockFetcherIterator: Started 0 remote fetches in 0 ms
26/07/26 05:13:44 INFO ShuffleBlockFetcherIterator: Getting 2 (456.0 B) non-empty blocks including 2 (456.0 B) local and 0 (0.0 B) host-local and 0 (0.0 B) push-merged-local and 0 (0.0 B) remote blocks
26/07/26 05:13:44 INFO ShuffleBlockFetcherIterator: Started 0 remote fetches in 1 ms
26/07/26 05:13:44 INFO Executor: Finished task 0.0 in stage 61.0 (TID 122). 4944 bytes result sent to driver
26/07/26 05:13:44 INFO TaskSetManager: Finished task 0.0 in stage 61.0 (TID 122) in 152 ms on ab93cff004a3 (executor driver) (1/2)
26/07/26 05:13:44 INFO Executor: Finished task 1.0 in stage 61.0 (TID 123). 4892 bytes result sent to driver
26/07/26 05:13:44 INFO TaskSetManager: Finished task 1.0 in stage 61.0 (TID 123) in 154 ms on ab93cff004a3 (executor driver) (2/2)
26/07/26 05:13:44 INFO DAGScheduler: ResultStage 61 (collect at DriverActivationSpec.scala:101) finished in 180 ms
26/07/26 05:13:44 INFO DAGScheduler: Job 30 is finished. Cancelling potential speculative or zombie tasks for this job
26/07/26 05:13:44 INFO TaskSchedulerImpl: Removed TaskSet 61.0 whose tasks have all completed, from pool
26/07/26 05:13:44 INFO TaskSchedulerImpl: Canceling stage 61
26/07/26 05:13:44 INFO TaskSchedulerImpl: Killing all running tasks in stage 61: Stage finished
26/07/26 05:13:44 INFO DAGScheduler: Job 30 finished: collect at DriverActivationSpec.scala:101, took 376.489763 ms
26/07/26 05:13:44 INFO HashAggregateExec: spark.sql.codegen.aggregate.map.twolevel.enabled is set to true, but current version of codegened fast hashmap does not support this aggregate.
26/07/26 05:13:44 INFO SparkContext: Starting job: collect at DriverActivationSpec.scala:101
26/07/26 05:13:44 INFO DAGScheduler: Registering RDD 220 (collect at DriverActivationSpec.scala:101) as input to shuffle 31
26/07/26 05:13:44 INFO DAGScheduler: Got job 31 (collect at DriverActivationSpec.scala:101) with 2 output partitions
26/07/26 05:13:44 INFO DAGScheduler: Final stage: ResultStage 63 (collect at DriverActivationSpec.scala:101)
26/07/26 05:13:44 INFO DAGScheduler: Parents of final stage: List(ShuffleMapStage 62)
26/07/26 05:13:44 INFO DAGScheduler: Missing parents: List(ShuffleMapStage 62)
26/07/26 05:13:44 INFO DAGScheduler: Missing parents found for ResultStage 63: List(ShuffleMapStage 62)
26/07/26 05:13:44 INFO DAGScheduler: Missing parents found for ShuffleMapStage 62: List()
26/07/26 05:13:44 INFO DAGScheduler: Submitting ShuffleMapStage 62 (MapPartitionsRDD[220] at collect at DriverActivationSpec.scala:101), which has no missing parents
26/07/26 05:13:44 INFO MemoryStore: Block broadcast_62 stored as values in memory (estimated size 31.6 KiB, free 1003.2 MiB)
26/07/26 05:13:44 INFO MemoryStore: Block broadcast_62_piece0 stored as bytes in memory (estimated size 13.9 KiB, free 1003.2 MiB)
26/07/26 05:13:44 INFO SparkContext: Created broadcast 62 from broadcast at DAGScheduler.scala:1686
26/07/26 05:13:44 INFO DAGScheduler: Submitting 2 missing tasks from ShuffleMapStage 62 (MapPartitionsRDD[220] at collect at DriverActivationSpec.scala:101) (first 15 tasks are for partitions Vector(0, 1))
26/07/26 05:13:44 INFO TaskSchedulerImpl: Adding task set 62.0 with 2 tasks resource profile 0
26/07/26 05:13:44 INFO TaskSetManager: Starting task 0.0 in stage 62.0 (TID 124) (ab93cff004a3,executor driver, partition 0, PROCESS_LOCAL, 9971 bytes)
26/07/26 05:13:44 INFO TaskSetManager: Starting task 1.0 in stage 62.0 (TID 125) (ab93cff004a3,executor driver, partition 1, PROCESS_LOCAL, 9971 bytes)
26/07/26 05:13:44 INFO Executor: Running task 1.0 in stage 62.0 (TID 125)
26/07/26 05:13:44 INFO Executor: Running task 0.0 in stage 62.0 (TID 124)
26/07/26 05:13:44 INFO Executor: Finished task 1.0 in stage 62.0 (TID 125). 2294 bytes result sent to driver
26/07/26 05:13:44 INFO TaskSetManager: Finished task 1.0 in stage 62.0 (TID 125) in 71 ms on ab93cff004a3 (executor driver) (1/2)
26/07/26 05:13:44 INFO Executor: Finished task 0.0 in stage 62.0 (TID 124). 2294 bytes result sent to driver
26/07/26 05:13:44 INFO TaskSetManager: Finished task 0.0 in stage 62.0 (TID 124) in 85 ms on ab93cff004a3 (executor driver) (2/2)
26/07/26 05:13:44 INFO TaskSchedulerImpl: Removed TaskSet 62.0 whose tasks have all completed, from pool
26/07/26 05:13:44 INFO DAGScheduler: ShuffleMapStage 62 (collect at DriverActivationSpec.scala:101) finished in 101 ms
26/07/26 05:13:44 INFO DAGScheduler: looking for newly runnable stages
26/07/26 05:13:44 INFO DAGScheduler: running: HashSet()
26/07/26 05:13:44 INFO DAGScheduler: waiting: HashSet(ResultStage 63)
26/07/26 05:13:44 INFO DAGScheduler: failed: HashSet()
26/07/26 05:13:44 INFO DAGScheduler: Missing parents found for ResultStage 63: List()
26/07/26 05:13:44 INFO DAGScheduler: Submitting ResultStage 63 (MapPartitionsRDD[223] at collect at DriverActivationSpec.scala:101), which has no missing parents
26/07/26 05:13:44 INFO MemoryStore: Block broadcast_63 stored as values in memory (estimated size 29.2 KiB, free 1003.1 MiB)
26/07/26 05:13:44 INFO MemoryStore: Block broadcast_63_piece0 stored as bytes in memory (estimated size 13.0 KiB, free 1003.1 MiB)
26/07/26 05:13:44 INFO SparkContext: Created broadcast 63 from broadcast at DAGScheduler.scala:1686
26/07/26 05:13:44 INFO DAGScheduler: Submitting 2 missing tasks from ResultStage 63 (MapPartitionsRDD[223] at collect at DriverActivationSpec.scala:101) (first 15 tasks are for partitions Vector(0, 1))
26/07/26 05:13:44 INFO TaskSchedulerImpl: Adding task set 63.0 with 2 tasks resource profile 0
26/07/26 05:13:44 INFO TaskSetManager: Starting task 0.0 in stage 63.0 (TID 126) (ab93cff004a3,executor driver, partition 0, NODE_LOCAL, 9847 bytes)
26/07/26 05:13:44 INFO TaskSetManager: Starting task 1.0 in stage 63.0 (TID 127) (ab93cff004a3,executor driver, partition 1, NODE_LOCAL, 9847 bytes)
26/07/26 05:13:45 INFO Executor: Running task 0.0 in stage 63.0 (TID 126)
26/07/26 05:13:45 INFO Executor: Running task 1.0 in stage 63.0 (TID 127)
26/07/26 05:13:45 INFO ShuffleBlockFetcherIterator: Getting 2 (456.0 B) non-empty blocks including 2 (456.0 B) local and 0 (0.0 B) host-local and 0 (0.0 B) push-merged-local and 0 (0.0 B) remote blocks
26/07/26 05:13:45 INFO ShuffleBlockFetcherIterator: Started 0 remote fetches in 0 ms
26/07/26 05:13:45 INFO Executor: Finished task 1.0 in stage 63.0 (TID 127). 4849 bytes result sent to driver
26/07/26 05:13:45 INFO TaskSetManager: Finished task 1.0 in stage 63.0 (TID 127) in 49 ms on ab93cff004a3 (executor driver) (1/2)
26/07/26 05:13:45 INFO ShuffleBlockFetcherIterator: Getting 2 (608.0 B) non-empty blocks including 2 (608.0 B) local and 0 (0.0 B) host-local and 0 (0.0 B) push-merged-local and 0 (0.0 B) remote blocks
26/07/26 05:13:45 INFO ShuffleBlockFetcherIterator: Started 0 remote fetches in 0 ms
26/07/26 05:13:45 INFO Executor: Finished task 0.0 in stage 63.0 (TID 126). 4944 bytes result sent to driver
26/07/26 05:13:45 INFO TaskSetManager: Finished task 0.0 in stage 63.0 (TID 126) in 80 ms on ab93cff004a3 (executor driver) (2/2)
26/07/26 05:13:45 INFO TaskSchedulerImpl: Removed TaskSet 63.0 whose tasks have all completed, from pool
26/07/26 05:13:45 INFO DAGScheduler: ResultStage 63 (collect at DriverActivationSpec.scala:101) finished in 128 ms
26/07/26 05:13:45 INFO DAGScheduler: Job 31 is finished. Cancelling potential speculative or zombie tasks for this job
26/07/26 05:13:45 INFO TaskSchedulerImpl: Canceling stage 63
26/07/26 05:13:45 INFO TaskSchedulerImpl: Killing all running tasks in stage 63: Stage finished
26/07/26 05:13:45 INFO DAGScheduler: Job 31 finished: collect at DriverActivationSpec.scala:101, took 253.528345 ms
26/07/26 05:13:45 INFO HashAggregateExec: spark.sql.codegen.aggregate.map.twolevel.enabled is set to true, but current version of codegened fast hashmap does not support this aggregate.
26/07/26 05:13:45 INFO SparkContext: Starting job: collect at DriverActivationSpec.scala:101
26/07/26 05:13:45 INFO DAGScheduler: Registering RDD 227 (collect at DriverActivationSpec.scala:101) as input to shuffle 32
26/07/26 05:13:45 INFO DAGScheduler: Got job 32 (collect at DriverActivationSpec.scala:101) with 2 output partitions
26/07/26 05:13:45 INFO DAGScheduler: Final stage: ResultStage 65 (collect at DriverActivationSpec.scala:101)
26/07/26 05:13:45 INFO DAGScheduler: Parents of final stage: List(ShuffleMapStage 64)
26/07/26 05:13:45 INFO DAGScheduler: Missing parents: List(ShuffleMapStage 64)
26/07/26 05:13:45 INFO DAGScheduler: Missing parents found for ResultStage 65: List(ShuffleMapStage 64)
26/07/26 05:13:45 INFO DAGScheduler: Missing parents found for ShuffleMapStage 64: List()
26/07/26 05:13:45 INFO DAGScheduler: Submitting ShuffleMapStage 64 (MapPartitionsRDD[227] at collect at DriverActivationSpec.scala:101), which has no missing parents
26/07/26 05:13:45 INFO MemoryStore: Block broadcast_64 stored as values in memory (estimated size 31.6 KiB, free 1003.1 MiB)
26/07/26 05:13:45 INFO MemoryStore: Block broadcast_64_piece0 stored as bytes in memory (estimated size 13.9 KiB, free 1003.1 MiB)
26/07/26 05:13:45 INFO SparkContext: Created broadcast 64 from broadcast at DAGScheduler.scala:1686
26/07/26 05:13:45 INFO DAGScheduler: Submitting 2 missing tasks from ShuffleMapStage 64 (MapPartitionsRDD[227] at collect at DriverActivationSpec.scala:101) (first 15 tasks are for partitions Vector(0, 1))
26/07/26 05:13:45 INFO TaskSchedulerImpl: Adding task set 64.0 with 2 tasks resource profile 0
26/07/26 05:13:45 INFO TaskSetManager: Starting task 0.0 in stage 64.0 (TID 128) (ab93cff004a3,executor driver, partition 0, PROCESS_LOCAL, 9971 bytes)
26/07/26 05:13:45 INFO TaskSetManager: Starting task 1.0 in stage 64.0 (TID 129) (ab93cff004a3,executor driver, partition 1, PROCESS_LOCAL, 9971 bytes)
26/07/26 05:13:45 INFO Executor: Running task 0.0 in stage 64.0 (TID 128)
26/07/26 05:13:45 INFO Executor: Running task 1.0 in stage 64.0 (TID 129)
26/07/26 05:13:45 INFO Executor: Finished task 0.0 in stage 64.0 (TID 128). 2294 bytes result sent to driver
26/07/26 05:13:45 INFO TaskSetManager: Finished task 0.0 in stage 64.0 (TID 128) in 41 ms on ab93cff004a3 (executor driver) (1/2)
26/07/26 05:13:45 INFO Executor: Finished task 1.0 in stage 64.0 (TID 129). 2294 bytes result sent to driver
26/07/26 05:13:45 INFO TaskSetManager: Finished task 1.0 in stage 64.0 (TID 129) in 96 ms on ab93cff004a3 (executor driver) (2/2)
26/07/26 05:13:45 INFO TaskSchedulerImpl: Removed TaskSet 64.0 whose tasks have all completed, from pool
26/07/26 05:13:45 INFO DAGScheduler: ShuffleMapStage 64 (collect at DriverActivationSpec.scala:101) finished in 118 ms
26/07/26 05:13:45 INFO DAGScheduler: looking for newly runnable stages
26/07/26 05:13:45 INFO DAGScheduler: running: HashSet()
26/07/26 05:13:45 INFO DAGScheduler: waiting: HashSet(ResultStage 65)
26/07/26 05:13:45 INFO DAGScheduler: failed: HashSet()
26/07/26 05:13:45 INFO DAGScheduler: Missing parents found for ResultStage 65: List()
26/07/26 05:13:45 INFO DAGScheduler: Submitting ResultStage 65 (MapPartitionsRDD[230] at collect at DriverActivationSpec.scala:101), which has no missing parents
26/07/26 05:13:45 INFO MemoryStore: Block broadcast_65 stored as values in memory (estimated size 29.2 KiB, free 1003.0 MiB)
26/07/26 05:13:45 INFO MemoryStore: Block broadcast_65_piece0 stored as bytes in memory (estimated size 13.0 KiB, free 1003.0 MiB)
26/07/26 05:13:45 INFO SparkContext: Created broadcast 65 from broadcast at DAGScheduler.scala:1686
26/07/26 05:13:45 INFO DAGScheduler: Submitting 2 missing tasks from ResultStage 65 (MapPartitionsRDD[230] at collect at DriverActivationSpec.scala:101) (first 15 tasks are for partitions Vector(0, 1))
26/07/26 05:13:45 INFO TaskSchedulerImpl: Adding task set 65.0 with 2 tasks resource profile 0
26/07/26 05:13:45 INFO TaskSetManager: Starting task 0.0 in stage 65.0 (TID 130) (ab93cff004a3,executor driver, partition 0, NODE_LOCAL, 9847 bytes)
26/07/26 05:13:45 INFO TaskSetManager: Starting task 1.0 in stage 65.0 (TID 131) (ab93cff004a3,executor driver, partition 1, NODE_LOCAL, 9847 bytes)
26/07/26 05:13:45 INFO Executor: Running task 1.0 in stage 65.0 (TID 131)
26/07/26 05:13:45 INFO Executor: Running task 0.0 in stage 65.0 (TID 130)
26/07/26 05:13:45 INFO ShuffleBlockFetcherIterator: Getting 2 (456.0 B) non-empty blocks including 2 (456.0 B) local and 0 (0.0 B) host-local and 0 (0.0 B) push-merged-local and 0 (0.0 B) remote blocks
26/07/26 05:13:45 INFO ShuffleBlockFetcherIterator: Started 0 remote fetches in 0 ms
26/07/26 05:13:45 INFO ShuffleBlockFetcherIterator: Getting 2 (608.0 B) non-empty blocks including 2 (608.0 B) local and 0 (0.0 B) host-local and 0 (0.0 B) push-merged-local and 0 (0.0 B) remote blocks
26/07/26 05:13:45 INFO ShuffleBlockFetcherIterator: Started 0 remote fetches in 0 ms
26/07/26 05:13:45 INFO Executor: Finished task 1.0 in stage 65.0 (TID 131). 4849 bytes result sent to driver
26/07/26 05:13:45 INFO TaskSetManager: Finished task 1.0 in stage 65.0 (TID 131) in 31 ms on ab93cff004a3 (executor driver) (1/2)
26/07/26 05:13:45 INFO Executor: Finished task 0.0 in stage 65.0 (TID 130). 4987 bytes result sent to driver
26/07/26 05:13:45 INFO TaskSetManager: Finished task 0.0 in stage 65.0 (TID 130) in 45 ms on ab93cff004a3 (executor driver) (2/2)
26/07/26 05:13:45 INFO TaskSchedulerImpl: Removed TaskSet 65.0 whose tasks have all completed, from pool
26/07/26 05:13:45 INFO DAGScheduler: ResultStage 65 (collect at DriverActivationSpec.scala:101) finished in 67 ms
26/07/26 05:13:45 INFO DAGScheduler: Job 32 is finished. Cancelling potential speculative or zombie tasks for this job
26/07/26 05:13:45 INFO TaskSchedulerImpl: Canceling stage 65
26/07/26 05:13:45 INFO TaskSchedulerImpl: Killing all running tasks in stage 65: Stage finished
26/07/26 05:13:45 INFO DAGScheduler: Job 32 finished: collect at DriverActivationSpec.scala:101, took 192.985674 ms
26/07/26 05:13:45 INFO HashAggregateExec: spark.sql.codegen.aggregate.map.twolevel.enabled is set to true, but current version of codegened fast hashmap does not support this aggregate.
26/07/26 05:13:45 INFO SparkContext: Starting job: collect at DriverActivationSpec.scala:101
26/07/26 05:13:45 INFO DAGScheduler: Registering RDD 234 (collect at DriverActivationSpec.scala:101) as input to shuffle 33
26/07/26 05:13:45 INFO DAGScheduler: Got job 33 (collect at DriverActivationSpec.scala:101) with 2 output partitions
26/07/26 05:13:45 INFO DAGScheduler: Final stage: ResultStage 67 (collect at DriverActivationSpec.scala:101)
26/07/26 05:13:45 INFO DAGScheduler: Parents of final stage: List(ShuffleMapStage 66)
26/07/26 05:13:45 INFO DAGScheduler: Missing parents: List(ShuffleMapStage 66)
26/07/26 05:13:45 INFO DAGScheduler: Missing parents found for ResultStage 67: List(ShuffleMapStage 66)
26/07/26 05:13:45 INFO DAGScheduler: Missing parents found for ShuffleMapStage 66: List()
26/07/26 05:13:45 INFO DAGScheduler: Submitting ShuffleMapStage 66 (MapPartitionsRDD[234] at collect at DriverActivationSpec.scala:101), which has no missing parents
26/07/26 05:13:45 INFO MemoryStore: Block broadcast_66 stored as values in memory (estimated size 31.6 KiB, free 1003.0 MiB)
26/07/26 05:13:45 INFO MemoryStore: Block broadcast_66_piece0 stored as bytes in memory (estimated size 13.9 KiB, free 1003.0 MiB)
26/07/26 05:13:45 INFO SparkContext: Created broadcast 66 from broadcast at DAGScheduler.scala:1686
26/07/26 05:13:45 INFO DAGScheduler: Submitting 2 missing tasks from ShuffleMapStage 66 (MapPartitionsRDD[234] at collect at DriverActivationSpec.scala:101) (first 15 tasks are for partitions Vector(0, 1))
26/07/26 05:13:45 INFO TaskSchedulerImpl: Adding task set 66.0 with 2 tasks resource profile 0
26/07/26 05:13:45 INFO TaskSetManager: Starting task 0.0 in stage 66.0 (TID 132) (ab93cff004a3,executor driver, partition 0, PROCESS_LOCAL, 9971 bytes)
26/07/26 05:13:45 INFO TaskSetManager: Starting task 1.0 in stage 66.0 (TID 133) (ab93cff004a3,executor driver, partition 1, PROCESS_LOCAL, 9971 bytes)
26/07/26 05:13:45 INFO Executor: Running task 1.0 in stage 66.0 (TID 133)
26/07/26 05:13:45 INFO Executor: Running task 0.0 in stage 66.0 (TID 132)
26/07/26 05:13:45 INFO Executor: Finished task 0.0 in stage 66.0 (TID 132). 2294 bytes result sent to driver
26/07/26 05:13:45 INFO TaskSetManager: Finished task 0.0 in stage 66.0 (TID 132) in 29 ms on ab93cff004a3 (executor driver) (1/2)
26/07/26 05:13:45 INFO Executor: Finished task 1.0 in stage 66.0 (TID 133). 2294 bytes result sent to driver
26/07/26 05:13:45 INFO TaskSetManager: Finished task 1.0 in stage 66.0 (TID 133) in 44 ms on ab93cff004a3 (executor driver) (2/2)
26/07/26 05:13:45 INFO TaskSchedulerImpl: Removed TaskSet 66.0 whose tasks have all completed, from pool
26/07/26 05:13:45 INFO DAGScheduler: ShuffleMapStage 66 (collect at DriverActivationSpec.scala:101) finished in 65 ms
26/07/26 05:13:45 INFO DAGScheduler: looking for newly runnable stages
26/07/26 05:13:45 INFO DAGScheduler: running: HashSet()
26/07/26 05:13:45 INFO DAGScheduler: waiting: HashSet(ResultStage 67)
26/07/26 05:13:45 INFO DAGScheduler: failed: HashSet()
26/07/26 05:13:45 INFO DAGScheduler: Missing parents found for ResultStage 67: List()
26/07/26 05:13:45 INFO DAGScheduler: Submitting ResultStage 67 (MapPartitionsRDD[237] at collect at DriverActivationSpec.scala:101), which has no missing parents
26/07/26 05:13:45 INFO MemoryStore: Block broadcast_67 stored as values in memory (estimated size 29.2 KiB, free 1003.0 MiB)
26/07/26 05:13:45 INFO MemoryStore: Block broadcast_67_piece0 stored as bytes in memory (estimated size 13.0 KiB, free 1002.9 MiB)
26/07/26 05:13:45 INFO SparkContext: Created broadcast 67 from broadcast at DAGScheduler.scala:1686
26/07/26 05:13:45 INFO DAGScheduler: Submitting 2 missing tasks from ResultStage 67 (MapPartitionsRDD[237] at collect at DriverActivationSpec.scala:101) (first 15 tasks are for partitions Vector(0, 1))
26/07/26 05:13:45 INFO TaskSchedulerImpl: Adding task set 67.0 with 2 tasks resource profile 0
26/07/26 05:13:45 INFO TaskSetManager: Starting task 0.0 in stage 67.0 (TID 134) (ab93cff004a3,executor driver, partition 0, NODE_LOCAL, 9847 bytes)
26/07/26 05:13:46 INFO TaskSetManager: Starting task 1.0 in stage 67.0 (TID 135) (ab93cff004a3,executor driver, partition 1, NODE_LOCAL, 9847 bytes)
26/07/26 05:13:46 INFO Executor: Running task 0.0 in stage 67.0 (TID 134)
26/07/26 05:13:46 INFO Executor: Running task 1.0 in stage 67.0 (TID 135)
26/07/26 05:13:46 INFO ShuffleBlockFetcherIterator: Getting 2 (608.0 B) non-empty blocks including 2 (608.0 B) local and 0 (0.0 B) host-local and 0 (0.0 B) push-merged-local and 0 (0.0 B) remote blocks
26/07/26 05:13:46 INFO ShuffleBlockFetcherIterator: Started 0 remote fetches in 1 ms
26/07/26 05:13:46 INFO ShuffleBlockFetcherIterator: Getting 2 (456.0 B) non-empty blocks including 2 (456.0 B) local and 0 (0.0 B) host-local and 0 (0.0 B) push-merged-local and 0 (0.0 B) remote blocks
26/07/26 05:13:46 INFO ShuffleBlockFetcherIterator: Started 0 remote fetches in 1 ms
26/07/26 05:13:46 INFO Executor: Finished task 0.0 in stage 67.0 (TID 134). 4944 bytes result sent to driver
26/07/26 05:13:46 INFO TaskSetManager: Finished task 0.0 in stage 67.0 (TID 134) in 36 ms on ab93cff004a3 (executor driver) (1/2)
26/07/26 05:13:46 INFO Executor: Finished task 1.0 in stage 67.0 (TID 135). 4849 bytes result sent to driver
26/07/26 05:13:46 INFO TaskSetManager: Finished task 1.0 in stage 67.0 (TID 135) in 34 ms on ab93cff004a3 (executor driver) (2/2)
26/07/26 05:13:46 INFO TaskSchedulerImpl: Removed TaskSet 67.0 whose tasks have all completed, from pool
26/07/26 05:13:46 INFO DAGScheduler: ResultStage 67 (collect at DriverActivationSpec.scala:101) finished in 52 ms
26/07/26 05:13:46 INFO DAGScheduler: Job 33 is finished. Cancelling potential speculative or zombie tasks for this job
26/07/26 05:13:46 INFO TaskSchedulerImpl: Canceling stage 67
26/07/26 05:13:46 INFO TaskSchedulerImpl: Killing all running tasks in stage 67: Stage finished
26/07/26 05:13:46 INFO DAGScheduler: Job 33 finished: collect at DriverActivationSpec.scala:101, took 136.677729 ms
26/07/26 05:13:46 INFO HashAggregateExec: spark.sql.codegen.aggregate.map.twolevel.enabled is set to true, but current version of codegened fast hashmap does not support this aggregate.
26/07/26 05:13:46 INFO SparkContext: Starting job: collect at DriverActivationSpec.scala:101
26/07/26 05:13:46 INFO DAGScheduler: Registering RDD 241 (collect at DriverActivationSpec.scala:101) as input to shuffle 34
26/07/26 05:13:46 INFO DAGScheduler: Got job 34 (collect at DriverActivationSpec.scala:101) with 2 output partitions
26/07/26 05:13:46 INFO DAGScheduler: Final stage: ResultStage 69 (collect at DriverActivationSpec.scala:101)
26/07/26 05:13:46 INFO DAGScheduler: Parents of final stage: List(ShuffleMapStage 68)
26/07/26 05:13:46 INFO DAGScheduler: Missing parents: List(ShuffleMapStage 68)
26/07/26 05:13:46 INFO DAGScheduler: Missing parents found for ResultStage 69: List(ShuffleMapStage 68)
26/07/26 05:13:46 INFO DAGScheduler: Missing parents found for ShuffleMapStage 68: List()
26/07/26 05:13:46 INFO DAGScheduler: Submitting ShuffleMapStage 68 (MapPartitionsRDD[241] at collect at DriverActivationSpec.scala:101), which has no missing parents
26/07/26 05:13:46 INFO MemoryStore: Block broadcast_68 stored as values in memory (estimated size 31.6 KiB, free 1002.9 MiB)
26/07/26 05:13:46 INFO MemoryStore: Block broadcast_68_piece0 stored as bytes in memory (estimated size 13.9 KiB, free 1002.9 MiB)
26/07/26 05:13:46 INFO SparkContext: Created broadcast 68 from broadcast at DAGScheduler.scala:1686
26/07/26 05:13:46 INFO DAGScheduler: Submitting 2 missing tasks from ShuffleMapStage 68 (MapPartitionsRDD[241] at collect at DriverActivationSpec.scala:101) (first 15 tasks are for partitions Vector(0, 1))
26/07/26 05:13:46 INFO TaskSchedulerImpl: Adding task set 68.0 with 2 tasks resource profile 0
26/07/26 05:13:46 INFO TaskSetManager: Starting task 0.0 in stage 68.0 (TID 136) (ab93cff004a3,executor driver, partition 0, PROCESS_LOCAL, 9971 bytes)
26/07/26 05:13:46 INFO TaskSetManager: Starting task 1.0 in stage 68.0 (TID 137) (ab93cff004a3,executor driver, partition 1, PROCESS_LOCAL, 9971 bytes)
26/07/26 05:13:46 INFO Executor: Running task 1.0 in stage 68.0 (TID 137)
26/07/26 05:13:46 INFO Executor: Running task 0.0 in stage 68.0 (TID 136)
26/07/26 05:13:46 INFO Executor: Finished task 0.0 in stage 68.0 (TID 136). 2294 bytes result sent to driver
26/07/26 05:13:46 INFO TaskSetManager: Finished task 0.0 in stage 68.0 (TID 136) in 99 ms on ab93cff004a3 (executor driver) (1/2)
26/07/26 05:13:46 INFO Executor: Finished task 1.0 in stage 68.0 (TID 137). 2337 bytes result sent to driver
26/07/26 05:13:46 INFO TaskSetManager: Finished task 1.0 in stage 68.0 (TID 137) in 118 ms on ab93cff004a3 (executor driver) (2/2)
26/07/26 05:13:46 INFO TaskSchedulerImpl: Removed TaskSet 68.0 whose tasks have all completed, from pool
26/07/26 05:13:46 INFO DAGScheduler: ShuffleMapStage 68 (collect at DriverActivationSpec.scala:101) finished in 142 ms
26/07/26 05:13:46 INFO DAGScheduler: looking for newly runnable stages
26/07/26 05:13:46 INFO DAGScheduler: running: HashSet()
26/07/26 05:13:46 INFO DAGScheduler: waiting: HashSet(ResultStage 69)
26/07/26 05:13:46 INFO DAGScheduler: failed: HashSet()
26/07/26 05:13:46 INFO DAGScheduler: Missing parents found for ResultStage 69: List()
26/07/26 05:13:46 INFO DAGScheduler: Submitting ResultStage 69 (MapPartitionsRDD[244] at collect at DriverActivationSpec.scala:101), which has no missing parents
26/07/26 05:13:46 INFO MemoryStore: Block broadcast_69 stored as values in memory (estimated size 29.2 KiB, free 1002.9 MiB)
26/07/26 05:13:46 INFO MemoryStore: Block broadcast_69_piece0 stored as bytes in memory (estimated size 13.0 KiB, free 1002.9 MiB)
26/07/26 05:13:46 INFO SparkContext: Created broadcast 69 from broadcast at DAGScheduler.scala:1686
26/07/26 05:13:46 INFO DAGScheduler: Submitting 2 missing tasks from ResultStage 69 (MapPartitionsRDD[244] at collect at DriverActivationSpec.scala:101) (first 15 tasks are for partitions Vector(0, 1))
26/07/26 05:13:46 INFO TaskSchedulerImpl: Adding task set 69.0 with 2 tasks resource profile 0
26/07/26 05:13:46 INFO TaskSetManager: Starting task 0.0 in stage 69.0 (TID 138) (ab93cff004a3,executor driver, partition 0, NODE_LOCAL, 9847 bytes)
26/07/26 05:13:46 INFO TaskSetManager: Starting task 1.0 in stage 69.0 (TID 139) (ab93cff004a3,executor driver, partition 1, NODE_LOCAL, 9847 bytes)
26/07/26 05:13:46 INFO Executor: Running task 0.0 in stage 69.0 (TID 138)
26/07/26 05:13:46 INFO Executor: Running task 1.0 in stage 69.0 (TID 139)
26/07/26 05:13:46 INFO ShuffleBlockFetcherIterator: Getting 2 (608.0 B) non-empty blocks including 2 (608.0 B) local and 0 (0.0 B) host-local and 0 (0.0 B) push-merged-local and 0 (0.0 B) remote blocks
26/07/26 05:13:46 INFO ShuffleBlockFetcherIterator: Getting 2 (456.0 B) non-empty blocks including 2 (456.0 B) local and 0 (0.0 B) host-local and 0 (0.0 B) push-merged-local and 0 (0.0 B) remote blocks
26/07/26 05:13:46 INFO ShuffleBlockFetcherIterator: Started 0 remote fetches in 0 ms
26/07/26 05:13:46 INFO ShuffleBlockFetcherIterator: Started 0 remote fetches in 5 ms
26/07/26 05:13:46 INFO Executor: Finished task 0.0 in stage 69.0 (TID 138). 4944 bytes result sent to driver
26/07/26 05:13:46 INFO Executor: Finished task 1.0 in stage 69.0 (TID 139). 4849 bytes result sent to driver
26/07/26 05:13:46 INFO TaskSetManager: Finished task 0.0 in stage 69.0 (TID 138) in 104 ms on ab93cff004a3 (executor driver) (1/2)
26/07/26 05:13:46 INFO TaskSetManager: Finished task 1.0 in stage 69.0 (TID 139) in 103 ms on ab93cff004a3 (executor driver) (2/2)
26/07/26 05:13:46 INFO TaskSchedulerImpl: Removed TaskSet 69.0 whose tasks have all completed, from pool
26/07/26 05:13:46 INFO DAGScheduler: ResultStage 69 (collect at DriverActivationSpec.scala:101) finished in 192 ms
26/07/26 05:13:46 INFO DAGScheduler: Job 34 is finished. Cancelling potential speculative or zombie tasks for this job
26/07/26 05:13:46 INFO TaskSchedulerImpl: Canceling stage 69
26/07/26 05:13:46 INFO TaskSchedulerImpl: Killing all running tasks in stage 69: Stage finished
26/07/26 05:13:46 INFO DAGScheduler: Job 34 finished: collect at DriverActivationSpec.scala:101, took 358.423636 ms
26/07/26 05:13:46 ERROR HttpExporter: Failed to export spans. The request could not be executed. Full error message: timeout
java.io.InterruptedIOException: timeout
	at okhttp3.internal.connection.RealCall.timeoutExit(RealCall.kt:398)
	at okhttp3.internal.connection.RealCall.callDone(RealCall.kt:360)
	at okhttp3.internal.connection.RealCall.noMoreExchanges$okhttp(RealCall.kt:325)
	at okhttp3.internal.connection.RealCall.getResponseWithInterceptorChain$okhttp(RealCall.kt:209)
	at okhttp3.internal.connection.RealCall$AsyncCall.run(RealCall.kt:517)
	at java.base/java.util.concurrent.ThreadPoolExecutor.runWorker(ThreadPoolExecutor.java:1136)
	at java.base/java.util.concurrent.ThreadPoolExecutor$Worker.run(ThreadPoolExecutor.java:635)
	at java.base/java.lang.Thread.run(Thread.java:840)
Caused by: java.io.IOException: Canceled
	at okhttp3.internal.http.RetryAndFollowUpInterceptor.intercept(RetryAndFollowUpInterceptor.kt:72)
	at okhttp3.internal.http.RealInterceptorChain.proceed(RealInterceptorChain.kt:109)
	at io.opentelemetry.exporter.sender.okhttp.internal.RetryInterceptor.intercept(RetryInterceptor.java:91)
	at okhttp3.internal.http.RealInterceptorChain.proceed(RealInterceptorChain.kt:109)
	at okhttp3.internal.connection.RealCall.getResponseWithInterceptorChain$okhttp(RealCall.kt:201)
	... 4 more
26/07/26 05:13:47 INFO HashAggregateExec: spark.sql.codegen.aggregate.map.twolevel.enabled is set to true, but current version of codegened fast hashmap does not support this aggregate.
26/07/26 05:13:47 INFO SparkContext: Starting job: collect at DriverActivationSpec.scala:101
26/07/26 05:13:47 INFO DAGScheduler: Registering RDD 248 (collect at DriverActivationSpec.scala:101) as input to shuffle 35
26/07/26 05:13:47 INFO DAGScheduler: Got job 35 (collect at DriverActivationSpec.scala:101) with 2 output partitions
26/07/26 05:13:47 INFO DAGScheduler: Final stage: ResultStage 71 (collect at DriverActivationSpec.scala:101)
26/07/26 05:13:47 INFO DAGScheduler: Parents of final stage: List(ShuffleMapStage 70)
26/07/26 05:13:47 INFO DAGScheduler: Missing parents: List(ShuffleMapStage 70)
26/07/26 05:13:47 INFO DAGScheduler: Missing parents found for ResultStage 71: List(ShuffleMapStage 70)
26/07/26 05:13:47 INFO DAGScheduler: Missing parents found for ShuffleMapStage 70: List()
26/07/26 05:13:47 INFO DAGScheduler: Submitting ShuffleMapStage 70 (MapPartitionsRDD[248] at collect at DriverActivationSpec.scala:101), which has no missing parents
26/07/26 05:13:47 INFO MemoryStore: Block broadcast_70 stored as values in memory (estimated size 31.6 KiB, free 1002.8 MiB)
26/07/26 05:13:47 INFO MemoryStore: Block broadcast_70_piece0 stored as bytes in memory (estimated size 13.9 KiB, free 1002.8 MiB)
26/07/26 05:13:47 INFO SparkContext: Created broadcast 70 from broadcast at DAGScheduler.scala:1686
26/07/26 05:13:47 INFO DAGScheduler: Submitting 2 missing tasks from ShuffleMapStage 70 (MapPartitionsRDD[248] at collect at DriverActivationSpec.scala:101) (first 15 tasks are for partitions Vector(0, 1))
26/07/26 05:13:47 INFO TaskSchedulerImpl: Adding task set 70.0 with 2 tasks resource profile 0
26/07/26 05:13:47 INFO TaskSetManager: Starting task 0.0 in stage 70.0 (TID 140) (ab93cff004a3,executor driver, partition 0, PROCESS_LOCAL, 9971 bytes)
26/07/26 05:13:47 INFO TaskSetManager: Starting task 1.0 in stage 70.0 (TID 141) (ab93cff004a3,executor driver, partition 1, PROCESS_LOCAL, 9971 bytes)
26/07/26 05:13:47 INFO Executor: Running task 1.0 in stage 70.0 (TID 141)
26/07/26 05:13:47 INFO Executor: Running task 0.0 in stage 70.0 (TID 140)
26/07/26 05:13:47 INFO Executor: Finished task 0.0 in stage 70.0 (TID 140). 2294 bytes result sent to driver
26/07/26 05:13:47 INFO TaskSetManager: Finished task 0.0 in stage 70.0 (TID 140) in 56 ms on ab93cff004a3 (executor driver) (1/2)
26/07/26 05:13:47 INFO Executor: Finished task 1.0 in stage 70.0 (TID 141). 2294 bytes result sent to driver
26/07/26 05:13:47 INFO TaskSetManager: Finished task 1.0 in stage 70.0 (TID 141) in 128 ms on ab93cff004a3 (executor driver) (2/2)
26/07/26 05:13:47 INFO DAGScheduler: ShuffleMapStage 70 (collect at DriverActivationSpec.scala:101) finished in 169 ms
26/07/26 05:13:47 INFO DAGScheduler: looking for newly runnable stages
26/07/26 05:13:47 INFO DAGScheduler: running: HashSet()
26/07/26 05:13:47 INFO DAGScheduler: waiting: HashSet(ResultStage 71)
26/07/26 05:13:47 INFO TaskSchedulerImpl: Removed TaskSet 70.0 whose tasks have all completed, from pool
26/07/26 05:13:47 INFO DAGScheduler: failed: HashSet()
26/07/26 05:13:47 INFO DAGScheduler: Missing parents found for ResultStage 71: List()
26/07/26 05:13:47 INFO DAGScheduler: Submitting ResultStage 71 (MapPartitionsRDD[251] at collect at DriverActivationSpec.scala:101), which has no missing parents
26/07/26 05:13:47 INFO MemoryStore: Block broadcast_71 stored as values in memory (estimated size 29.2 KiB, free 1002.8 MiB)
26/07/26 05:13:47 INFO MemoryStore: Block broadcast_71_piece0 stored as bytes in memory (estimated size 13.0 KiB, free 1002.8 MiB)
26/07/26 05:13:47 INFO SparkContext: Created broadcast 71 from broadcast at DAGScheduler.scala:1686
26/07/26 05:13:47 INFO DAGScheduler: Submitting 2 missing tasks from ResultStage 71 (MapPartitionsRDD[251] at collect at DriverActivationSpec.scala:101) (first 15 tasks are for partitions Vector(0, 1))
26/07/26 05:13:47 INFO TaskSchedulerImpl: Adding task set 71.0 with 2 tasks resource profile 0
26/07/26 05:13:47 INFO TaskSetManager: Starting task 0.0 in stage 71.0 (TID 142) (ab93cff004a3,executor driver, partition 0, NODE_LOCAL, 9847 bytes)
26/07/26 05:13:47 INFO TaskSetManager: Starting task 1.0 in stage 71.0 (TID 143) (ab93cff004a3,executor driver, partition 1, NODE_LOCAL, 9847 bytes)
26/07/26 05:13:47 INFO Executor: Running task 0.0 in stage 71.0 (TID 142)
26/07/26 05:13:47 INFO Executor: Running task 1.0 in stage 71.0 (TID 143)
26/07/26 05:13:47 INFO ShuffleBlockFetcherIterator: Getting 2 (608.0 B) non-empty blocks including 2 (608.0 B) local and 0 (0.0 B) host-local and 0 (0.0 B) push-merged-local and 0 (0.0 B) remote blocks
26/07/26 05:13:47 INFO ShuffleBlockFetcherIterator: Started 0 remote fetches in 11 ms
26/07/26 05:13:47 INFO ShuffleBlockFetcherIterator: Getting 2 (456.0 B) non-empty blocks including 2 (456.0 B) local and 0 (0.0 B) host-local and 0 (0.0 B) push-merged-local and 0 (0.0 B) remote blocks
26/07/26 05:13:47 INFO ShuffleBlockFetcherIterator: Started 0 remote fetches in 63 ms
26/07/26 05:13:47 INFO Executor: Finished task 0.0 in stage 71.0 (TID 142). 4944 bytes result sent to driver
26/07/26 05:13:47 INFO TaskSetManager: Finished task 0.0 in stage 71.0 (TID 142) in 142 ms on ab93cff004a3 (executor driver) (1/2)
26/07/26 05:13:47 INFO Executor: Finished task 1.0 in stage 71.0 (TID 143). 4849 bytes result sent to driver
26/07/26 05:13:47 INFO TaskSetManager: Finished task 1.0 in stage 71.0 (TID 143) in 159 ms on ab93cff004a3 (executor driver) (2/2)
26/07/26 05:13:47 INFO TaskSchedulerImpl: Removed TaskSet 71.0 whose tasks have all completed, from pool
26/07/26 05:13:47 INFO DAGScheduler: ResultStage 71 (collect at DriverActivationSpec.scala:101) finished in 213 ms
26/07/26 05:13:47 INFO DAGScheduler: Job 35 is finished. Cancelling potential speculative or zombie tasks for this job
26/07/26 05:13:47 INFO TaskSchedulerImpl: Canceling stage 71
26/07/26 05:13:47 INFO TaskSchedulerImpl: Killing all running tasks in stage 71: Stage finished
26/07/26 05:13:47 INFO DAGScheduler: Job 35 finished: collect at DriverActivationSpec.scala:101, took 423.563108 ms
26/07/26 05:13:48 INFO HashAggregateExec: spark.sql.codegen.aggregate.map.twolevel.enabled is set to true, but current version of codegened fast hashmap does not support this aggregate.
26/07/26 05:13:48 INFO SparkContext: Starting job: collect at DriverActivationSpec.scala:101
26/07/26 05:13:48 INFO DAGScheduler: Registering RDD 255 (collect at DriverActivationSpec.scala:101) as input to shuffle 36
26/07/26 05:13:48 INFO DAGScheduler: Got job 36 (collect at DriverActivationSpec.scala:101) with 2 output partitions
26/07/26 05:13:48 INFO DAGScheduler: Final stage: ResultStage 73 (collect at DriverActivationSpec.scala:101)
26/07/26 05:13:48 INFO DAGScheduler: Parents of final stage: List(ShuffleMapStage 72)
26/07/26 05:13:48 INFO DAGScheduler: Missing parents: List(ShuffleMapStage 72)
26/07/26 05:13:48 INFO DAGScheduler: Missing parents found for ResultStage 73: List(ShuffleMapStage 72)
26/07/26 05:13:48 INFO DAGScheduler: Missing parents found for ShuffleMapStage 72: List()
26/07/26 05:13:48 INFO DAGScheduler: Submitting ShuffleMapStage 72 (MapPartitionsRDD[255] at collect at DriverActivationSpec.scala:101), which has no missing parents
26/07/26 05:13:48 INFO MemoryStore: Block broadcast_72 stored as values in memory (estimated size 31.6 KiB, free 1002.7 MiB)
26/07/26 05:13:48 INFO MemoryStore: Block broadcast_72_piece0 stored as bytes in memory (estimated size 13.9 KiB, free 1002.7 MiB)
26/07/26 05:13:48 INFO SparkContext: Created broadcast 72 from broadcast at DAGScheduler.scala:1686
26/07/26 05:13:48 INFO DAGScheduler: Submitting 2 missing tasks from ShuffleMapStage 72 (MapPartitionsRDD[255] at collect at DriverActivationSpec.scala:101) (first 15 tasks are for partitions Vector(0, 1))
26/07/26 05:13:48 INFO TaskSchedulerImpl: Adding task set 72.0 with 2 tasks resource profile 0
26/07/26 05:13:48 INFO TaskSetManager: Starting task 0.0 in stage 72.0 (TID 144) (ab93cff004a3,executor driver, partition 0, PROCESS_LOCAL, 9971 bytes)
26/07/26 05:13:48 INFO TaskSetManager: Starting task 1.0 in stage 72.0 (TID 145) (ab93cff004a3,executor driver, partition 1, PROCESS_LOCAL, 9971 bytes)
26/07/26 05:13:48 INFO Executor: Running task 0.0 in stage 72.0 (TID 144)
26/07/26 05:13:48 INFO Executor: Running task 1.0 in stage 72.0 (TID 145)
26/07/26 05:13:48 INFO Executor: Finished task 1.0 in stage 72.0 (TID 145). 2294 bytes result sent to driver
26/07/26 05:13:48 INFO Executor: Finished task 0.0 in stage 72.0 (TID 144). 2294 bytes result sent to driver
26/07/26 05:13:48 INFO TaskSetManager: Finished task 1.0 in stage 72.0 (TID 145) in 24 ms on ab93cff004a3 (executor driver) (1/2)
26/07/26 05:13:48 INFO TaskSetManager: Finished task 0.0 in stage 72.0 (TID 144) in 27 ms on ab93cff004a3 (executor driver) (2/2)
26/07/26 05:13:48 INFO TaskSchedulerImpl: Removed TaskSet 72.0 whose tasks have all completed, from pool
26/07/26 05:13:48 INFO DAGScheduler: ShuffleMapStage 72 (collect at DriverActivationSpec.scala:101) finished in 41 ms
26/07/26 05:13:48 INFO DAGScheduler: looking for newly runnable stages
26/07/26 05:13:48 INFO DAGScheduler: running: HashSet()
26/07/26 05:13:48 INFO DAGScheduler: waiting: HashSet(ResultStage 73)
26/07/26 05:13:48 INFO DAGScheduler: failed: HashSet()
26/07/26 05:13:48 INFO DAGScheduler: Missing parents found for ResultStage 73: List()
26/07/26 05:13:48 INFO DAGScheduler: Submitting ResultStage 73 (MapPartitionsRDD[258] at collect at DriverActivationSpec.scala:101), which has no missing parents
26/07/26 05:13:48 INFO MemoryStore: Block broadcast_73 stored as values in memory (estimated size 29.2 KiB, free 1002.7 MiB)
26/07/26 05:13:48 INFO MemoryStore: Block broadcast_73_piece0 stored as bytes in memory (estimated size 13.0 KiB, free 1002.7 MiB)
26/07/26 05:13:48 INFO SparkContext: Created broadcast 73 from broadcast at DAGScheduler.scala:1686
26/07/26 05:13:48 INFO DAGScheduler: Submitting 2 missing tasks from ResultStage 73 (MapPartitionsRDD[258] at collect at DriverActivationSpec.scala:101) (first 15 tasks are for partitions Vector(0, 1))
26/07/26 05:13:48 INFO TaskSchedulerImpl: Adding task set 73.0 with 2 tasks resource profile 0
26/07/26 05:13:48 INFO TaskSetManager: Starting task 0.0 in stage 73.0 (TID 146) (ab93cff004a3,executor driver, partition 0, NODE_LOCAL, 9847 bytes)
26/07/26 05:13:48 INFO TaskSetManager: Starting task 1.0 in stage 73.0 (TID 147) (ab93cff004a3,executor driver, partition 1, NODE_LOCAL, 9847 bytes)
26/07/26 05:13:48 INFO Executor: Running task 0.0 in stage 73.0 (TID 146)
26/07/26 05:13:48 INFO Executor: Running task 1.0 in stage 73.0 (TID 147)
26/07/26 05:13:48 INFO ShuffleBlockFetcherIterator: Getting 2 (608.0 B) non-empty blocks including 2 (608.0 B) local and 0 (0.0 B) host-local and 0 (0.0 B) push-merged-local and 0 (0.0 B) remote blocks
26/07/26 05:13:48 INFO ShuffleBlockFetcherIterator: Started 0 remote fetches in 1 ms
26/07/26 05:13:48 INFO ShuffleBlockFetcherIterator: Getting 2 (456.0 B) non-empty blocks including 2 (456.0 B) local and 0 (0.0 B) host-local and 0 (0.0 B) push-merged-local and 0 (0.0 B) remote blocks
26/07/26 05:13:48 INFO ShuffleBlockFetcherIterator: Started 0 remote fetches in 1 ms
26/07/26 05:13:48 INFO Executor: Finished task 0.0 in stage 73.0 (TID 146). 4944 bytes result sent to driver
26/07/26 05:13:48 INFO TaskSetManager: Finished task 0.0 in stage 73.0 (TID 146) in 19 ms on ab93cff004a3 (executor driver) (1/2)
26/07/26 05:13:48 INFO Executor: Finished task 1.0 in stage 73.0 (TID 147). 4849 bytes result sent to driver
26/07/26 05:13:48 INFO TaskSetManager: Finished task 1.0 in stage 73.0 (TID 147) in 24 ms on ab93cff004a3 (executor driver) (2/2)
26/07/26 05:13:48 INFO DAGScheduler: ResultStage 73 (collect at DriverActivationSpec.scala:101) finished in 37 ms
26/07/26 05:13:48 INFO DAGScheduler: Job 36 is finished. Cancelling potential speculative or zombie tasks for this job
26/07/26 05:13:48 INFO TaskSchedulerImpl: Removed TaskSet 73.0 whose tasks have all completed, from pool
26/07/26 05:13:48 INFO TaskSchedulerImpl: Canceling stage 73
26/07/26 05:13:48 INFO TaskSchedulerImpl: Killing all running tasks in stage 73: Stage finished
26/07/26 05:13:48 INFO DAGScheduler: Job 36 finished: collect at DriverActivationSpec.scala:101, took 88.252438 ms
26/07/26 05:13:48 INFO HashAggregateExec: spark.sql.codegen.aggregate.map.twolevel.enabled is set to true, but current version of codegened fast hashmap does not support this aggregate.
26/07/26 05:13:48 INFO SparkContext: Starting job: collect at DriverActivationSpec.scala:101
26/07/26 05:13:48 INFO DAGScheduler: Registering RDD 262 (collect at DriverActivationSpec.scala:101) as input to shuffle 37
26/07/26 05:13:48 INFO DAGScheduler: Got job 37 (collect at DriverActivationSpec.scala:101) with 2 output partitions
26/07/26 05:13:48 INFO DAGScheduler: Final stage: ResultStage 75 (collect at DriverActivationSpec.scala:101)
26/07/26 05:13:48 INFO DAGScheduler: Parents of final stage: List(ShuffleMapStage 74)
26/07/26 05:13:48 INFO DAGScheduler: Missing parents: List(ShuffleMapStage 74)
26/07/26 05:13:48 INFO DAGScheduler: Missing parents found for ResultStage 75: List(ShuffleMapStage 74)
26/07/26 05:13:48 INFO DAGScheduler: Missing parents found for ShuffleMapStage 74: List()
26/07/26 05:13:48 INFO DAGScheduler: Submitting ShuffleMapStage 74 (MapPartitionsRDD[262] at collect at DriverActivationSpec.scala:101), which has no missing parents
26/07/26 05:13:48 INFO MemoryStore: Block broadcast_74 stored as values in memory (estimated size 31.6 KiB, free 1002.7 MiB)
26/07/26 05:13:48 INFO MemoryStore: Block broadcast_74_piece0 stored as bytes in memory (estimated size 13.9 KiB, free 1002.6 MiB)
26/07/26 05:13:48 INFO SparkContext: Created broadcast 74 from broadcast at DAGScheduler.scala:1686
26/07/26 05:13:48 INFO DAGScheduler: Submitting 2 missing tasks from ShuffleMapStage 74 (MapPartitionsRDD[262] at collect at DriverActivationSpec.scala:101) (first 15 tasks are for partitions Vector(0, 1))
26/07/26 05:13:48 INFO TaskSchedulerImpl: Adding task set 74.0 with 2 tasks resource profile 0
26/07/26 05:13:48 INFO TaskSetManager: Starting task 0.0 in stage 74.0 (TID 148) (ab93cff004a3,executor driver, partition 0, PROCESS_LOCAL, 9971 bytes)
26/07/26 05:13:48 INFO TaskSetManager: Starting task 1.0 in stage 74.0 (TID 149) (ab93cff004a3,executor driver, partition 1, PROCESS_LOCAL, 9971 bytes)
26/07/26 05:13:48 INFO Executor: Running task 0.0 in stage 74.0 (TID 148)
26/07/26 05:13:48 INFO Executor: Running task 1.0 in stage 74.0 (TID 149)
26/07/26 05:13:48 INFO Executor: Finished task 0.0 in stage 74.0 (TID 148). 2294 bytes result sent to driver
26/07/26 05:13:48 INFO TaskSetManager: Finished task 0.0 in stage 74.0 (TID 148) in 72 ms on ab93cff004a3 (executor driver) (1/2)
26/07/26 05:13:48 INFO Executor: Finished task 1.0 in stage 74.0 (TID 149). 2294 bytes result sent to driver
26/07/26 05:13:48 INFO TaskSetManager: Finished task 1.0 in stage 74.0 (TID 149) in 70 ms on ab93cff004a3 (executor driver) (2/2)
26/07/26 05:13:48 INFO DAGScheduler: ShuffleMapStage 74 (collect at DriverActivationSpec.scala:101) finished in 102 ms
26/07/26 05:13:48 INFO TaskSchedulerImpl: Removed TaskSet 74.0 whose tasks have all completed, from pool
26/07/26 05:13:48 INFO DAGScheduler: looking for newly runnable stages
26/07/26 05:13:48 INFO DAGScheduler: running: HashSet()
26/07/26 05:13:48 INFO DAGScheduler: waiting: HashSet(ResultStage 75)
26/07/26 05:13:48 INFO DAGScheduler: failed: HashSet()
26/07/26 05:13:48 INFO DAGScheduler: Missing parents found for ResultStage 75: List()
26/07/26 05:13:48 INFO DAGScheduler: Submitting ResultStage 75 (MapPartitionsRDD[265] at collect at DriverActivationSpec.scala:101), which has no missing parents
26/07/26 05:13:48 INFO MemoryStore: Block broadcast_75 stored as values in memory (estimated size 29.2 KiB, free 1002.6 MiB)
26/07/26 05:13:48 INFO MemoryStore: Block broadcast_75_piece0 stored as bytes in memory (estimated size 13.0 KiB, free 1002.6 MiB)
26/07/26 05:13:48 INFO SparkContext: Created broadcast 75 from broadcast at DAGScheduler.scala:1686
26/07/26 05:13:48 INFO DAGScheduler: Submitting 2 missing tasks from ResultStage 75 (MapPartitionsRDD[265] at collect at DriverActivationSpec.scala:101) (first 15 tasks are for partitions Vector(0, 1))
26/07/26 05:13:48 INFO TaskSchedulerImpl: Adding task set 75.0 with 2 tasks resource profile 0
26/07/26 05:13:48 INFO TaskSetManager: Starting task 0.0 in stage 75.0 (TID 150) (ab93cff004a3,executor driver, partition 0, NODE_LOCAL, 9847 bytes)
26/07/26 05:13:48 INFO TaskSetManager: Starting task 1.0 in stage 75.0 (TID 151) (ab93cff004a3,executor driver, partition 1, NODE_LOCAL, 9847 bytes)
26/07/26 05:13:48 INFO Executor: Running task 0.0 in stage 75.0 (TID 150)
26/07/26 05:13:48 INFO Executor: Running task 1.0 in stage 75.0 (TID 151)
26/07/26 05:13:48 INFO ShuffleBlockFetcherIterator: Getting 2 (456.0 B) non-empty blocks including 2 (456.0 B) local and 0 (0.0 B) host-local and 0 (0.0 B) push-merged-local and 0 (0.0 B) remote blocks
26/07/26 05:13:48 INFO ShuffleBlockFetcherIterator: Started 0 remote fetches in 0 ms
26/07/26 05:13:48 INFO ShuffleBlockFetcherIterator: Getting 2 (608.0 B) non-empty blocks including 2 (608.0 B) local and 0 (0.0 B) host-local and 0 (0.0 B) push-merged-local and 0 (0.0 B) remote blocks
26/07/26 05:13:48 INFO ShuffleBlockFetcherIterator: Started 0 remote fetches in 66 ms
26/07/26 05:13:48 INFO Executor: Finished task 0.0 in stage 75.0 (TID 150). 4944 bytes result sent to driver
26/07/26 05:13:48 INFO Executor: Finished task 1.0 in stage 75.0 (TID 151). 4892 bytes result sent to driver
26/07/26 05:13:48 INFO TaskSetManager: Finished task 0.0 in stage 75.0 (TID 150) in 127 ms on ab93cff004a3 (executor driver) (1/2)
26/07/26 05:13:48 INFO TaskSetManager: Finished task 1.0 in stage 75.0 (TID 151) in 136 ms on ab93cff004a3 (executor driver) (2/2)
26/07/26 05:13:48 INFO TaskSchedulerImpl: Removed TaskSet 75.0 whose tasks have all completed, from pool
26/07/26 05:13:48 INFO DAGScheduler: ResultStage 75 (collect at DriverActivationSpec.scala:101) finished in 178 ms
26/07/26 05:13:48 INFO DAGScheduler: Job 37 is finished. Cancelling potential speculative or zombie tasks for this job
26/07/26 05:13:48 INFO TaskSchedulerImpl: Canceling stage 75
26/07/26 05:13:48 INFO TaskSchedulerImpl: Killing all running tasks in stage 75: Stage finished
26/07/26 05:13:48 INFO DAGScheduler: Job 37 finished: collect at DriverActivationSpec.scala:101, took 313.504126 ms
26/07/26 05:13:48 INFO HashAggregateExec: spark.sql.codegen.aggregate.map.twolevel.enabled is set to true, but current version of codegened fast hashmap does not support this aggregate.
26/07/26 05:13:48 INFO SparkContext: Starting job: collect at DriverActivationSpec.scala:101
26/07/26 05:13:48 INFO DAGScheduler: Registering RDD 269 (collect at DriverActivationSpec.scala:101) as input to shuffle 38
26/07/26 05:13:48 INFO DAGScheduler: Got job 38 (collect at DriverActivationSpec.scala:101) with 2 output partitions
26/07/26 05:13:48 INFO DAGScheduler: Final stage: ResultStage 77 (collect at DriverActivationSpec.scala:101)
26/07/26 05:13:48 INFO DAGScheduler: Parents of final stage: List(ShuffleMapStage 76)
26/07/26 05:13:48 INFO DAGScheduler: Missing parents: List(ShuffleMapStage 76)
26/07/26 05:13:48 INFO DAGScheduler: Missing parents found for ResultStage 77: List(ShuffleMapStage 76)
26/07/26 05:13:48 INFO DAGScheduler: Missing parents found for ShuffleMapStage 76: List()
26/07/26 05:13:48 INFO DAGScheduler: Submitting ShuffleMapStage 76 (MapPartitionsRDD[269] at collect at DriverActivationSpec.scala:101), which has no missing parents
26/07/26 05:13:48 INFO MemoryStore: Block broadcast_76 stored as values in memory (estimated size 31.6 KiB, free 1002.6 MiB)
26/07/26 05:13:48 INFO MemoryStore: Block broadcast_76_piece0 stored as bytes in memory (estimated size 13.9 KiB, free 1002.6 MiB)
26/07/26 05:13:48 INFO SparkContext: Created broadcast 76 from broadcast at DAGScheduler.scala:1686
26/07/26 05:13:48 INFO DAGScheduler: Submitting 2 missing tasks from ShuffleMapStage 76 (MapPartitionsRDD[269] at collect at DriverActivationSpec.scala:101) (first 15 tasks are for partitions Vector(0, 1))
26/07/26 05:13:48 INFO TaskSchedulerImpl: Adding task set 76.0 with 2 tasks resource profile 0
26/07/26 05:13:48 INFO TaskSetManager: Starting task 0.0 in stage 76.0 (TID 152) (ab93cff004a3,executor driver, partition 0, PROCESS_LOCAL, 9971 bytes)
26/07/26 05:13:48 INFO TaskSetManager: Starting task 1.0 in stage 76.0 (TID 153) (ab93cff004a3,executor driver, partition 1, PROCESS_LOCAL, 9971 bytes)
26/07/26 05:13:48 INFO Executor: Running task 0.0 in stage 76.0 (TID 152)
26/07/26 05:13:48 INFO Executor: Running task 1.0 in stage 76.0 (TID 153)
26/07/26 05:13:48 INFO Executor: Finished task 0.0 in stage 76.0 (TID 152). 2294 bytes result sent to driver
26/07/26 05:13:48 INFO TaskSetManager: Finished task 0.0 in stage 76.0 (TID 152) in 25 ms on ab93cff004a3 (executor driver) (1/2)
26/07/26 05:13:48 INFO Executor: Finished task 1.0 in stage 76.0 (TID 153). 2294 bytes result sent to driver
26/07/26 05:13:48 INFO TaskSetManager: Finished task 1.0 in stage 76.0 (TID 153) in 48 ms on ab93cff004a3 (executor driver) (2/2)
26/07/26 05:13:48 INFO TaskSchedulerImpl: Removed TaskSet 76.0 whose tasks have all completed, from pool
26/07/26 05:13:48 INFO DAGScheduler: ShuffleMapStage 76 (collect at DriverActivationSpec.scala:101) finished in 60 ms
26/07/26 05:13:48 INFO DAGScheduler: looking for newly runnable stages
26/07/26 05:13:48 INFO DAGScheduler: running: HashSet()
26/07/26 05:13:48 INFO DAGScheduler: waiting: HashSet(ResultStage 77)
26/07/26 05:13:48 INFO DAGScheduler: failed: HashSet()
26/07/26 05:13:48 INFO DAGScheduler: Missing parents found for ResultStage 77: List()
26/07/26 05:13:48 INFO DAGScheduler: Submitting ResultStage 77 (MapPartitionsRDD[272] at collect at DriverActivationSpec.scala:101), which has no missing parents
26/07/26 05:13:48 INFO MemoryStore: Block broadcast_77 stored as values in memory (estimated size 29.2 KiB, free 1002.5 MiB)
26/07/26 05:13:48 INFO MemoryStore: Block broadcast_77_piece0 stored as bytes in memory (estimated size 13.0 KiB, free 1002.5 MiB)
26/07/26 05:13:48 INFO SparkContext: Created broadcast 77 from broadcast at DAGScheduler.scala:1686
26/07/26 05:13:48 INFO DAGScheduler: Submitting 2 missing tasks from ResultStage 77 (MapPartitionsRDD[272] at collect at DriverActivationSpec.scala:101) (first 15 tasks are for partitions Vector(0, 1))
26/07/26 05:13:48 INFO TaskSchedulerImpl: Adding task set 77.0 with 2 tasks resource profile 0
26/07/26 05:13:48 INFO TaskSetManager: Starting task 0.0 in stage 77.0 (TID 154) (ab93cff004a3,executor driver, partition 0, NODE_LOCAL, 9847 bytes)
26/07/26 05:13:48 INFO TaskSetManager: Starting task 1.0 in stage 77.0 (TID 155) (ab93cff004a3,executor driver, partition 1, NODE_LOCAL, 9847 bytes)
26/07/26 05:13:48 INFO Executor: Running task 0.0 in stage 77.0 (TID 154)
26/07/26 05:13:48 INFO Executor: Running task 1.0 in stage 77.0 (TID 155)
26/07/26 05:13:48 INFO ShuffleBlockFetcherIterator: Getting 2 (608.0 B) non-empty blocks including 2 (608.0 B) local and 0 (0.0 B) host-local and 0 (0.0 B) push-merged-local and 0 (0.0 B) remote blocks
26/07/26 05:13:48 INFO ShuffleBlockFetcherIterator: Started 0 remote fetches in 3 ms
26/07/26 05:13:48 INFO ShuffleBlockFetcherIterator: Getting 2 (456.0 B) non-empty blocks including 2 (456.0 B) local and 0 (0.0 B) host-local and 0 (0.0 B) push-merged-local and 0 (0.0 B) remote blocks
26/07/26 05:13:48 INFO ShuffleBlockFetcherIterator: Started 0 remote fetches in 0 ms
26/07/26 05:13:48 INFO Executor: Finished task 1.0 in stage 77.0 (TID 155). 4849 bytes result sent to driver
26/07/26 05:13:48 INFO TaskSetManager: Finished task 1.0 in stage 77.0 (TID 155) in 32 ms on ab93cff004a3 (executor driver) (1/2)
26/07/26 05:13:48 INFO Executor: Finished task 0.0 in stage 77.0 (TID 154). 4944 bytes result sent to driver
26/07/26 05:13:49 INFO TaskSetManager: Finished task 0.0 in stage 77.0 (TID 154) in 62 ms on ab93cff004a3 (executor driver) (2/2)
26/07/26 05:13:49 INFO TaskSchedulerImpl: Removed TaskSet 77.0 whose tasks have all completed, from pool
26/07/26 05:13:49 INFO DAGScheduler: ResultStage 77 (collect at DriverActivationSpec.scala:101) finished in 86 ms
26/07/26 05:13:49 INFO DAGScheduler: Job 38 is finished. Cancelling potential speculative or zombie tasks for this job
26/07/26 05:13:49 INFO TaskSchedulerImpl: Canceling stage 77
26/07/26 05:13:49 INFO TaskSchedulerImpl: Killing all running tasks in stage 77: Stage finished
26/07/26 05:13:49 INFO DAGScheduler: Job 38 finished: collect at DriverActivationSpec.scala:101, took 160.698503 ms
26/07/26 05:13:49 INFO HashAggregateExec: spark.sql.codegen.aggregate.map.twolevel.enabled is set to true, but current version of codegened fast hashmap does not support this aggregate.
26/07/26 05:13:49 INFO SparkContext: Starting job: collect at DriverActivationSpec.scala:101
26/07/26 05:13:49 INFO DAGScheduler: Registering RDD 276 (collect at DriverActivationSpec.scala:101) as input to shuffle 39
26/07/26 05:13:49 INFO DAGScheduler: Got job 39 (collect at DriverActivationSpec.scala:101) with 2 output partitions
26/07/26 05:13:49 INFO DAGScheduler: Final stage: ResultStage 79 (collect at DriverActivationSpec.scala:101)
26/07/26 05:13:49 INFO DAGScheduler: Parents of final stage: List(ShuffleMapStage 78)
26/07/26 05:13:49 INFO DAGScheduler: Missing parents: List(ShuffleMapStage 78)
26/07/26 05:13:49 INFO DAGScheduler: Missing parents found for ResultStage 79: List(ShuffleMapStage 78)
26/07/26 05:13:49 INFO DAGScheduler: Missing parents found for ShuffleMapStage 78: List()
26/07/26 05:13:49 INFO DAGScheduler: Submitting ShuffleMapStage 78 (MapPartitionsRDD[276] at collect at DriverActivationSpec.scala:101), which has no missing parents
26/07/26 05:13:49 INFO MemoryStore: Block broadcast_78 stored as values in memory (estimated size 31.6 KiB, free 1002.5 MiB)
26/07/26 05:13:49 INFO MemoryStore: Block broadcast_78_piece0 stored as bytes in memory (estimated size 13.9 KiB, free 1002.5 MiB)
26/07/26 05:13:49 INFO SparkContext: Created broadcast 78 from broadcast at DAGScheduler.scala:1686
26/07/26 05:13:49 INFO DAGScheduler: Submitting 2 missing tasks from ShuffleMapStage 78 (MapPartitionsRDD[276] at collect at DriverActivationSpec.scala:101) (first 15 tasks are for partitions Vector(0, 1))
26/07/26 05:13:49 INFO TaskSchedulerImpl: Adding task set 78.0 with 2 tasks resource profile 0
26/07/26 05:13:49 INFO TaskSetManager: Starting task 0.0 in stage 78.0 (TID 156) (ab93cff004a3,executor driver, partition 0, PROCESS_LOCAL, 9971 bytes)
26/07/26 05:13:49 INFO TaskSetManager: Starting task 1.0 in stage 78.0 (TID 157) (ab93cff004a3,executor driver, partition 1, PROCESS_LOCAL, 9971 bytes)
26/07/26 05:13:49 INFO Executor: Running task 0.0 in stage 78.0 (TID 156)
26/07/26 05:13:49 INFO Executor: Running task 1.0 in stage 78.0 (TID 157)
26/07/26 05:13:49 INFO Executor: Finished task 0.0 in stage 78.0 (TID 156). 2294 bytes result sent to driver
26/07/26 05:13:49 INFO TaskSetManager: Finished task 0.0 in stage 78.0 (TID 156) in 26 ms on ab93cff004a3 (executor driver) (1/2)
26/07/26 05:13:49 INFO Executor: Finished task 1.0 in stage 78.0 (TID 157). 2294 bytes result sent to driver
26/07/26 05:13:49 INFO TaskSetManager: Finished task 1.0 in stage 78.0 (TID 157) in 53 ms on ab93cff004a3 (executor driver) (2/2)
26/07/26 05:13:49 INFO TaskSchedulerImpl: Removed TaskSet 78.0 whose tasks have all completed, from pool
26/07/26 05:13:49 INFO DAGScheduler: ShuffleMapStage 78 (collect at DriverActivationSpec.scala:101) finished in 144 ms
26/07/26 05:13:49 INFO DAGScheduler: looking for newly runnable stages
26/07/26 05:13:49 INFO DAGScheduler: running: HashSet()
26/07/26 05:13:49 INFO DAGScheduler: waiting: HashSet(ResultStage 79)
26/07/26 05:13:49 INFO DAGScheduler: failed: HashSet()
26/07/26 05:13:49 INFO DAGScheduler: Missing parents found for ResultStage 79: List()
26/07/26 05:13:49 INFO DAGScheduler: Submitting ResultStage 79 (MapPartitionsRDD[279] at collect at DriverActivationSpec.scala:101), which has no missing parents
26/07/26 05:13:49 INFO MemoryStore: Block broadcast_79 stored as values in memory (estimated size 29.2 KiB, free 1002.4 MiB)
26/07/26 05:13:49 INFO MemoryStore: Block broadcast_79_piece0 stored as bytes in memory (estimated size 13.0 KiB, free 1002.4 MiB)
26/07/26 05:13:49 INFO SparkContext: Created broadcast 79 from broadcast at DAGScheduler.scala:1686
26/07/26 05:13:49 INFO DAGScheduler: Submitting 2 missing tasks from ResultStage 79 (MapPartitionsRDD[279] at collect at DriverActivationSpec.scala:101) (first 15 tasks are for partitions Vector(0, 1))
26/07/26 05:13:49 INFO TaskSchedulerImpl: Adding task set 79.0 with 2 tasks resource profile 0
26/07/26 05:13:49 INFO TaskSetManager: Starting task 0.0 in stage 79.0 (TID 158) (ab93cff004a3,executor driver, partition 0, NODE_LOCAL, 9847 bytes)
26/07/26 05:13:49 INFO TaskSetManager: Starting task 1.0 in stage 79.0 (TID 159) (ab93cff004a3,executor driver, partition 1, NODE_LOCAL, 9847 bytes)
26/07/26 05:13:49 INFO Executor: Running task 0.0 in stage 79.0 (TID 158)
26/07/26 05:13:49 INFO Executor: Running task 1.0 in stage 79.0 (TID 159)
26/07/26 05:13:49 INFO ShuffleBlockFetcherIterator: Getting 2 (456.0 B) non-empty blocks including 2 (456.0 B) local and 0 (0.0 B) host-local and 0 (0.0 B) push-merged-local and 0 (0.0 B) remote blocks
26/07/26 05:13:49 INFO ShuffleBlockFetcherIterator: Started 0 remote fetches in 1 ms
26/07/26 05:13:49 INFO Executor: Finished task 1.0 in stage 79.0 (TID 159). 4849 bytes result sent to driver
26/07/26 05:13:49 INFO TaskSetManager: Finished task 1.0 in stage 79.0 (TID 159) in 34 ms on ab93cff004a3 (executor driver) (1/2)
26/07/26 05:13:49 INFO ShuffleBlockFetcherIterator: Getting 2 (608.0 B) non-empty blocks including 2 (608.0 B) local and 0 (0.0 B) host-local and 0 (0.0 B) push-merged-local and 0 (0.0 B) remote blocks
26/07/26 05:13:49 INFO ShuffleBlockFetcherIterator: Started 0 remote fetches in 13 ms
26/07/26 05:13:49 INFO Executor: Finished task 0.0 in stage 79.0 (TID 158). 4944 bytes result sent to driver
26/07/26 05:13:49 INFO TaskSetManager: Finished task 0.0 in stage 79.0 (TID 158) in 103 ms on ab93cff004a3 (executor driver) (2/2)
26/07/26 05:13:49 INFO TaskSchedulerImpl: Removed TaskSet 79.0 whose tasks have all completed, from pool
26/07/26 05:13:49 INFO DAGScheduler: ResultStage 79 (collect at DriverActivationSpec.scala:101) finished in 185 ms
26/07/26 05:13:49 INFO DAGScheduler: Job 39 is finished. Cancelling potential speculative or zombie tasks for this job
26/07/26 05:13:49 INFO TaskSchedulerImpl: Canceling stage 79
26/07/26 05:13:49 INFO TaskSchedulerImpl: Killing all running tasks in stage 79: Stage finished
26/07/26 05:13:49 INFO DAGScheduler: Job 39 finished: collect at DriverActivationSpec.scala:101, took 411.664393 ms
26/07/26 05:13:50 INFO HashAggregateExec: spark.sql.codegen.aggregate.map.twolevel.enabled is set to true, but current version of codegened fast hashmap does not support this aggregate.
26/07/26 05:13:50 INFO SparkContext: Starting job: collect at DriverActivationSpec.scala:101
26/07/26 05:13:50 INFO DAGScheduler: Registering RDD 283 (collect at DriverActivationSpec.scala:101) as input to shuffle 40
26/07/26 05:13:50 INFO DAGScheduler: Got job 40 (collect at DriverActivationSpec.scala:101) with 2 output partitions
26/07/26 05:13:50 INFO DAGScheduler: Final stage: ResultStage 81 (collect at DriverActivationSpec.scala:101)
26/07/26 05:13:50 INFO DAGScheduler: Parents of final stage: List(ShuffleMapStage 80)
26/07/26 05:13:50 INFO DAGScheduler: Missing parents: List(ShuffleMapStage 80)
26/07/26 05:13:50 INFO DAGScheduler: Missing parents found for ResultStage 81: List(ShuffleMapStage 80)
26/07/26 05:13:50 INFO DAGScheduler: Missing parents found for ShuffleMapStage 80: List()
26/07/26 05:13:50 INFO DAGScheduler: Submitting ShuffleMapStage 80 (MapPartitionsRDD[283] at collect at DriverActivationSpec.scala:101), which has no missing parents
26/07/26 05:13:50 INFO MemoryStore: Block broadcast_80 stored as values in memory (estimated size 31.6 KiB, free 1002.4 MiB)
26/07/26 05:13:50 INFO MemoryStore: Block broadcast_80_piece0 stored as bytes in memory (estimated size 13.9 KiB, free 1002.4 MiB)
26/07/26 05:13:50 INFO SparkContext: Created broadcast 80 from broadcast at DAGScheduler.scala:1686
26/07/26 05:13:50 INFO DAGScheduler: Submitting 2 missing tasks from ShuffleMapStage 80 (MapPartitionsRDD[283] at collect at DriverActivationSpec.scala:101) (first 15 tasks are for partitions Vector(0, 1))
26/07/26 05:13:50 INFO TaskSchedulerImpl: Adding task set 80.0 with 2 tasks resource profile 0
26/07/26 05:13:50 INFO TaskSetManager: Starting task 0.0 in stage 80.0 (TID 160) (ab93cff004a3,executor driver, partition 0, PROCESS_LOCAL, 9971 bytes)
26/07/26 05:13:50 INFO TaskSetManager: Starting task 1.0 in stage 80.0 (TID 161) (ab93cff004a3,executor driver, partition 1, PROCESS_LOCAL, 9971 bytes)
26/07/26 05:13:50 INFO Executor: Running task 1.0 in stage 80.0 (TID 161)
26/07/26 05:13:50 INFO Executor: Running task 0.0 in stage 80.0 (TID 160)
26/07/26 05:13:50 INFO Executor: Finished task 0.0 in stage 80.0 (TID 160). 2337 bytes result sent to driver
26/07/26 05:13:50 INFO TaskSetManager: Finished task 0.0 in stage 80.0 (TID 160) in 170 ms on ab93cff004a3 (executor driver) (1/2)
26/07/26 05:13:50 ERROR HttpExporter: Failed to export spans. The request could not be executed. Full error message: Failed to connect to /127.0.0.1:1
java.net.ConnectException: Failed to connect to /127.0.0.1:1
	at okhttp3.internal.connection.RealConnection.connectSocket(RealConnection.kt:297)
	at okhttp3.internal.connection.RealConnection.connect(RealConnection.kt:207)
	at okhttp3.internal.connection.ExchangeFinder.findConnection(ExchangeFinder.kt:226)
	at okhttp3.internal.connection.ExchangeFinder.findHealthyConnection(ExchangeFinder.kt:106)
	at okhttp3.internal.connection.ExchangeFinder.find(ExchangeFinder.kt:74)
	at okhttp3.internal.connection.RealCall.initExchange$okhttp(RealCall.kt:255)
	at okhttp3.internal.connection.ConnectInterceptor.intercept(ConnectInterceptor.kt:32)
	at okhttp3.internal.http.RealInterceptorChain.proceed(RealInterceptorChain.kt:109)
	at okhttp3.internal.cache.CacheInterceptor.intercept(CacheInterceptor.kt:95)
	at okhttp3.internal.http.RealInterceptorChain.proceed(RealInterceptorChain.kt:109)
	at okhttp3.internal.http.BridgeInterceptor.intercept(BridgeInterceptor.kt:83)
	at okhttp3.internal.http.RealInterceptorChain.proceed(RealInterceptorChain.kt:109)
	at okhttp3.internal.http.RetryAndFollowUpInterceptor.intercept(RetryAndFollowUpInterceptor.kt:76)
	at okhttp3.internal.http.RealInterceptorChain.proceed(RealInterceptorChain.kt:109)
	at io.opentelemetry.exporter.sender.okhttp.internal.RetryInterceptor.intercept(RetryInterceptor.java:91)
	at okhttp3.internal.http.RealInterceptorChain.proceed(RealInterceptorChain.kt:109)
	at okhttp3.internal.connection.RealCall.getResponseWithInterceptorChain$okhttp(RealCall.kt:201)
	at okhttp3.internal.connection.RealCall$AsyncCall.run(RealCall.kt:517)
	at java.base/java.util.concurrent.ThreadPoolExecutor.runWorker(ThreadPoolExecutor.java:1136)
	at java.base/java.util.concurrent.ThreadPoolExecutor$Worker.run(ThreadPoolExecutor.java:635)
	at java.base/java.lang.Thread.run(Thread.java:840)
Caused by: java.net.ConnectException: Connection refused
	at java.base/sun.nio.ch.Net.pollConnect(Native Method)
	at java.base/sun.nio.ch.Net.pollConnectNow(Net.java:672)
	at java.base/sun.nio.ch.NioSocketImpl.timedFinishConnect(NioSocketImpl.java:547)
	at java.base/sun.nio.ch.NioSocketImpl.connect(NioSocketImpl.java:602)
	at java.base/java.net.SocksSocketImpl.connect(SocksSocketImpl.java:327)
	at java.base/java.net.Socket.connect(Socket.java:633)
	at okhttp3.internal.platform.Platform.connectSocket(Platform.kt:128)
	at okhttp3.internal.connection.RealConnection.connectSocket(RealConnection.kt:295)
	... 20 more
26/07/26 05:13:50 INFO Executor: Finished task 1.0 in stage 80.0 (TID 161). 2337 bytes result sent to driver
26/07/26 05:13:50 INFO TaskSetManager: Finished task 1.0 in stage 80.0 (TID 161) in 369 ms on ab93cff004a3 (executor driver) (2/2)
26/07/26 05:13:50 INFO TaskSchedulerImpl: Removed TaskSet 80.0 whose tasks have all completed, from pool
26/07/26 05:13:50 INFO DAGScheduler: ShuffleMapStage 80 (collect at DriverActivationSpec.scala:101) finished in 481 ms
26/07/26 05:13:50 INFO DAGScheduler: looking for newly runnable stages
26/07/26 05:13:50 INFO DAGScheduler: running: HashSet()
26/07/26 05:13:50 INFO DAGScheduler: waiting: HashSet(ResultStage 81)
26/07/26 05:13:50 INFO DAGScheduler: failed: HashSet()
26/07/26 05:13:50 INFO DAGScheduler: Missing parents found for ResultStage 81: List()
26/07/26 05:13:50 INFO DAGScheduler: Submitting ResultStage 81 (MapPartitionsRDD[286] at collect at DriverActivationSpec.scala:101), which has no missing parents
26/07/26 05:13:50 INFO MemoryStore: Block broadcast_81 stored as values in memory (estimated size 29.2 KiB, free 1002.7 MiB)
26/07/26 05:13:50 INFO MemoryStore: Block broadcast_81_piece0 stored as bytes in memory (estimated size 13.0 KiB, free 1002.6 MiB)
26/07/26 05:13:50 INFO SparkContext: Created broadcast 81 from broadcast at DAGScheduler.scala:1686
26/07/26 05:13:50 INFO DAGScheduler: Submitting 2 missing tasks from ResultStage 81 (MapPartitionsRDD[286] at collect at DriverActivationSpec.scala:101) (first 15 tasks are for partitions Vector(0, 1))
26/07/26 05:13:50 INFO TaskSchedulerImpl: Adding task set 81.0 with 2 tasks resource profile 0
26/07/26 05:13:50 INFO TaskSetManager: Starting task 0.0 in stage 81.0 (TID 162) (ab93cff004a3,executor driver, partition 0, NODE_LOCAL, 9847 bytes)
26/07/26 05:13:50 INFO TaskSetManager: Starting task 1.0 in stage 81.0 (TID 163) (ab93cff004a3,executor driver, partition 1, NODE_LOCAL, 9847 bytes)
26/07/26 05:13:50 INFO Executor: Running task 1.0 in stage 81.0 (TID 163)
26/07/26 05:13:50 INFO Executor: Running task 0.0 in stage 81.0 (TID 162)
26/07/26 05:13:50 INFO ShuffleBlockFetcherIterator: Getting 2 (456.0 B) non-empty blocks including 2 (456.0 B) local and 0 (0.0 B) host-local and 0 (0.0 B) push-merged-local and 0 (0.0 B) remote blocks
26/07/26 05:13:50 INFO ShuffleBlockFetcherIterator: Started 0 remote fetches in 1 ms
26/07/26 05:13:50 INFO ShuffleBlockFetcherIterator: Getting 2 (608.0 B) non-empty blocks including 2 (608.0 B) local and 0 (0.0 B) host-local and 0 (0.0 B) push-merged-local and 0 (0.0 B) remote blocks
26/07/26 05:13:50 INFO Executor: Finished task 1.0 in stage 81.0 (TID 163). 4849 bytes result sent to driver
26/07/26 05:13:50 INFO TaskSetManager: Finished task 1.0 in stage 81.0 (TID 163) in 75 ms on ab93cff004a3 (executor driver) (1/2)
26/07/26 05:13:50 INFO ShuffleBlockFetcherIterator: Started 0 remote fetches in 66 ms
26/07/26 05:13:50 INFO Executor: Finished task 0.0 in stage 81.0 (TID 162). 4944 bytes result sent to driver
26/07/26 05:13:51 INFO TaskSetManager: Finished task 0.0 in stage 81.0 (TID 162) in 181 ms on ab93cff004a3 (executor driver) (2/2)
26/07/26 05:13:51 INFO TaskSchedulerImpl: Removed TaskSet 81.0 whose tasks have all completed, from pool
26/07/26 05:13:51 INFO DAGScheduler: ResultStage 81 (collect at DriverActivationSpec.scala:101) finished in 274 ms
26/07/26 05:13:51 INFO DAGScheduler: Job 40 is finished. Cancelling potential speculative or zombie tasks for this job
26/07/26 05:13:51 INFO TaskSchedulerImpl: Canceling stage 81
26/07/26 05:13:51 INFO TaskSchedulerImpl: Killing all running tasks in stage 81: Stage finished
26/07/26 05:13:51 INFO DAGScheduler: Job 40 finished: collect at DriverActivationSpec.scala:101, took 863.954009 ms
26/07/26 05:13:51 INFO HashAggregateExec: spark.sql.codegen.aggregate.map.twolevel.enabled is set to true, but current version of codegened fast hashmap does not support this aggregate.
26/07/26 05:13:51 INFO SparkContext: Starting job: collect at DriverActivationSpec.scala:101
26/07/26 05:13:51 INFO DAGScheduler: Registering RDD 290 (collect at DriverActivationSpec.scala:101) as input to shuffle 41
26/07/26 05:13:51 INFO DAGScheduler: Got job 41 (collect at DriverActivationSpec.scala:101) with 2 output partitions
26/07/26 05:13:51 INFO DAGScheduler: Final stage: ResultStage 83 (collect at DriverActivationSpec.scala:101)
26/07/26 05:13:51 INFO DAGScheduler: Parents of final stage: List(ShuffleMapStage 82)
26/07/26 05:13:51 INFO DAGScheduler: Missing parents: List(ShuffleMapStage 82)
26/07/26 05:13:51 INFO DAGScheduler: Missing parents found for ResultStage 83: List(ShuffleMapStage 82)
26/07/26 05:13:51 INFO DAGScheduler: Missing parents found for ShuffleMapStage 82: List()
26/07/26 05:13:51 INFO DAGScheduler: Submitting ShuffleMapStage 82 (MapPartitionsRDD[290] at collect at DriverActivationSpec.scala:101), which has no missing parents
26/07/26 05:13:51 INFO MemoryStore: Block broadcast_82 stored as values in memory (estimated size 31.6 KiB, free 1003.1 MiB)
26/07/26 05:13:51 INFO MemoryStore: Block broadcast_82_piece0 stored as bytes in memory (estimated size 13.9 KiB, free 1003.1 MiB)
26/07/26 05:13:51 INFO SparkContext: Created broadcast 82 from broadcast at DAGScheduler.scala:1686
26/07/26 05:13:51 INFO DAGScheduler: Submitting 2 missing tasks from ShuffleMapStage 82 (MapPartitionsRDD[290] at collect at DriverActivationSpec.scala:101) (first 15 tasks are for partitions Vector(0, 1))
26/07/26 05:13:51 INFO TaskSchedulerImpl: Adding task set 82.0 with 2 tasks resource profile 0
26/07/26 05:13:51 INFO TaskSetManager: Starting task 0.0 in stage 82.0 (TID 164) (ab93cff004a3,executor driver, partition 0, PROCESS_LOCAL, 9971 bytes)
26/07/26 05:13:51 INFO TaskSetManager: Starting task 1.0 in stage 82.0 (TID 165) (ab93cff004a3,executor driver, partition 1, PROCESS_LOCAL, 9971 bytes)
26/07/26 05:13:51 INFO Executor: Running task 1.0 in stage 82.0 (TID 165)
26/07/26 05:13:51 INFO Executor: Running task 0.0 in stage 82.0 (TID 164)
26/07/26 05:13:51 INFO Executor: Finished task 0.0 in stage 82.0 (TID 164). 2337 bytes result sent to driver
26/07/26 05:13:51 INFO Executor: Finished task 1.0 in stage 82.0 (TID 165). 2294 bytes result sent to driver
26/07/26 05:13:51 INFO TaskSetManager: Finished task 1.0 in stage 82.0 (TID 165) in 74 ms on ab93cff004a3 (executor driver) (1/2)
26/07/26 05:13:51 INFO TaskSetManager: Finished task 0.0 in stage 82.0 (TID 164) in 81 ms on ab93cff004a3 (executor driver) (2/2)
26/07/26 05:13:51 INFO TaskSchedulerImpl: Removed TaskSet 82.0 whose tasks have all completed, from pool
26/07/26 05:13:51 INFO DAGScheduler: ShuffleMapStage 82 (collect at DriverActivationSpec.scala:101) finished in 108 ms
26/07/26 05:13:51 INFO DAGScheduler: looking for newly runnable stages
26/07/26 05:13:51 INFO DAGScheduler: running: HashSet()
26/07/26 05:13:51 INFO DAGScheduler: waiting: HashSet(ResultStage 83)
26/07/26 05:13:51 INFO DAGScheduler: failed: HashSet()
26/07/26 05:13:51 INFO DAGScheduler: Missing parents found for ResultStage 83: List()
26/07/26 05:13:51 INFO DAGScheduler: Submitting ResultStage 83 (MapPartitionsRDD[293] at collect at DriverActivationSpec.scala:101), which has no missing parents
26/07/26 05:13:51 INFO MemoryStore: Block broadcast_83 stored as values in memory (estimated size 29.2 KiB, free 1003.0 MiB)
26/07/26 05:13:51 INFO MemoryStore: Block broadcast_83_piece0 stored as bytes in memory (estimated size 13.0 KiB, free 1003.0 MiB)
26/07/26 05:13:51 INFO SparkContext: Created broadcast 83 from broadcast at DAGScheduler.scala:1686
26/07/26 05:13:51 INFO DAGScheduler: Submitting 2 missing tasks from ResultStage 83 (MapPartitionsRDD[293] at collect at DriverActivationSpec.scala:101) (first 15 tasks are for partitions Vector(0, 1))
26/07/26 05:13:51 INFO TaskSchedulerImpl: Adding task set 83.0 with 2 tasks resource profile 0
26/07/26 05:13:51 INFO TaskSetManager: Starting task 0.0 in stage 83.0 (TID 166) (ab93cff004a3,executor driver, partition 0, NODE_LOCAL, 9847 bytes)
26/07/26 05:13:51 INFO TaskSetManager: Starting task 1.0 in stage 83.0 (TID 167) (ab93cff004a3,executor driver, partition 1, NODE_LOCAL, 9847 bytes)
26/07/26 05:13:51 INFO Executor: Running task 0.0 in stage 83.0 (TID 166)
26/07/26 05:13:51 INFO Executor: Running task 1.0 in stage 83.0 (TID 167)
26/07/26 05:13:51 INFO ShuffleBlockFetcherIterator: Getting 2 (456.0 B) non-empty blocks including 2 (456.0 B) local and 0 (0.0 B) host-local and 0 (0.0 B) push-merged-local and 0 (0.0 B) remote blocks
26/07/26 05:13:51 INFO ShuffleBlockFetcherIterator: Started 0 remote fetches in 2 ms
26/07/26 05:13:51 INFO ShuffleBlockFetcherIterator: Getting 2 (608.0 B) non-empty blocks including 2 (608.0 B) local and 0 (0.0 B) host-local and 0 (0.0 B) push-merged-local and 0 (0.0 B) remote blocks
26/07/26 05:13:51 INFO ShuffleBlockFetcherIterator: Started 0 remote fetches in 2 ms
26/07/26 05:13:51 INFO Executor: Finished task 0.0 in stage 83.0 (TID 166). 4944 bytes result sent to driver
26/07/26 05:13:51 INFO TaskSetManager: Finished task 0.0 in stage 83.0 (TID 166) in 189 ms on ab93cff004a3 (executor driver) (1/2)
26/07/26 05:13:51 INFO Executor: Finished task 1.0 in stage 83.0 (TID 167). 4849 bytes result sent to driver
26/07/26 05:13:51 INFO TaskSetManager: Finished task 1.0 in stage 83.0 (TID 167) in 203 ms on ab93cff004a3 (executor driver) (2/2)
26/07/26 05:13:51 INFO TaskSchedulerImpl: Removed TaskSet 83.0 whose tasks have all completed, from pool
26/07/26 05:13:51 INFO DAGScheduler: ResultStage 83 (collect at DriverActivationSpec.scala:101) finished in 244 ms
26/07/26 05:13:51 INFO DAGScheduler: Job 41 is finished. Cancelling potential speculative or zombie tasks for this job
26/07/26 05:13:51 INFO TaskSchedulerImpl: Canceling stage 83
26/07/26 05:13:51 INFO TaskSchedulerImpl: Killing all running tasks in stage 83: Stage finished
26/07/26 05:13:51 INFO DAGScheduler: Job 41 finished: collect at DriverActivationSpec.scala:101, took 367.800265 ms
26/07/26 05:13:51 INFO HashAggregateExec: spark.sql.codegen.aggregate.map.twolevel.enabled is set to true, but current version of codegened fast hashmap does not support this aggregate.
26/07/26 05:13:52 INFO SparkContext: Starting job: collect at DriverActivationSpec.scala:101
26/07/26 05:13:52 INFO DAGScheduler: Registering RDD 297 (collect at DriverActivationSpec.scala:101) as input to shuffle 42
26/07/26 05:13:52 INFO DAGScheduler: Got job 42 (collect at DriverActivationSpec.scala:101) with 2 output partitions
26/07/26 05:13:52 INFO DAGScheduler: Final stage: ResultStage 85 (collect at DriverActivationSpec.scala:101)
26/07/26 05:13:52 INFO DAGScheduler: Parents of final stage: List(ShuffleMapStage 84)
26/07/26 05:13:52 INFO DAGScheduler: Missing parents: List(ShuffleMapStage 84)
26/07/26 05:13:52 INFO DAGScheduler: Missing parents found for ResultStage 85: List(ShuffleMapStage 84)
26/07/26 05:13:52 INFO DAGScheduler: Missing parents found for ShuffleMapStage 84: List()
26/07/26 05:13:52 INFO DAGScheduler: Submitting ShuffleMapStage 84 (MapPartitionsRDD[297] at collect at DriverActivationSpec.scala:101), which has no missing parents
26/07/26 05:13:52 INFO MemoryStore: Block broadcast_84 stored as values in memory (estimated size 31.6 KiB, free 1003.0 MiB)
26/07/26 05:13:52 INFO MemoryStore: Block broadcast_84_piece0 stored as bytes in memory (estimated size 13.9 KiB, free 1003.0 MiB)
26/07/26 05:13:52 INFO SparkContext: Created broadcast 84 from broadcast at DAGScheduler.scala:1686
26/07/26 05:13:52 INFO DAGScheduler: Submitting 2 missing tasks from ShuffleMapStage 84 (MapPartitionsRDD[297] at collect at DriverActivationSpec.scala:101) (first 15 tasks are for partitions Vector(0, 1))
26/07/26 05:13:52 INFO TaskSchedulerImpl: Adding task set 84.0 with 2 tasks resource profile 0
26/07/26 05:13:52 INFO TaskSetManager: Starting task 0.0 in stage 84.0 (TID 168) (ab93cff004a3,executor driver, partition 0, PROCESS_LOCAL, 9971 bytes)
26/07/26 05:13:52 INFO TaskSetManager: Starting task 1.0 in stage 84.0 (TID 169) (ab93cff004a3,executor driver, partition 1, PROCESS_LOCAL, 9971 bytes)
26/07/26 05:13:52 INFO Executor: Running task 0.0 in stage 84.0 (TID 168)
26/07/26 05:13:52 INFO Executor: Running task 1.0 in stage 84.0 (TID 169)
26/07/26 05:13:52 INFO Executor: Finished task 0.0 in stage 84.0 (TID 168). 2294 bytes result sent to driver
26/07/26 05:13:52 INFO TaskSetManager: Finished task 0.0 in stage 84.0 (TID 168) in 48 ms on ab93cff004a3 (executor driver) (1/2)
26/07/26 05:13:52 INFO Executor: Finished task 1.0 in stage 84.0 (TID 169). 2294 bytes result sent to driver
26/07/26 05:13:52 INFO TaskSetManager: Finished task 1.0 in stage 84.0 (TID 169) in 85 ms on ab93cff004a3 (executor driver) (2/2)
26/07/26 05:13:52 INFO TaskSchedulerImpl: Removed TaskSet 84.0 whose tasks have all completed, from pool
26/07/26 05:13:52 INFO DAGScheduler: ShuffleMapStage 84 (collect at DriverActivationSpec.scala:101) finished in 112 ms
26/07/26 05:13:52 INFO DAGScheduler: looking for newly runnable stages
26/07/26 05:13:52 INFO DAGScheduler: running: HashSet()
26/07/26 05:13:52 INFO DAGScheduler: waiting: HashSet(ResultStage 85)
26/07/26 05:13:52 INFO DAGScheduler: failed: HashSet()
26/07/26 05:13:52 INFO DAGScheduler: Missing parents found for ResultStage 85: List()
26/07/26 05:13:52 INFO DAGScheduler: Submitting ResultStage 85 (MapPartitionsRDD[300] at collect at DriverActivationSpec.scala:101), which has no missing parents
26/07/26 05:13:52 INFO MemoryStore: Block broadcast_85 stored as values in memory (estimated size 29.2 KiB, free 1003.0 MiB)
26/07/26 05:13:52 INFO MemoryStore: Block broadcast_85_piece0 stored as bytes in memory (estimated size 13.0 KiB, free 1002.9 MiB)
26/07/26 05:13:52 INFO SparkContext: Created broadcast 85 from broadcast at DAGScheduler.scala:1686
26/07/26 05:13:52 INFO DAGScheduler: Submitting 2 missing tasks from ResultStage 85 (MapPartitionsRDD[300] at collect at DriverActivationSpec.scala:101) (first 15 tasks are for partitions Vector(0, 1))
26/07/26 05:13:52 INFO TaskSchedulerImpl: Adding task set 85.0 with 2 tasks resource profile 0
26/07/26 05:13:52 INFO TaskSetManager: Starting task 0.0 in stage 85.0 (TID 170) (ab93cff004a3,executor driver, partition 0, NODE_LOCAL, 9847 bytes)
26/07/26 05:13:52 INFO TaskSetManager: Starting task 1.0 in stage 85.0 (TID 171) (ab93cff004a3,executor driver, partition 1, NODE_LOCAL, 9847 bytes)
26/07/26 05:13:52 INFO Executor: Running task 0.0 in stage 85.0 (TID 170)
26/07/26 05:13:52 INFO Executor: Running task 1.0 in stage 85.0 (TID 171)
26/07/26 05:13:52 INFO ShuffleBlockFetcherIterator: Getting 2 (456.0 B) non-empty blocks including 2 (456.0 B) local and 0 (0.0 B) host-local and 0 (0.0 B) push-merged-local and 0 (0.0 B) remote blocks
26/07/26 05:13:52 INFO ShuffleBlockFetcherIterator: Started 0 remote fetches in 3 ms
26/07/26 05:13:52 INFO ShuffleBlockFetcherIterator: Getting 2 (608.0 B) non-empty blocks including 2 (608.0 B) local and 0 (0.0 B) host-local and 0 (0.0 B) push-merged-local and 0 (0.0 B) remote blocks
26/07/26 05:13:52 INFO ShuffleBlockFetcherIterator: Started 0 remote fetches in 3 ms
26/07/26 05:13:52 INFO Executor: Finished task 1.0 in stage 85.0 (TID 171). 4849 bytes result sent to driver
26/07/26 05:13:52 INFO TaskSetManager: Finished task 1.0 in stage 85.0 (TID 171) in 48 ms on ab93cff004a3 (executor driver) (1/2)
26/07/26 05:13:52 INFO Executor: Finished task 0.0 in stage 85.0 (TID 170). 4944 bytes result sent to driver
26/07/26 05:13:52 INFO TaskSetManager: Finished task 0.0 in stage 85.0 (TID 170) in 57 ms on ab93cff004a3 (executor driver) (2/2)
26/07/26 05:13:52 INFO DAGScheduler: ResultStage 85 (collect at DriverActivationSpec.scala:101) finished in 70 ms
26/07/26 05:13:52 INFO TaskSchedulerImpl: Removed TaskSet 85.0 whose tasks have all completed, from pool
26/07/26 05:13:52 INFO DAGScheduler: Job 42 is finished. Cancelling potential speculative or zombie tasks for this job
26/07/26 05:13:52 INFO TaskSchedulerImpl: Canceling stage 85
26/07/26 05:13:52 INFO TaskSchedulerImpl: Killing all running tasks in stage 85: Stage finished
26/07/26 05:13:52 INFO DAGScheduler: Job 42 finished: collect at DriverActivationSpec.scala:101, took 201.366556 ms
26/07/26 05:13:52 INFO HashAggregateExec: spark.sql.codegen.aggregate.map.twolevel.enabled is set to true, but current version of codegened fast hashmap does not support this aggregate.
26/07/26 05:13:53 INFO SparkContext: Starting job: collect at DriverActivationSpec.scala:101
26/07/26 05:13:53 INFO DAGScheduler: Registering RDD 304 (collect at DriverActivationSpec.scala:101) as input to shuffle 43
26/07/26 05:13:53 INFO DAGScheduler: Got job 43 (collect at DriverActivationSpec.scala:101) with 2 output partitions
26/07/26 05:13:53 INFO DAGScheduler: Final stage: ResultStage 87 (collect at DriverActivationSpec.scala:101)
26/07/26 05:13:53 INFO DAGScheduler: Parents of final stage: List(ShuffleMapStage 86)
26/07/26 05:13:53 INFO DAGScheduler: Missing parents: List(ShuffleMapStage 86)
26/07/26 05:13:53 INFO DAGScheduler: Missing parents found for ResultStage 87: List(ShuffleMapStage 86)
26/07/26 05:13:53 INFO DAGScheduler: Missing parents found for ShuffleMapStage 86: List()
26/07/26 05:13:53 INFO DAGScheduler: Submitting ShuffleMapStage 86 (MapPartitionsRDD[304] at collect at DriverActivationSpec.scala:101), which has no missing parents
26/07/26 05:13:53 INFO MemoryStore: Block broadcast_86 stored as values in memory (estimated size 31.6 KiB, free 1002.9 MiB)
26/07/26 05:13:53 INFO MemoryStore: Block broadcast_86_piece0 stored as bytes in memory (estimated size 13.9 KiB, free 1002.9 MiB)
26/07/26 05:13:53 INFO SparkContext: Created broadcast 86 from broadcast at DAGScheduler.scala:1686
26/07/26 05:13:53 INFO DAGScheduler: Submitting 2 missing tasks from ShuffleMapStage 86 (MapPartitionsRDD[304] at collect at DriverActivationSpec.scala:101) (first 15 tasks are for partitions Vector(0, 1))
26/07/26 05:13:53 INFO TaskSchedulerImpl: Adding task set 86.0 with 2 tasks resource profile 0
26/07/26 05:13:53 INFO TaskSetManager: Starting task 0.0 in stage 86.0 (TID 172) (ab93cff004a3,executor driver, partition 0, PROCESS_LOCAL, 9971 bytes)
26/07/26 05:13:53 INFO TaskSetManager: Starting task 1.0 in stage 86.0 (TID 173) (ab93cff004a3,executor driver, partition 1, PROCESS_LOCAL, 9971 bytes)
26/07/26 05:13:53 INFO Executor: Running task 0.0 in stage 86.0 (TID 172)
26/07/26 05:13:53 INFO Executor: Running task 1.0 in stage 86.0 (TID 173)
26/07/26 05:13:53 INFO Executor: Finished task 1.0 in stage 86.0 (TID 173). 2294 bytes result sent to driver
26/07/26 05:13:53 INFO TaskSetManager: Finished task 1.0 in stage 86.0 (TID 173) in 85 ms on ab93cff004a3 (executor driver) (1/2)
26/07/26 05:13:53 INFO Executor: Finished task 0.0 in stage 86.0 (TID 172). 2294 bytes result sent to driver
26/07/26 05:13:53 INFO TaskSetManager: Finished task 0.0 in stage 86.0 (TID 172) in 108 ms on ab93cff004a3 (executor driver) (2/2)
26/07/26 05:13:53 INFO TaskSchedulerImpl: Removed TaskSet 86.0 whose tasks have all completed, from pool
26/07/26 05:13:53 INFO DAGScheduler: ShuffleMapStage 86 (collect at DriverActivationSpec.scala:101) finished in 129 ms
26/07/26 05:13:53 INFO DAGScheduler: looking for newly runnable stages
26/07/26 05:13:53 INFO DAGScheduler: running: HashSet()
26/07/26 05:13:53 INFO DAGScheduler: waiting: HashSet(ResultStage 87)
26/07/26 05:13:53 INFO DAGScheduler: failed: HashSet()
26/07/26 05:13:53 INFO DAGScheduler: Missing parents found for ResultStage 87: List()
26/07/26 05:13:53 INFO DAGScheduler: Submitting ResultStage 87 (MapPartitionsRDD[307] at collect at DriverActivationSpec.scala:101), which has no missing parents
26/07/26 05:13:53 INFO MemoryStore: Block broadcast_87 stored as values in memory (estimated size 29.2 KiB, free 1002.9 MiB)
26/07/26 05:13:53 INFO MemoryStore: Block broadcast_87_piece0 stored as bytes in memory (estimated size 13.0 KiB, free 1002.9 MiB)
26/07/26 05:13:53 INFO SparkContext: Created broadcast 87 from broadcast at DAGScheduler.scala:1686
26/07/26 05:13:53 INFO DAGScheduler: Submitting 2 missing tasks from ResultStage 87 (MapPartitionsRDD[307] at collect at DriverActivationSpec.scala:101) (first 15 tasks are for partitions Vector(0, 1))
26/07/26 05:13:53 INFO TaskSchedulerImpl: Adding task set 87.0 with 2 tasks resource profile 0
26/07/26 05:13:53 INFO TaskSetManager: Starting task 0.0 in stage 87.0 (TID 174) (ab93cff004a3,executor driver, partition 0, NODE_LOCAL, 9847 bytes)
26/07/26 05:13:53 INFO TaskSetManager: Starting task 1.0 in stage 87.0 (TID 175) (ab93cff004a3,executor driver, partition 1, NODE_LOCAL, 9847 bytes)
26/07/26 05:13:53 INFO Executor: Running task 1.0 in stage 87.0 (TID 175)
26/07/26 05:13:53 INFO Executor: Running task 0.0 in stage 87.0 (TID 174)
26/07/26 05:13:53 INFO ShuffleBlockFetcherIterator: Getting 2 (456.0 B) non-empty blocks including 2 (456.0 B) local and 0 (0.0 B) host-local and 0 (0.0 B) push-merged-local and 0 (0.0 B) remote blocks
26/07/26 05:13:53 INFO ShuffleBlockFetcherIterator: Getting 2 (608.0 B) non-empty blocks including 2 (608.0 B) local and 0 (0.0 B) host-local and 0 (0.0 B) push-merged-local and 0 (0.0 B) remote blocks
26/07/26 05:13:53 INFO ShuffleBlockFetcherIterator: Started 0 remote fetches in 5 ms
26/07/26 05:13:53 INFO ShuffleBlockFetcherIterator: Started 0 remote fetches in 4 ms
26/07/26 05:13:53 INFO Executor: Finished task 0.0 in stage 87.0 (TID 174). 4944 bytes result sent to driver
26/07/26 05:13:53 INFO TaskSetManager: Finished task 0.0 in stage 87.0 (TID 174) in 51 ms on ab93cff004a3 (executor driver) (1/2)
26/07/26 05:13:53 INFO Executor: Finished task 1.0 in stage 87.0 (TID 175). 4849 bytes result sent to driver
26/07/26 05:13:53 INFO TaskSetManager: Finished task 1.0 in stage 87.0 (TID 175) in 50 ms on ab93cff004a3 (executor driver) (2/2)
26/07/26 05:13:53 INFO TaskSchedulerImpl: Removed TaskSet 87.0 whose tasks have all completed, from pool
26/07/26 05:13:53 INFO DAGScheduler: ResultStage 87 (collect at DriverActivationSpec.scala:101) finished in 68 ms
26/07/26 05:13:53 INFO DAGScheduler: Job 43 is finished. Cancelling potential speculative or zombie tasks for this job
26/07/26 05:13:53 INFO TaskSchedulerImpl: Canceling stage 87
26/07/26 05:13:53 INFO TaskSchedulerImpl: Killing all running tasks in stage 87: Stage finished
26/07/26 05:13:53 INFO DAGScheduler: Job 43 finished: collect at DriverActivationSpec.scala:101, took 224.398594 ms
26/07/26 05:13:53 INFO HashAggregateExec: spark.sql.codegen.aggregate.map.twolevel.enabled is set to true, but current version of codegened fast hashmap does not support this aggregate.
26/07/26 05:13:53 INFO SparkContext: Starting job: collect at DriverActivationSpec.scala:101
26/07/26 05:13:53 INFO DAGScheduler: Registering RDD 311 (collect at DriverActivationSpec.scala:101) as input to shuffle 44
26/07/26 05:13:53 INFO DAGScheduler: Got job 44 (collect at DriverActivationSpec.scala:101) with 2 output partitions
26/07/26 05:13:53 INFO DAGScheduler: Final stage: ResultStage 89 (collect at DriverActivationSpec.scala:101)
26/07/26 05:13:53 INFO DAGScheduler: Parents of final stage: List(ShuffleMapStage 88)
26/07/26 05:13:53 INFO DAGScheduler: Missing parents: List(ShuffleMapStage 88)
26/07/26 05:13:53 INFO DAGScheduler: Missing parents found for ResultStage 89: List(ShuffleMapStage 88)
26/07/26 05:13:53 INFO DAGScheduler: Missing parents found for ShuffleMapStage 88: List()
26/07/26 05:13:53 INFO DAGScheduler: Submitting ShuffleMapStage 88 (MapPartitionsRDD[311] at collect at DriverActivationSpec.scala:101), which has no missing parents
26/07/26 05:13:53 INFO MemoryStore: Block broadcast_88 stored as values in memory (estimated size 31.6 KiB, free 1002.8 MiB)
26/07/26 05:13:53 INFO MemoryStore: Block broadcast_88_piece0 stored as bytes in memory (estimated size 13.9 KiB, free 1002.8 MiB)
26/07/26 05:13:53 INFO SparkContext: Created broadcast 88 from broadcast at DAGScheduler.scala:1686
26/07/26 05:13:53 INFO DAGScheduler: Submitting 2 missing tasks from ShuffleMapStage 88 (MapPartitionsRDD[311] at collect at DriverActivationSpec.scala:101) (first 15 tasks are for partitions Vector(0, 1))
26/07/26 05:13:53 INFO TaskSchedulerImpl: Adding task set 88.0 with 2 tasks resource profile 0
26/07/26 05:13:53 INFO TaskSetManager: Starting task 0.0 in stage 88.0 (TID 176) (ab93cff004a3,executor driver, partition 0, PROCESS_LOCAL, 9971 bytes)
26/07/26 05:13:53 INFO TaskSetManager: Starting task 1.0 in stage 88.0 (TID 177) (ab93cff004a3,executor driver, partition 1, PROCESS_LOCAL, 9971 bytes)
26/07/26 05:13:53 INFO Executor: Running task 1.0 in stage 88.0 (TID 177)
26/07/26 05:13:53 INFO Executor: Running task 0.0 in stage 88.0 (TID 176)
26/07/26 05:13:53 INFO Executor: Finished task 0.0 in stage 88.0 (TID 176). 2294 bytes result sent to driver
26/07/26 05:13:53 INFO TaskSetManager: Finished task 0.0 in stage 88.0 (TID 176) in 71 ms on ab93cff004a3 (executor driver) (1/2)
26/07/26 05:13:53 INFO Executor: Finished task 1.0 in stage 88.0 (TID 177). 2294 bytes result sent to driver
26/07/26 05:13:53 INFO TaskSetManager: Finished task 1.0 in stage 88.0 (TID 177) in 69 ms on ab93cff004a3 (executor driver) (2/2)
26/07/26 05:13:53 INFO TaskSchedulerImpl: Removed TaskSet 88.0 whose tasks have all completed, from pool
26/07/26 05:13:53 INFO DAGScheduler: ShuffleMapStage 88 (collect at DriverActivationSpec.scala:101) finished in 97 ms
26/07/26 05:13:53 INFO DAGScheduler: looking for newly runnable stages
26/07/26 05:13:53 INFO DAGScheduler: running: HashSet()
26/07/26 05:13:53 INFO DAGScheduler: waiting: HashSet(ResultStage 89)
26/07/26 05:13:53 INFO DAGScheduler: failed: HashSet()
26/07/26 05:13:53 INFO DAGScheduler: Missing parents found for ResultStage 89: List()
26/07/26 05:13:53 INFO DAGScheduler: Submitting ResultStage 89 (MapPartitionsRDD[314] at collect at DriverActivationSpec.scala:101), which has no missing parents
26/07/26 05:13:53 INFO MemoryStore: Block broadcast_89 stored as values in memory (estimated size 29.2 KiB, free 1002.8 MiB)
26/07/26 05:13:53 INFO MemoryStore: Block broadcast_89_piece0 stored as bytes in memory (estimated size 13.0 KiB, free 1002.8 MiB)
26/07/26 05:13:53 INFO SparkContext: Created broadcast 89 from broadcast at DAGScheduler.scala:1686
26/07/26 05:13:53 INFO DAGScheduler: Submitting 2 missing tasks from ResultStage 89 (MapPartitionsRDD[314] at collect at DriverActivationSpec.scala:101) (first 15 tasks are for partitions Vector(0, 1))
26/07/26 05:13:53 INFO TaskSchedulerImpl: Adding task set 89.0 with 2 tasks resource profile 0
26/07/26 05:13:53 INFO TaskSetManager: Starting task 0.0 in stage 89.0 (TID 178) (ab93cff004a3,executor driver, partition 0, NODE_LOCAL, 9847 bytes)
26/07/26 05:13:53 INFO TaskSetManager: Starting task 1.0 in stage 89.0 (TID 179) (ab93cff004a3,executor driver, partition 1, NODE_LOCAL, 9847 bytes)
26/07/26 05:13:53 INFO Executor: Running task 0.0 in stage 89.0 (TID 178)
26/07/26 05:13:53 INFO Executor: Running task 1.0 in stage 89.0 (TID 179)
26/07/26 05:13:53 INFO ShuffleBlockFetcherIterator: Getting 2 (608.0 B) non-empty blocks including 2 (608.0 B) local and 0 (0.0 B) host-local and 0 (0.0 B) push-merged-local and 0 (0.0 B) remote blocks
26/07/26 05:13:53 INFO ShuffleBlockFetcherIterator: Started 0 remote fetches in 10 ms
26/07/26 05:13:53 INFO ShuffleBlockFetcherIterator: Getting 2 (456.0 B) non-empty blocks including 2 (456.0 B) local and 0 (0.0 B) host-local and 0 (0.0 B) push-merged-local and 0 (0.0 B) remote blocks
26/07/26 05:13:53 INFO ShuffleBlockFetcherIterator: Started 0 remote fetches in 12 ms
26/07/26 05:13:53 INFO Executor: Finished task 1.0 in stage 89.0 (TID 179). 4849 bytes result sent to driver
26/07/26 05:13:53 INFO TaskSetManager: Finished task 1.0 in stage 89.0 (TID 179) in 44 ms on ab93cff004a3 (executor driver) (1/2)
26/07/26 05:13:53 INFO Executor: Finished task 0.0 in stage 89.0 (TID 178). 4944 bytes result sent to driver
26/07/26 05:13:53 INFO TaskSetManager: Finished task 0.0 in stage 89.0 (TID 178) in 49 ms on ab93cff004a3 (executor driver) (2/2)
26/07/26 05:13:53 INFO DAGScheduler: ResultStage 89 (collect at DriverActivationSpec.scala:101) finished in 73 ms
26/07/26 05:13:53 INFO DAGScheduler: Job 44 is finished. Cancelling potential speculative or zombie tasks for this job
26/07/26 05:13:53 INFO TaskSchedulerImpl: Removed TaskSet 89.0 whose tasks have all completed, from pool
26/07/26 05:13:53 INFO TaskSchedulerImpl: Canceling stage 89
26/07/26 05:13:53 INFO TaskSchedulerImpl: Killing all running tasks in stage 89: Stage finished
26/07/26 05:13:53 INFO DAGScheduler: Job 44 finished: collect at DriverActivationSpec.scala:101, took 188.184676 ms
26/07/26 05:13:54 INFO HashAggregateExec: spark.sql.codegen.aggregate.map.twolevel.enabled is set to true, but current version of codegened fast hashmap does not support this aggregate.
26/07/26 05:13:54 INFO SparkContext: Starting job: collect at DriverActivationSpec.scala:101
26/07/26 05:13:54 INFO DAGScheduler: Registering RDD 318 (collect at DriverActivationSpec.scala:101) as input to shuffle 45
26/07/26 05:13:54 INFO DAGScheduler: Got job 45 (collect at DriverActivationSpec.scala:101) with 2 output partitions
26/07/26 05:13:54 INFO DAGScheduler: Final stage: ResultStage 91 (collect at DriverActivationSpec.scala:101)
26/07/26 05:13:54 INFO DAGScheduler: Parents of final stage: List(ShuffleMapStage 90)
26/07/26 05:13:54 INFO DAGScheduler: Missing parents: List(ShuffleMapStage 90)
26/07/26 05:13:54 INFO DAGScheduler: Missing parents found for ResultStage 91: List(ShuffleMapStage 90)
26/07/26 05:13:54 INFO DAGScheduler: Missing parents found for ShuffleMapStage 90: List()
26/07/26 05:13:54 INFO DAGScheduler: Submitting ShuffleMapStage 90 (MapPartitionsRDD[318] at collect at DriverActivationSpec.scala:101), which has no missing parents
26/07/26 05:13:54 INFO MemoryStore: Block broadcast_90 stored as values in memory (estimated size 31.6 KiB, free 1002.7 MiB)
26/07/26 05:13:54 INFO MemoryStore: Block broadcast_90_piece0 stored as bytes in memory (estimated size 13.9 KiB, free 1002.7 MiB)
26/07/26 05:13:54 INFO SparkContext: Created broadcast 90 from broadcast at DAGScheduler.scala:1686
26/07/26 05:13:54 INFO DAGScheduler: Submitting 2 missing tasks from ShuffleMapStage 90 (MapPartitionsRDD[318] at collect at DriverActivationSpec.scala:101) (first 15 tasks are for partitions Vector(0, 1))
26/07/26 05:13:54 INFO TaskSchedulerImpl: Adding task set 90.0 with 2 tasks resource profile 0
26/07/26 05:13:54 INFO TaskSetManager: Starting task 0.0 in stage 90.0 (TID 180) (ab93cff004a3,executor driver, partition 0, PROCESS_LOCAL, 9971 bytes)
26/07/26 05:13:54 INFO TaskSetManager: Starting task 1.0 in stage 90.0 (TID 181) (ab93cff004a3,executor driver, partition 1, PROCESS_LOCAL, 9971 bytes)
26/07/26 05:13:54 INFO Executor: Running task 0.0 in stage 90.0 (TID 180)
26/07/26 05:13:54 INFO Executor: Running task 1.0 in stage 90.0 (TID 181)
26/07/26 05:13:54 INFO Executor: Finished task 0.0 in stage 90.0 (TID 180). 2294 bytes result sent to driver
26/07/26 05:13:54 INFO Executor: Finished task 1.0 in stage 90.0 (TID 181). 2294 bytes result sent to driver
26/07/26 05:13:54 INFO TaskSetManager: Finished task 0.0 in stage 90.0 (TID 180) in 84 ms on ab93cff004a3 (executor driver) (1/2)
26/07/26 05:13:54 INFO TaskSetManager: Finished task 1.0 in stage 90.0 (TID 181) in 84 ms on ab93cff004a3 (executor driver) (2/2)
26/07/26 05:13:54 INFO TaskSchedulerImpl: Removed TaskSet 90.0 whose tasks have all completed, from pool
26/07/26 05:13:54 INFO DAGScheduler: ShuffleMapStage 90 (collect at DriverActivationSpec.scala:101) finished in 107 ms
26/07/26 05:13:54 INFO DAGScheduler: looking for newly runnable stages
26/07/26 05:13:54 INFO DAGScheduler: running: HashSet()
26/07/26 05:13:54 INFO DAGScheduler: waiting: HashSet(ResultStage 91)
26/07/26 05:13:54 INFO DAGScheduler: failed: HashSet()
26/07/26 05:13:54 INFO DAGScheduler: Missing parents found for ResultStage 91: List()
26/07/26 05:13:54 INFO DAGScheduler: Submitting ResultStage 91 (MapPartitionsRDD[321] at collect at DriverActivationSpec.scala:101), which has no missing parents
26/07/26 05:13:54 INFO MemoryStore: Block broadcast_91 stored as values in memory (estimated size 29.2 KiB, free 1002.7 MiB)
26/07/26 05:13:54 INFO MemoryStore: Block broadcast_91_piece0 stored as bytes in memory (estimated size 13.0 KiB, free 1002.7 MiB)
26/07/26 05:13:54 INFO SparkContext: Created broadcast 91 from broadcast at DAGScheduler.scala:1686
26/07/26 05:13:54 INFO DAGScheduler: Submitting 2 missing tasks from ResultStage 91 (MapPartitionsRDD[321] at collect at DriverActivationSpec.scala:101) (first 15 tasks are for partitions Vector(0, 1))
26/07/26 05:13:54 INFO TaskSchedulerImpl: Adding task set 91.0 with 2 tasks resource profile 0
26/07/26 05:13:54 INFO TaskSetManager: Starting task 0.0 in stage 91.0 (TID 182) (ab93cff004a3,executor driver, partition 0, NODE_LOCAL, 9847 bytes)
26/07/26 05:13:54 INFO TaskSetManager: Starting task 1.0 in stage 91.0 (TID 183) (ab93cff004a3,executor driver, partition 1, NODE_LOCAL, 9847 bytes)
26/07/26 05:13:54 INFO Executor: Running task 1.0 in stage 91.0 (TID 183)
26/07/26 05:13:54 INFO Executor: Running task 0.0 in stage 91.0 (TID 182)
26/07/26 05:13:54 INFO ShuffleBlockFetcherIterator: Getting 2 (456.0 B) non-empty blocks including 2 (456.0 B) local and 0 (0.0 B) host-local and 0 (0.0 B) push-merged-local and 0 (0.0 B) remote blocks
26/07/26 05:13:54 INFO ShuffleBlockFetcherIterator: Started 0 remote fetches in 0 ms
26/07/26 05:13:54 INFO ShuffleBlockFetcherIterator: Getting 2 (608.0 B) non-empty blocks including 2 (608.0 B) local and 0 (0.0 B) host-local and 0 (0.0 B) push-merged-local and 0 (0.0 B) remote blocks
26/07/26 05:13:54 INFO ShuffleBlockFetcherIterator: Started 0 remote fetches in 0 ms
26/07/26 05:13:54 INFO Executor: Finished task 0.0 in stage 91.0 (TID 182). 4944 bytes result sent to driver
26/07/26 05:13:54 INFO Executor: Finished task 1.0 in stage 91.0 (TID 183). 4849 bytes result sent to driver
26/07/26 05:13:54 INFO TaskSetManager: Finished task 0.0 in stage 91.0 (TID 182) in 70 ms on ab93cff004a3 (executor driver) (1/2)
26/07/26 05:13:54 INFO TaskSetManager: Finished task 1.0 in stage 91.0 (TID 183) in 68 ms on ab93cff004a3 (executor driver) (2/2)
26/07/26 05:13:54 INFO DAGScheduler: ResultStage 91 (collect at DriverActivationSpec.scala:101) finished in 101 ms
26/07/26 05:13:54 INFO TaskSchedulerImpl: Removed TaskSet 91.0 whose tasks have all completed, from pool
26/07/26 05:13:54 INFO DAGScheduler: Job 45 is finished. Cancelling potential speculative or zombie tasks for this job
26/07/26 05:13:54 INFO TaskSchedulerImpl: Canceling stage 91
26/07/26 05:13:54 INFO TaskSchedulerImpl: Killing all running tasks in stage 91: Stage finished
26/07/26 05:13:54 INFO DAGScheduler: Job 45 finished: collect at DriverActivationSpec.scala:101, took 248.930068 ms
26/07/26 05:13:54 INFO HashAggregateExec: spark.sql.codegen.aggregate.map.twolevel.enabled is set to true, but current version of codegened fast hashmap does not support this aggregate.
26/07/26 05:13:54 INFO SparkContext: Starting job: collect at DriverActivationSpec.scala:101
26/07/26 05:13:54 INFO DAGScheduler: Registering RDD 325 (collect at DriverActivationSpec.scala:101) as input to shuffle 46
26/07/26 05:13:54 INFO DAGScheduler: Got job 46 (collect at DriverActivationSpec.scala:101) with 2 output partitions
26/07/26 05:13:54 INFO DAGScheduler: Final stage: ResultStage 93 (collect at DriverActivationSpec.scala:101)
26/07/26 05:13:54 INFO DAGScheduler: Parents of final stage: List(ShuffleMapStage 92)
26/07/26 05:13:54 INFO DAGScheduler: Missing parents: List(ShuffleMapStage 92)
26/07/26 05:13:54 INFO DAGScheduler: Missing parents found for ResultStage 93: List(ShuffleMapStage 92)
26/07/26 05:13:54 INFO DAGScheduler: Missing parents found for ShuffleMapStage 92: List()
26/07/26 05:13:54 INFO DAGScheduler: Submitting ShuffleMapStage 92 (MapPartitionsRDD[325] at collect at DriverActivationSpec.scala:101), which has no missing parents
26/07/26 05:13:54 INFO MemoryStore: Block broadcast_92 stored as values in memory (estimated size 31.6 KiB, free 1002.7 MiB)
26/07/26 05:13:54 INFO MemoryStore: Block broadcast_92_piece0 stored as bytes in memory (estimated size 13.9 KiB, free 1002.6 MiB)
26/07/26 05:13:54 INFO SparkContext: Created broadcast 92 from broadcast at DAGScheduler.scala:1686
26/07/26 05:13:54 INFO DAGScheduler: Submitting 2 missing tasks from ShuffleMapStage 92 (MapPartitionsRDD[325] at collect at DriverActivationSpec.scala:101) (first 15 tasks are for partitions Vector(0, 1))
26/07/26 05:13:54 INFO TaskSchedulerImpl: Adding task set 92.0 with 2 tasks resource profile 0
26/07/26 05:13:54 INFO TaskSetManager: Starting task 0.0 in stage 92.0 (TID 184) (ab93cff004a3,executor driver, partition 0, PROCESS_LOCAL, 9971 bytes)
26/07/26 05:13:54 INFO TaskSetManager: Starting task 1.0 in stage 92.0 (TID 185) (ab93cff004a3,executor driver, partition 1, PROCESS_LOCAL, 9971 bytes)
26/07/26 05:13:54 INFO Executor: Running task 1.0 in stage 92.0 (TID 185)
26/07/26 05:13:54 INFO Executor: Running task 0.0 in stage 92.0 (TID 184)
26/07/26 05:13:54 INFO Executor: Finished task 1.0 in stage 92.0 (TID 185). 2294 bytes result sent to driver
26/07/26 05:13:54 INFO TaskSetManager: Finished task 1.0 in stage 92.0 (TID 185) in 30 ms on ab93cff004a3 (executor driver) (1/2)
26/07/26 05:13:54 INFO Executor: Finished task 0.0 in stage 92.0 (TID 184). 2294 bytes result sent to driver
26/07/26 05:13:54 INFO TaskSetManager: Finished task 0.0 in stage 92.0 (TID 184) in 40 ms on ab93cff004a3 (executor driver) (2/2)
26/07/26 05:13:54 INFO TaskSchedulerImpl: Removed TaskSet 92.0 whose tasks have all completed, from pool
26/07/26 05:13:54 INFO DAGScheduler: ShuffleMapStage 92 (collect at DriverActivationSpec.scala:101) finished in 53 ms
26/07/26 05:13:54 INFO DAGScheduler: looking for newly runnable stages
26/07/26 05:13:54 INFO DAGScheduler: running: HashSet()
26/07/26 05:13:54 INFO DAGScheduler: waiting: HashSet(ResultStage 93)
26/07/26 05:13:54 INFO DAGScheduler: failed: HashSet()
26/07/26 05:13:54 INFO DAGScheduler: Missing parents found for ResultStage 93: List()
26/07/26 05:13:54 INFO DAGScheduler: Submitting ResultStage 93 (MapPartitionsRDD[328] at collect at DriverActivationSpec.scala:101), which has no missing parents
26/07/26 05:13:54 INFO MemoryStore: Block broadcast_93 stored as values in memory (estimated size 29.2 KiB, free 1002.6 MiB)
26/07/26 05:13:54 INFO MemoryStore: Block broadcast_93_piece0 stored as bytes in memory (estimated size 13.0 KiB, free 1002.6 MiB)
26/07/26 05:13:54 INFO SparkContext: Created broadcast 93 from broadcast at DAGScheduler.scala:1686
26/07/26 05:13:54 INFO DAGScheduler: Submitting 2 missing tasks from ResultStage 93 (MapPartitionsRDD[328] at collect at DriverActivationSpec.scala:101) (first 15 tasks are for partitions Vector(0, 1))
26/07/26 05:13:54 INFO TaskSchedulerImpl: Adding task set 93.0 with 2 tasks resource profile 0
26/07/26 05:13:54 INFO TaskSetManager: Starting task 0.0 in stage 93.0 (TID 186) (ab93cff004a3,executor driver, partition 0, NODE_LOCAL, 9847 bytes)
26/07/26 05:13:54 INFO TaskSetManager: Starting task 1.0 in stage 93.0 (TID 187) (ab93cff004a3,executor driver, partition 1, NODE_LOCAL, 9847 bytes)
26/07/26 05:13:54 INFO Executor: Running task 1.0 in stage 93.0 (TID 187)
26/07/26 05:13:54 INFO Executor: Running task 0.0 in stage 93.0 (TID 186)
26/07/26 05:13:54 INFO ShuffleBlockFetcherIterator: Getting 2 (456.0 B) non-empty blocks including 2 (456.0 B) local and 0 (0.0 B) host-local and 0 (0.0 B) push-merged-local and 0 (0.0 B) remote blocks
26/07/26 05:13:54 INFO ShuffleBlockFetcherIterator: Started 0 remote fetches in 0 ms
26/07/26 05:13:54 INFO Executor: Finished task 1.0 in stage 93.0 (TID 187). 4849 bytes result sent to driver
26/07/26 05:13:54 INFO TaskSetManager: Finished task 1.0 in stage 93.0 (TID 187) in 30 ms on ab93cff004a3 (executor driver) (1/2)
26/07/26 05:13:54 INFO ShuffleBlockFetcherIterator: Getting 2 (608.0 B) non-empty blocks including 2 (608.0 B) local and 0 (0.0 B) host-local and 0 (0.0 B) push-merged-local and 0 (0.0 B) remote blocks
26/07/26 05:13:54 INFO ShuffleBlockFetcherIterator: Started 0 remote fetches in 0 ms
26/07/26 05:13:54 INFO Executor: Finished task 0.0 in stage 93.0 (TID 186). 4987 bytes result sent to driver
26/07/26 05:13:54 INFO TaskSetManager: Finished task 0.0 in stage 93.0 (TID 186) in 181 ms on ab93cff004a3 (executor driver) (2/2)
26/07/26 05:13:54 INFO DAGScheduler: ResultStage 93 (collect at DriverActivationSpec.scala:101) finished in 236 ms
26/07/26 05:13:54 INFO DAGScheduler: Job 46 is finished. Cancelling potential speculative or zombie tasks for this job
26/07/26 05:13:54 INFO TaskSchedulerImpl: Removed TaskSet 93.0 whose tasks have all completed, from pool
26/07/26 05:13:54 INFO TaskSchedulerImpl: Canceling stage 93
26/07/26 05:13:54 INFO TaskSchedulerImpl: Killing all running tasks in stage 93: Stage finished
26/07/26 05:13:54 INFO DAGScheduler: Job 46 finished: collect at DriverActivationSpec.scala:101, took 305.775706 ms
26/07/26 05:13:55 INFO HashAggregateExec: spark.sql.codegen.aggregate.map.twolevel.enabled is set to true, but current version of codegened fast hashmap does not support this aggregate.
26/07/26 05:13:55 INFO SparkContext: Starting job: collect at DriverActivationSpec.scala:101
26/07/26 05:13:55 INFO DAGScheduler: Registering RDD 332 (collect at DriverActivationSpec.scala:101) as input to shuffle 47
26/07/26 05:13:55 INFO DAGScheduler: Got job 47 (collect at DriverActivationSpec.scala:101) with 2 output partitions
26/07/26 05:13:55 INFO DAGScheduler: Final stage: ResultStage 95 (collect at DriverActivationSpec.scala:101)
26/07/26 05:13:55 INFO DAGScheduler: Parents of final stage: List(ShuffleMapStage 94)
26/07/26 05:13:55 INFO DAGScheduler: Missing parents: List(ShuffleMapStage 94)
26/07/26 05:13:55 INFO DAGScheduler: Missing parents found for ResultStage 95: List(ShuffleMapStage 94)
26/07/26 05:13:55 INFO DAGScheduler: Missing parents found for ShuffleMapStage 94: List()
26/07/26 05:13:55 INFO DAGScheduler: Submitting ShuffleMapStage 94 (MapPartitionsRDD[332] at collect at DriverActivationSpec.scala:101), which has no missing parents
26/07/26 05:13:55 INFO MemoryStore: Block broadcast_94 stored as values in memory (estimated size 31.6 KiB, free 1002.6 MiB)
26/07/26 05:13:55 INFO MemoryStore: Block broadcast_94_piece0 stored as bytes in memory (estimated size 13.9 KiB, free 1002.6 MiB)
26/07/26 05:13:55 INFO SparkContext: Created broadcast 94 from broadcast at DAGScheduler.scala:1686
26/07/26 05:13:55 INFO DAGScheduler: Submitting 2 missing tasks from ShuffleMapStage 94 (MapPartitionsRDD[332] at collect at DriverActivationSpec.scala:101) (first 15 tasks are for partitions Vector(0, 1))
26/07/26 05:13:55 INFO TaskSchedulerImpl: Adding task set 94.0 with 2 tasks resource profile 0
26/07/26 05:13:55 INFO TaskSetManager: Starting task 0.0 in stage 94.0 (TID 188) (ab93cff004a3,executor driver, partition 0, PROCESS_LOCAL, 9971 bytes)
26/07/26 05:13:55 INFO TaskSetManager: Starting task 1.0 in stage 94.0 (TID 189) (ab93cff004a3,executor driver, partition 1, PROCESS_LOCAL, 9971 bytes)
26/07/26 05:13:55 INFO Executor: Running task 0.0 in stage 94.0 (TID 188)
26/07/26 05:13:55 INFO Executor: Running task 1.0 in stage 94.0 (TID 189)
26/07/26 05:13:55 INFO Executor: Finished task 1.0 in stage 94.0 (TID 189). 2294 bytes result sent to driver
26/07/26 05:13:55 INFO Executor: Finished task 0.0 in stage 94.0 (TID 188). 2294 bytes result sent to driver
26/07/26 05:13:55 INFO TaskSetManager: Finished task 0.0 in stage 94.0 (TID 188) in 77 ms on ab93cff004a3 (executor driver) (1/2)
26/07/26 05:13:55 INFO TaskSetManager: Finished task 1.0 in stage 94.0 (TID 189) in 79 ms on ab93cff004a3 (executor driver) (2/2)
26/07/26 05:13:55 INFO TaskSchedulerImpl: Removed TaskSet 94.0 whose tasks have all completed, from pool
26/07/26 05:13:55 INFO DAGScheduler: ShuffleMapStage 94 (collect at DriverActivationSpec.scala:101) finished in 109 ms
26/07/26 05:13:55 INFO DAGScheduler: looking for newly runnable stages
26/07/26 05:13:55 INFO DAGScheduler: running: HashSet()
26/07/26 05:13:55 INFO DAGScheduler: waiting: HashSet(ResultStage 95)
26/07/26 05:13:55 INFO DAGScheduler: failed: HashSet()
26/07/26 05:13:55 INFO DAGScheduler: Missing parents found for ResultStage 95: List()
26/07/26 05:13:55 INFO DAGScheduler: Submitting ResultStage 95 (MapPartitionsRDD[335] at collect at DriverActivationSpec.scala:101), which has no missing parents
26/07/26 05:13:55 INFO MemoryStore: Block broadcast_95 stored as values in memory (estimated size 29.2 KiB, free 1002.5 MiB)
26/07/26 05:13:55 INFO MemoryStore: Block broadcast_95_piece0 stored as bytes in memory (estimated size 13.0 KiB, free 1002.5 MiB)
26/07/26 05:13:55 INFO SparkContext: Created broadcast 95 from broadcast at DAGScheduler.scala:1686
26/07/26 05:13:55 INFO DAGScheduler: Submitting 2 missing tasks from ResultStage 95 (MapPartitionsRDD[335] at collect at DriverActivationSpec.scala:101) (first 15 tasks are for partitions Vector(0, 1))
26/07/26 05:13:55 INFO TaskSchedulerImpl: Adding task set 95.0 with 2 tasks resource profile 0
26/07/26 05:13:55 INFO TaskSetManager: Starting task 0.0 in stage 95.0 (TID 190) (ab93cff004a3,executor driver, partition 0, NODE_LOCAL, 9847 bytes)
26/07/26 05:13:55 INFO TaskSetManager: Starting task 1.0 in stage 95.0 (TID 191) (ab93cff004a3,executor driver, partition 1, NODE_LOCAL, 9847 bytes)
26/07/26 05:13:55 INFO Executor: Running task 1.0 in stage 95.0 (TID 191)
26/07/26 05:13:55 INFO Executor: Running task 0.0 in stage 95.0 (TID 190)
26/07/26 05:13:55 INFO ShuffleBlockFetcherIterator: Getting 2 (456.0 B) non-empty blocks including 2 (456.0 B) local and 0 (0.0 B) host-local and 0 (0.0 B) push-merged-local and 0 (0.0 B) remote blocks
26/07/26 05:13:55 INFO ShuffleBlockFetcherIterator: Started 0 remote fetches in 1 ms
26/07/26 05:13:55 INFO Executor: Finished task 1.0 in stage 95.0 (TID 191). 4849 bytes result sent to driver
26/07/26 05:13:55 INFO TaskSetManager: Finished task 1.0 in stage 95.0 (TID 191) in 58 ms on ab93cff004a3 (executor driver) (1/2)
26/07/26 05:13:55 INFO ShuffleBlockFetcherIterator: Getting 2 (608.0 B) non-empty blocks including 2 (608.0 B) local and 0 (0.0 B) host-local and 0 (0.0 B) push-merged-local and 0 (0.0 B) remote blocks
26/07/26 05:13:55 INFO ShuffleBlockFetcherIterator: Started 0 remote fetches in 0 ms
26/07/26 05:13:55 INFO Executor: Finished task 0.0 in stage 95.0 (TID 190). 4944 bytes result sent to driver
26/07/26 05:13:55 INFO TaskSetManager: Finished task 0.0 in stage 95.0 (TID 190) in 152 ms on ab93cff004a3 (executor driver) (2/2)
26/07/26 05:13:55 INFO TaskSchedulerImpl: Removed TaskSet 95.0 whose tasks have all completed, from pool
26/07/26 05:13:55 INFO DAGScheduler: ResultStage 95 (collect at DriverActivationSpec.scala:101) finished in 184 ms
26/07/26 05:13:55 INFO DAGScheduler: Job 47 is finished. Cancelling potential speculative or zombie tasks for this job
26/07/26 05:13:55 INFO TaskSchedulerImpl: Canceling stage 95
26/07/26 05:13:55 INFO TaskSchedulerImpl: Killing all running tasks in stage 95: Stage finished
26/07/26 05:13:55 INFO DAGScheduler: Job 47 finished: collect at DriverActivationSpec.scala:101, took 304.746026 ms
26/07/26 05:13:56 INFO HashAggregateExec: spark.sql.codegen.aggregate.map.twolevel.enabled is set to true, but current version of codegened fast hashmap does not support this aggregate.
26/07/26 05:13:56 ERROR HttpExporter: Failed to export spans. The request could not be executed. Full error message: Failed to connect to /127.0.0.1:1
java.net.ConnectException: Failed to connect to /127.0.0.1:1
	at okhttp3.internal.connection.RealConnection.connectSocket(RealConnection.kt:297)
	at okhttp3.internal.connection.RealConnection.connect(RealConnection.kt:207)
	at okhttp3.internal.connection.ExchangeFinder.findConnection(ExchangeFinder.kt:226)
	at okhttp3.internal.connection.ExchangeFinder.findHealthyConnection(ExchangeFinder.kt:106)
	at okhttp3.internal.connection.ExchangeFinder.find(ExchangeFinder.kt:74)
	at okhttp3.internal.connection.RealCall.initExchange$okhttp(RealCall.kt:255)
	at okhttp3.internal.connection.ConnectInterceptor.intercept(ConnectInterceptor.kt:32)
	at okhttp3.internal.http.RealInterceptorChain.proceed(RealInterceptorChain.kt:109)
	at okhttp3.internal.cache.CacheInterceptor.intercept(CacheInterceptor.kt:95)
	at okhttp3.internal.http.RealInterceptorChain.proceed(RealInterceptorChain.kt:109)
	at okhttp3.internal.http.BridgeInterceptor.intercept(BridgeInterceptor.kt:83)
	at okhttp3.internal.http.RealInterceptorChain.proceed(RealInterceptorChain.kt:109)
	at okhttp3.internal.http.RetryAndFollowUpInterceptor.intercept(RetryAndFollowUpInterceptor.kt:76)
	at okhttp3.internal.http.RealInterceptorChain.proceed(RealInterceptorChain.kt:109)
	at io.opentelemetry.exporter.sender.okhttp.internal.RetryInterceptor.intercept(RetryInterceptor.java:91)
	at okhttp3.internal.http.RealInterceptorChain.proceed(RealInterceptorChain.kt:109)
	at okhttp3.internal.connection.RealCall.getResponseWithInterceptorChain$okhttp(RealCall.kt:201)
	at okhttp3.internal.connection.RealCall$AsyncCall.run(RealCall.kt:517)
	at java.base/java.util.concurrent.ThreadPoolExecutor.runWorker(ThreadPoolExecutor.java:1136)
	at java.base/java.util.concurrent.ThreadPoolExecutor$Worker.run(ThreadPoolExecutor.java:635)
	at java.base/java.lang.Thread.run(Thread.java:840)
Caused by: java.net.ConnectException: Connection refused
	at java.base/sun.nio.ch.Net.pollConnect(Native Method)
	at java.base/sun.nio.ch.Net.pollConnectNow(Net.java:672)
	at java.base/sun.nio.ch.NioSocketImpl.timedFinishConnect(NioSocketImpl.java:547)
	at java.base/sun.nio.ch.NioSocketImpl.connect(NioSocketImpl.java:602)
	at java.base/java.net.SocksSocketImpl.connect(SocksSocketImpl.java:327)
	at java.base/java.net.Socket.connect(Socket.java:633)
	at okhttp3.internal.platform.Platform.connectSocket(Platform.kt:128)
	at okhttp3.internal.connection.RealConnection.connectSocket(RealConnection.kt:295)
	... 20 more
26/07/26 05:13:57 INFO SparkContext: Starting job: collect at DriverActivationSpec.scala:101
26/07/26 05:13:57 INFO DAGScheduler: Registering RDD 339 (collect at DriverActivationSpec.scala:101) as input to shuffle 48
26/07/26 05:13:57 INFO DAGScheduler: Got job 48 (collect at DriverActivationSpec.scala:101) with 2 output partitions
26/07/26 05:13:57 INFO DAGScheduler: Final stage: ResultStage 97 (collect at DriverActivationSpec.scala:101)
26/07/26 05:13:57 INFO DAGScheduler: Parents of final stage: List(ShuffleMapStage 96)
26/07/26 05:13:57 INFO DAGScheduler: Missing parents: List(ShuffleMapStage 96)
26/07/26 05:13:57 INFO DAGScheduler: Missing parents found for ResultStage 97: List(ShuffleMapStage 96)
26/07/26 05:13:57 INFO DAGScheduler: Missing parents found for ShuffleMapStage 96: List()
26/07/26 05:13:57 INFO DAGScheduler: Submitting ShuffleMapStage 96 (MapPartitionsRDD[339] at collect at DriverActivationSpec.scala:101), which has no missing parents
26/07/26 05:13:57 INFO MemoryStore: Block broadcast_96 stored as values in memory (estimated size 31.6 KiB, free 1002.5 MiB)
26/07/26 05:13:57 INFO MemoryStore: Block broadcast_96_piece0 stored as bytes in memory (estimated size 13.9 KiB, free 1002.5 MiB)
26/07/26 05:13:57 INFO SparkContext: Created broadcast 96 from broadcast at DAGScheduler.scala:1686
26/07/26 05:13:57 INFO DAGScheduler: Submitting 2 missing tasks from ShuffleMapStage 96 (MapPartitionsRDD[339] at collect at DriverActivationSpec.scala:101) (first 15 tasks are for partitions Vector(0, 1))
26/07/26 05:13:57 INFO TaskSchedulerImpl: Adding task set 96.0 with 2 tasks resource profile 0
26/07/26 05:13:57 INFO TaskSetManager: Starting task 0.0 in stage 96.0 (TID 192) (ab93cff004a3,executor driver, partition 0, PROCESS_LOCAL, 9971 bytes)
26/07/26 05:13:57 INFO TaskSetManager: Starting task 1.0 in stage 96.0 (TID 193) (ab93cff004a3,executor driver, partition 1, PROCESS_LOCAL, 9971 bytes)
26/07/26 05:13:57 INFO Executor: Running task 0.0 in stage 96.0 (TID 192)
26/07/26 05:13:57 INFO Executor: Running task 1.0 in stage 96.0 (TID 193)
26/07/26 05:13:57 INFO Executor: Finished task 1.0 in stage 96.0 (TID 193). 2294 bytes result sent to driver
26/07/26 05:13:57 INFO Executor: Finished task 0.0 in stage 96.0 (TID 192). 2337 bytes result sent to driver
26/07/26 05:13:57 INFO TaskSetManager: Finished task 0.0 in stage 96.0 (TID 192) in 264 ms on ab93cff004a3 (executor driver) (1/2)
26/07/26 05:13:57 INFO TaskSetManager: Finished task 1.0 in stage 96.0 (TID 193) in 264 ms on ab93cff004a3 (executor driver) (2/2)
26/07/26 05:13:57 INFO TaskSchedulerImpl: Removed TaskSet 96.0 whose tasks have all completed, from pool
26/07/26 05:13:57 INFO DAGScheduler: ShuffleMapStage 96 (collect at DriverActivationSpec.scala:101) finished in 404 ms
26/07/26 05:13:57 INFO DAGScheduler: looking for newly runnable stages
26/07/26 05:13:57 INFO DAGScheduler: running: HashSet()
26/07/26 05:13:57 INFO DAGScheduler: waiting: HashSet(ResultStage 97)
26/07/26 05:13:57 INFO DAGScheduler: failed: HashSet()
26/07/26 05:13:57 INFO DAGScheduler: Missing parents found for ResultStage 97: List()
26/07/26 05:13:57 INFO DAGScheduler: Submitting ResultStage 97 (MapPartitionsRDD[342] at collect at DriverActivationSpec.scala:101), which has no missing parents
26/07/26 05:13:57 INFO MemoryStore: Block broadcast_97 stored as values in memory (estimated size 29.2 KiB, free 1002.4 MiB)
26/07/26 05:13:57 INFO MemoryStore: Block broadcast_97_piece0 stored as bytes in memory (estimated size 13.0 KiB, free 1002.4 MiB)
26/07/26 05:13:57 INFO SparkContext: Created broadcast 97 from broadcast at DAGScheduler.scala:1686
26/07/26 05:13:57 INFO DAGScheduler: Submitting 2 missing tasks from ResultStage 97 (MapPartitionsRDD[342] at collect at DriverActivationSpec.scala:101) (first 15 tasks are for partitions Vector(0, 1))
26/07/26 05:13:57 INFO TaskSchedulerImpl: Adding task set 97.0 with 2 tasks resource profile 0
26/07/26 05:13:57 INFO TaskSetManager: Starting task 0.0 in stage 97.0 (TID 194) (ab93cff004a3,executor driver, partition 0, NODE_LOCAL, 9847 bytes)
26/07/26 05:13:57 INFO TaskSetManager: Starting task 1.0 in stage 97.0 (TID 195) (ab93cff004a3,executor driver, partition 1, NODE_LOCAL, 9847 bytes)
26/07/26 05:13:57 INFO Executor: Running task 1.0 in stage 97.0 (TID 195)
26/07/26 05:13:58 INFO ShuffleBlockFetcherIterator: Getting 2 (456.0 B) non-empty blocks including 2 (456.0 B) local and 0 (0.0 B) host-local and 0 (0.0 B) push-merged-local and 0 (0.0 B) remote blocks
26/07/26 05:13:58 INFO ShuffleBlockFetcherIterator: Started 0 remote fetches in 0 ms
26/07/26 05:13:58 INFO Executor: Running task 0.0 in stage 97.0 (TID 194)
26/07/26 05:13:58 INFO ShuffleBlockFetcherIterator: Getting 2 (608.0 B) non-empty blocks including 2 (608.0 B) local and 0 (0.0 B) host-local and 0 (0.0 B) push-merged-local and 0 (0.0 B) remote blocks
26/07/26 05:13:58 INFO ShuffleBlockFetcherIterator: Started 0 remote fetches in 1 ms
26/07/26 05:13:58 INFO Executor: Finished task 0.0 in stage 97.0 (TID 194). 4987 bytes result sent to driver
26/07/26 05:13:58 INFO TaskSetManager: Finished task 0.0 in stage 97.0 (TID 194) in 192 ms on ab93cff004a3 (executor driver) (1/2)
26/07/26 05:13:58 INFO Executor: Finished task 1.0 in stage 97.0 (TID 195). 4849 bytes result sent to driver
26/07/26 05:13:58 INFO TaskSetManager: Finished task 1.0 in stage 97.0 (TID 195) in 251 ms on ab93cff004a3 (executor driver) (2/2)
26/07/26 05:13:58 INFO TaskSchedulerImpl: Removed TaskSet 97.0 whose tasks have all completed, from pool
26/07/26 05:13:58 INFO DAGScheduler: ResultStage 97 (collect at DriverActivationSpec.scala:101) finished in 363 ms
26/07/26 05:13:58 INFO DAGScheduler: Job 48 is finished. Cancelling potential speculative or zombie tasks for this job
26/07/26 05:13:58 INFO TaskSchedulerImpl: Canceling stage 97
26/07/26 05:13:58 INFO TaskSchedulerImpl: Killing all running tasks in stage 97: Stage finished
26/07/26 05:13:58 INFO DAGScheduler: Job 48 finished: collect at DriverActivationSpec.scala:101, took 914.340056 ms
26/07/26 05:13:58 INFO HashAggregateExec: spark.sql.codegen.aggregate.map.twolevel.enabled is set to true, but current version of codegened fast hashmap does not support this aggregate.
26/07/26 05:13:59 INFO SparkContext: Starting job: collect at DriverActivationSpec.scala:101
26/07/26 05:13:59 INFO DAGScheduler: Registering RDD 346 (collect at DriverActivationSpec.scala:101) as input to shuffle 49
26/07/26 05:13:59 INFO DAGScheduler: Got job 49 (collect at DriverActivationSpec.scala:101) with 2 output partitions
26/07/26 05:13:59 INFO DAGScheduler: Final stage: ResultStage 99 (collect at DriverActivationSpec.scala:101)
26/07/26 05:13:59 INFO DAGScheduler: Parents of final stage: List(ShuffleMapStage 98)
26/07/26 05:13:59 INFO DAGScheduler: Missing parents: List(ShuffleMapStage 98)
26/07/26 05:13:59 INFO DAGScheduler: Missing parents found for ResultStage 99: List(ShuffleMapStage 98)
26/07/26 05:13:59 INFO DAGScheduler: Missing parents found for ShuffleMapStage 98: List()
26/07/26 05:13:59 INFO DAGScheduler: Submitting ShuffleMapStage 98 (MapPartitionsRDD[346] at collect at DriverActivationSpec.scala:101), which has no missing parents
26/07/26 05:13:59 INFO MemoryStore: Block broadcast_98 stored as values in memory (estimated size 31.6 KiB, free 1002.4 MiB)
26/07/26 05:13:59 INFO MemoryStore: Block broadcast_98_piece0 stored as bytes in memory (estimated size 13.9 KiB, free 1002.4 MiB)
26/07/26 05:13:59 INFO SparkContext: Created broadcast 98 from broadcast at DAGScheduler.scala:1686
26/07/26 05:13:59 INFO DAGScheduler: Submitting 2 missing tasks from ShuffleMapStage 98 (MapPartitionsRDD[346] at collect at DriverActivationSpec.scala:101) (first 15 tasks are for partitions Vector(0, 1))
26/07/26 05:13:59 INFO TaskSchedulerImpl: Adding task set 98.0 with 2 tasks resource profile 0
26/07/26 05:13:59 INFO TaskSetManager: Starting task 0.0 in stage 98.0 (TID 196) (ab93cff004a3,executor driver, partition 0, PROCESS_LOCAL, 9971 bytes)
26/07/26 05:13:59 INFO TaskSetManager: Starting task 1.0 in stage 98.0 (TID 197) (ab93cff004a3,executor driver, partition 1, PROCESS_LOCAL, 9971 bytes)
26/07/26 05:13:59 INFO Executor: Running task 1.0 in stage 98.0 (TID 197)
26/07/26 05:13:59 INFO Executor: Running task 0.0 in stage 98.0 (TID 196)
26/07/26 05:13:59 INFO Executor: Finished task 1.0 in stage 98.0 (TID 197). 2380 bytes result sent to driver
26/07/26 05:13:59 INFO TaskSetManager: Finished task 1.0 in stage 98.0 (TID 197) in 283 ms on ab93cff004a3 (executor driver) (1/2)
26/07/26 05:13:59 INFO Executor: Finished task 0.0 in stage 98.0 (TID 196). 2337 bytes result sent to driver
26/07/26 05:13:59 INFO TaskSetManager: Finished task 0.0 in stage 98.0 (TID 196) in 345 ms on ab93cff004a3 (executor driver) (2/2)
26/07/26 05:13:59 INFO TaskSchedulerImpl: Removed TaskSet 98.0 whose tasks have all completed, from pool
26/07/26 05:13:59 INFO DAGScheduler: ShuffleMapStage 98 (collect at DriverActivationSpec.scala:101) finished in 427 ms
26/07/26 05:13:59 INFO DAGScheduler: looking for newly runnable stages
26/07/26 05:13:59 INFO DAGScheduler: running: HashSet()
26/07/26 05:13:59 INFO DAGScheduler: waiting: HashSet(ResultStage 99)
26/07/26 05:13:59 INFO DAGScheduler: failed: HashSet()
26/07/26 05:13:59 INFO DAGScheduler: Missing parents found for ResultStage 99: List()
26/07/26 05:13:59 INFO DAGScheduler: Submitting ResultStage 99 (MapPartitionsRDD[349] at collect at DriverActivationSpec.scala:101), which has no missing parents
26/07/26 05:13:59 INFO MemoryStore: Block broadcast_99 stored as values in memory (estimated size 29.2 KiB, free 1002.7 MiB)
26/07/26 05:13:59 INFO MemoryStore: Block broadcast_99_piece0 stored as bytes in memory (estimated size 13.0 KiB, free 1002.8 MiB)
26/07/26 05:13:59 INFO SparkContext: Created broadcast 99 from broadcast at DAGScheduler.scala:1686
26/07/26 05:13:59 INFO DAGScheduler: Submitting 2 missing tasks from ResultStage 99 (MapPartitionsRDD[349] at collect at DriverActivationSpec.scala:101) (first 15 tasks are for partitions Vector(0, 1))
26/07/26 05:13:59 INFO TaskSchedulerImpl: Adding task set 99.0 with 2 tasks resource profile 0
26/07/26 05:13:59 INFO TaskSetManager: Starting task 0.0 in stage 99.0 (TID 198) (ab93cff004a3,executor driver, partition 0, NODE_LOCAL, 9847 bytes)
26/07/26 05:13:59 INFO TaskSetManager: Starting task 1.0 in stage 99.0 (TID 199) (ab93cff004a3,executor driver, partition 1, NODE_LOCAL, 9847 bytes)
26/07/26 05:13:59 INFO Executor: Running task 0.0 in stage 99.0 (TID 198)
26/07/26 05:13:59 INFO Executor: Running task 1.0 in stage 99.0 (TID 199)
26/07/26 05:13:59 INFO ShuffleBlockFetcherIterator: Getting 2 (456.0 B) non-empty blocks including 2 (456.0 B) local and 0 (0.0 B) host-local and 0 (0.0 B) push-merged-local and 0 (0.0 B) remote blocks
26/07/26 05:13:59 INFO ShuffleBlockFetcherIterator: Started 0 remote fetches in 1 ms
26/07/26 05:13:59 INFO ShuffleBlockFetcherIterator: Getting 2 (608.0 B) non-empty blocks including 2 (608.0 B) local and 0 (0.0 B) host-local and 0 (0.0 B) push-merged-local and 0 (0.0 B) remote blocks
26/07/26 05:13:59 INFO ShuffleBlockFetcherIterator: Started 0 remote fetches in 2 ms
26/07/26 05:13:59 INFO Executor: Finished task 0.0 in stage 99.0 (TID 198). 4987 bytes result sent to driver
26/07/26 05:13:59 INFO Executor: Finished task 1.0 in stage 99.0 (TID 199). 4892 bytes result sent to driver
26/07/26 05:13:59 INFO TaskSetManager: Finished task 1.0 in stage 99.0 (TID 199) in 202 ms on ab93cff004a3 (executor driver) (1/2)
26/07/26 05:13:59 INFO TaskSetManager: Finished task 0.0 in stage 99.0 (TID 198) in 218 ms on ab93cff004a3 (executor driver) (2/2)
26/07/26 05:13:59 INFO TaskSchedulerImpl: Removed TaskSet 99.0 whose tasks have all completed, from pool
26/07/26 05:13:59 INFO DAGScheduler: ResultStage 99 (collect at DriverActivationSpec.scala:101) finished in 349 ms
26/07/26 05:13:59 INFO DAGScheduler: Job 49 is finished. Cancelling potential speculative or zombie tasks for this job
26/07/26 05:13:59 INFO TaskSchedulerImpl: Canceling stage 99
26/07/26 05:13:59 INFO TaskSchedulerImpl: Killing all running tasks in stage 99: Stage finished
26/07/26 05:13:59 INFO DAGScheduler: Job 49 finished: collect at DriverActivationSpec.scala:101, took 782.770898 ms
26/07/26 05:13:59 INFO SparkContext: SparkContext is stopping with exitCode 0 from stop at DriverActivationSpec.scala:106.
26/07/26 05:14:03 ERROR HttpExporter: Failed to export spans. The request could not be executed. Full error message: timeout
java.io.InterruptedIOException: timeout
	at okhttp3.internal.connection.RealCall.timeoutExit(RealCall.kt:398)
	at okhttp3.internal.connection.RealCall.callDone(RealCall.kt:360)
	at okhttp3.internal.connection.RealCall.noMoreExchanges$okhttp(RealCall.kt:325)
	at okhttp3.internal.connection.RealCall.getResponseWithInterceptorChain$okhttp(RealCall.kt:209)
	at okhttp3.internal.connection.RealCall$AsyncCall.run(RealCall.kt:517)
	at java.base/java.util.concurrent.ThreadPoolExecutor.runWorker(ThreadPoolExecutor.java:1136)
	at java.base/java.util.concurrent.ThreadPoolExecutor$Worker.run(ThreadPoolExecutor.java:635)
	at java.base/java.lang.Thread.run(Thread.java:840)
Caused by: java.io.IOException: Canceled
	at okhttp3.internal.http.RetryAndFollowUpInterceptor.intercept(RetryAndFollowUpInterceptor.kt:72)
	at okhttp3.internal.http.RealInterceptorChain.proceed(RealInterceptorChain.kt:109)
	at io.opentelemetry.exporter.sender.okhttp.internal.RetryInterceptor.intercept(RetryInterceptor.java:91)
	at okhttp3.internal.http.RealInterceptorChain.proceed(RealInterceptorChain.kt:109)
	at okhttp3.internal.connection.RealCall.getResponseWithInterceptorChain$okhttp(RealCall.kt:201)
	... 4 more
26/07/26 05:14:05 ERROR HttpExporter: Failed to export spans. The request could not be executed. Full error message: Failed to connect to /127.0.0.1:1
java.net.ConnectException: Failed to connect to /127.0.0.1:1
	at okhttp3.internal.connection.RealConnection.connectSocket(RealConnection.kt:297)
	at okhttp3.internal.connection.RealConnection.connect(RealConnection.kt:207)
	at okhttp3.internal.connection.ExchangeFinder.findConnection(ExchangeFinder.kt:226)
	at okhttp3.internal.connection.ExchangeFinder.findHealthyConnection(ExchangeFinder.kt:106)
	at okhttp3.internal.connection.ExchangeFinder.find(ExchangeFinder.kt:74)
	at okhttp3.internal.connection.RealCall.initExchange$okhttp(RealCall.kt:255)
	at okhttp3.internal.connection.ConnectInterceptor.intercept(ConnectInterceptor.kt:32)
	at okhttp3.internal.http.RealInterceptorChain.proceed(RealInterceptorChain.kt:109)
	at okhttp3.internal.cache.CacheInterceptor.intercept(CacheInterceptor.kt:95)
	at okhttp3.internal.http.RealInterceptorChain.proceed(RealInterceptorChain.kt:109)
	at okhttp3.internal.http.BridgeInterceptor.intercept(BridgeInterceptor.kt:83)
	at okhttp3.internal.http.RealInterceptorChain.proceed(RealInterceptorChain.kt:109)
	at okhttp3.internal.http.RetryAndFollowUpInterceptor.intercept(RetryAndFollowUpInterceptor.kt:76)
	at okhttp3.internal.http.RealInterceptorChain.proceed(RealInterceptorChain.kt:109)
	at io.opentelemetry.exporter.sender.okhttp.internal.RetryInterceptor.intercept(RetryInterceptor.java:91)
	at okhttp3.internal.http.RealInterceptorChain.proceed(RealInterceptorChain.kt:109)
	at okhttp3.internal.connection.RealCall.getResponseWithInterceptorChain$okhttp(RealCall.kt:201)
	at okhttp3.internal.connection.RealCall$AsyncCall.run(RealCall.kt:517)
	at java.base/java.util.concurrent.ThreadPoolExecutor.runWorker(ThreadPoolExecutor.java:1136)
	at java.base/java.util.concurrent.ThreadPoolExecutor$Worker.run(ThreadPoolExecutor.java:635)
	at java.base/java.lang.Thread.run(Thread.java:840)
Caused by: java.net.ConnectException: Connection refused
	at java.base/sun.nio.ch.Net.pollConnect(Native Method)
	at java.base/sun.nio.ch.Net.pollConnectNow(Net.java:672)
	at java.base/sun.nio.ch.NioSocketImpl.timedFinishConnect(NioSocketImpl.java:547)
	at java.base/sun.nio.ch.NioSocketImpl.connect(NioSocketImpl.java:602)
	at java.base/java.net.SocksSocketImpl.connect(SocksSocketImpl.java:327)
	at java.base/java.net.Socket.connect(Socket.java:633)
	at okhttp3.internal.platform.Platform.connectSocket(Platform.kt:128)
	at okhttp3.internal.connection.RealConnection.connectSocket(RealConnection.kt:295)
	... 20 more
26/07/26 05:14:05 INFO MapOutputTrackerMasterEndpoint: MapOutputTrackerMasterEndpoint stopped!
26/07/26 05:14:05 INFO MemoryStore: MemoryStore cleared
26/07/26 05:14:05 INFO BlockManager: BlockManager stopped
26/07/26 05:14:05 INFO BlockManagerMaster: BlockManagerMaster stopped
26/07/26 05:14:05 INFO OutputCommitCoordinator$OutputCommitCoordinatorEndpoint: OutputCommitCoordinator stopped!
26/07/26 05:14:05 INFO SparkContext: Successfully stopped SparkContext (Uptime: 42866 ms)
[info] - T9: collector DOWN — ~100-stage job adds bounded overhead versus the same workload
[info]   + baseline=77892 ms, dead-collector instrumented=34887 ms
[info] Run completed in 5 minutes, 59 seconds.
[info] Total number of tests run: 8
[info] Suites: completed 4, aborted 0
[info] Tests: succeeded 8, failed 0, canceled 0, ignored 0, pending 0
[info] All tests passed.
[success] Total time: 383 s (06:23), completed Jul 26, 2026, 5:14:11 AM
